Fock matrix in NAO basis
172	172
A1*: R1*s(0)	A1*: R2*s(0)	A1*: R3*s(0)	A1: R4*s(0)	A1: R5*s(0)	A1*: R6*p(0)	A1*: R6*p(1)	A1*: R6*p(-1)	A1*: R7*p(0)	A1*: R7*p(1)	A1*: R7*p(-1)	A1: R8*p(0)	A1: R8*p(1)	A1: R8*p(-1)	A1*: R9*d(0)	A1*: R9*d(1)	A1*: R9*d(-1)	A1*: R9*d(2)	A1*: R9*d(-2)	A1*: R10*d(0)	A1*: R10*d(1)	A1*: R10*d(-1)	A1*: R10*d(2)	A1*: R10*d(-2)	A1*: R11*f(0)	A1*: R11*f(1)	A1*: R11*f(-1)	A1*: R11*f(2)	A1*: R11*f(-2)	A1*: R11*f(3)	A1*: R11*f(-3)	A2*: R12*s(0)	A2*: R13*s(0)	A2*: R14*s(0)	A2: R15*s(0)	A2: R16*s(0)	A2*: R17*p(0)	A2*: R17*p(1)	A2*: R17*p(-1)	A2*: R18*p(0)	A2*: R18*p(1)	A2*: R18*p(-1)	A2: R19*p(0)	A2: R19*p(1)	A2: R19*p(-1)	A2*: R20*d(0)	A2*: R20*d(1)	A2*: R20*d(-1)	A2*: R20*d(2)	A2*: R20*d(-2)	A2*: R21*d(0)	A2*: R21*d(1)	A2*: R21*d(-1)	A2*: R21*d(2)	A2*: R21*d(-2)	A2*: R22*f(0)	A2*: R22*f(1)	A2*: R22*f(-1)	A2*: R22*f(2)	A2*: R22*f(-2)	A2*: R22*f(3)	A2*: R22*f(-3)	A3*: R23*s(0)	A3*: R24*s(0)	A3*: R25*s(0)	A3: R26*s(0)	A3: R27*s(0)	A3*: R28*p(0)	A3*: R28*p(1)	A3*: R28*p(-1)	A3*: R29*p(0)	A3*: R29*p(1)	A3*: R29*p(-1)	A3: R30*p(0)	A3: R30*p(1)	A3: R30*p(-1)	A3*: R31*d(0)	A3*: R31*d(1)	A3*: R31*d(-1)	A3*: R31*d(2)	A3*: R31*d(-2)	A3*: R32*d(0)	A3*: R32*d(1)	A3*: R32*d(-1)	A3*: R32*d(2)	A3*: R32*d(-2)	A3*: R33*f(0)	A3*: R33*f(1)	A3*: R33*f(-1)	A3*: R33*f(2)	A3*: R33*f(-2)	A3*: R33*f(3)	A3*: R33*f(-3)	A4*: R34*s(0)	A4*: R35*s(0)	A4*: R36*s(0)	A4: R37*s(0)	A4: R38*s(0)	A4*: R39*p(0)	A4*: R39*p(1)	A4*: R39*p(-1)	A4*: R40*p(0)	A4*: R40*p(1)	A4*: R40*p(-1)	A4: R41*p(0)	A4: R41*p(1)	A4: R41*p(-1)	A4*: R42*d(0)	A4*: R42*d(1)	A4*: R42*d(-1)	A4*: R42*d(2)	A4*: R42*d(-2)	A4*: R43*d(0)	A4*: R43*d(1)	A4*: R43*d(-1)	A4*: R43*d(2)	A4*: R43*d(-2)	A4*: R44*f(0)	A4*: R44*f(1)	A4*: R44*f(-1)	A4*: R44*f(2)	A4*: R44*f(-2)	A4*: R44*f(3)	A4*: R44*f(-3)	A5*: R45*s(0)	A5*: R46*s(0)	A5: R47*s(0)	A5*: R48*p(0)	A5*: R48*p(1)	A5*: R48*p(-1)	A6*: R49*s(0)	A6*: R50*s(0)	A6: R51*s(0)	A6*: R52*p(0)	A6*: R52*p(1)	A6*: R52*p(-1)	A7*: R53*s(0)	A7*: R54*s(0)	A7: R55*s(0)	A7*: R56*p(0)	A7*: R56*p(1)	A7*: R56*p(-1)	A8*: R57*s(0)	A8*: R58*s(0)	A8: R59*s(0)	A8*: R60*p(0)	A8*: R60*p(1)	A8*: R60*p(-1)	A9*: R61*s(0)	A9*: R62*s(0)	A9: R63*s(0)	A9*: R64*p(0)	A9*: R64*p(1)	A9*: R64*p(-1)	A10*: R65*s(0)	A10*: R66*s(0)	A10: R67*s(0)	A10*: R68*p(0)	A10*: R68*p(1)	A10*: R68*p(-1)	A11*: R69*s(0)	A11*: R70*s(0)	A11: R71*s(0)	A11*: R72*p(0)	A11*: R72*p(1)	A11*: R72*p(-1)	A12*: R73*s(0)	A12*: R74*s(0)	A12: R75*s(0)	A12*: R76*p(0)	A12*: R76*p(1)	A12*: R76*p(-1)	

14.989474764	-7.584090745	-1.441731837	-0.405680292	-0.027430488	-0.000265076	0.662131985	0.000001056	0.000007357	-0.022377372	-0.000000177	0.000006733	-0.018014817	0.000000634	2.060826063	0.000000385	-0.000098772	0.209369941	0.000178279	-1.808741627	0.000000324	0.000054115	0.695505093	0.000548292	0.000004440	-0.000001855	0.000362533	0.000028356	0.000000104	-0.001164790	0.975244756	-0.017133474	-2.289838446	0.256097329	0.117441065	-0.011607766	0.851752826	-0.609769304	-0.000010517	0.015337071	-0.016588264	-0.000000140	0.125591572	-0.090647908	-0.000001470	-0.079746190	-0.000005984	-0.000001046	0.139013425	-0.286917832	0.702771520	0.000018669	-0.000017426	-0.448324037	0.774814546	0.000002655	-0.054597755	-0.192246752	-0.000010180	-0.000006564	-0.117239011	-0.243342492	-0.017217283	-2.289828808	0.255995471	0.117442863	-0.011607747	-0.851263898	-0.610446554	-0.000010658	-0.015308107	-0.016589880	-0.000000305	-0.125520293	-0.090748185	-0.000001633	-0.079736719	0.000007810	-0.000000905	0.138551644	0.287126339	0.702766118	-0.000016656	-0.000017973	-0.447081319	-0.775518896	-0.000001033	0.054750321	-0.192205037	-0.000011502	0.000002804	0.117817442	-0.243063029	0.447562210	-3.254979715	0.183351325	0.126540327	-0.013595347	-0.000339380	0.853250558	0.000024516	0.000077455	-0.194875209	-0.000006152	-0.000057423	0.146831389	0.000004048	0.063493157	-0.000000679	0.000021360	-1.100191642	-0.000882336	0.206689857	-0.000000712	0.000002178	-0.510567570	-0.000413246	-0.000041908	0.000252835	-0.636333526	-0.000057073	0.000000518	0.001086752	-0.903085835	0.003115287	0.002421879	0.000514721	0.233217820	-0.107934110	-0.064313927	0.003105567	0.002422378	0.000515141	0.233208833	-0.107930899	0.064305027	0.178547881	0.031422213	-0.011590298	0.388344436	-0.112687573	-0.000010063	0.003108910	0.002423801	0.000514823	-0.233122015	-0.108116284	0.064302715	0.003116797	0.002424187	0.000514367	-0.233130296	-0.108119079	-0.064311741	0.178554791	0.031398203	-0.011591752	-0.388257350	-0.112992904	-0.000008018	0.124353077	0.043388632	0.007742989	-0.034030481	0.572039154	0.000015263	0.124352875	0.043391283	0.007740809	0.033577772	0.572062190	0.000015873		A1*: R1*s(0)
-7.584090745	5.326354758	1.277399259	0.228029389	0.016212352	0.000175285	-0.449755838	-0.000003267	0.000017119	-0.039892020	-0.000001477	-0.000000195	0.000728487	-0.000000589	-0.824350866	0.000000063	0.000034593	-0.097150265	-0.000081242	1.198601163	0.000000121	-0.000037848	-0.449408329	-0.000356351	-0.000000381	-0.000016514	0.046909185	-0.000022061	0.000000031	0.000903685	-0.756274275	-1.050980719	1.145203088	-0.055196887	-0.046639005	0.015360465	-0.344760466	0.355666187	-0.000000878	-0.041832233	0.023859529	0.000001570	-0.056788914	0.047706197	0.000000639	0.112895873	0.000009649	-0.000000845	-0.178597873	0.383442957	-0.452164140	-0.000014358	0.000010875	0.252982665	-0.393141938	-0.000004511	0.200996567	0.007025498	0.000001235	-0.000002750	0.058765580	0.122523180	-1.050993311	1.145225274	-0.055150467	-0.046639302	0.015360348	0.344481562	0.355942604	0.000001381	0.041804650	0.023886668	0.000001375	0.056751042	0.047751468	0.000000704	0.112892766	-0.000009452	-0.000000070	-0.177984336	-0.383720082	-0.452160983	0.000012403	0.000011718	0.252352551	0.393540472	-0.000002734	-0.201003105	0.006865340	0.000000973	0.000004770	-0.059058334	0.122383543	0.542554497	1.824530671	-0.058887128	-0.078205944	0.022216280	0.000050868	-0.127687787	-0.000005052	0.000002501	-0.007736696	0.000000442	0.000026547	-0.067591111	-0.000001986	-0.040477546	0.000000153	-0.000022585	0.861839744	0.000690357	-0.067828644	0.000000354	-0.000006895	0.408024790	0.000328473	0.000039525	-0.000234418	0.587787580	0.000047276	-0.000000115	-0.000792819	0.659509677	0.003095485	-0.039148701	-0.007962686	-0.190828064	0.032806608	0.001268365	0.003093016	-0.039145761	-0.007963132	-0.190832199	0.032815854	-0.001255061	-0.017311138	-0.119704419	-0.000008340	-0.256239680	0.001303698	0.000008124	0.003089817	-0.039148290	-0.007963120	0.190805205	0.032966743	-0.001255460	0.003092907	-0.039150944	-0.007962938	0.190801926	0.032960410	0.001266029	-0.017330895	-0.119703692	-0.000008460	0.256239306	0.001504393	0.000005734	-0.023739930	-0.110223335	0.003707900	0.018355859	-0.306571777	-0.000008370	-0.023734893	-0.110225009	0.003708875	-0.018113268	-0.306583461	-0.000009194		A1*: R2*s(0)
-1.441731837	1.277399259	1.542085827	0.171344840	0.010820345	0.000050912	-0.128225292	0.000002120	-0.000003307	0.009634987	0.000000024	-0.000009558	0.024215092	0.000000048	-0.669421410	-0.000000154	0.000031820	-0.060665687	-0.000050787	0.641432891	0.000000005	-0.000025049	-0.072614466	-0.000056157	-0.000003598	0.000012284	-0.028958122	-0.000009892	-0.000000030	0.000342925	-0.287124242	0.214952869	0.439643220	-0.194965064	-0.052226149	0.050151659	-0.193967304	0.098731896	0.000003706	-0.012020507	0.060440805	-0.000001074	-0.053546846	0.024517982	0.000001298	0.053823319	0.000001021	-0.000001040	-0.032488524	0.067186305	-0.106652771	-0.000004842	0.000002158	0.088163119	-0.155795452	-0.000003749	0.093684217	0.045302871	0.000004099	0.000000096	0.049222250	0.150831799	0.214963006	0.439642074	-0.194943335	-0.052226330	0.050151749	0.193887836	0.098887043	0.000003000	0.011968338	0.060448788	-0.000000206	0.053526850	0.024560917	0.000000942	0.053822144	-0.000001727	-0.000001118	-0.032380754	-0.067235666	-0.106651189	0.000004046	0.000002371	0.087912731	0.155933188	-0.000001981	-0.093720505	0.045227649	0.000004426	0.000001258	-0.049581851	0.150715314	-0.303569467	0.454524486	-0.194463631	-0.023122537	0.078390784	0.000067911	-0.170741141	-0.000004439	0.000001402	-0.001477698	-0.000000164	0.000031799	-0.078047987	-0.000002135	-0.013501396	0.000000200	-0.000003032	0.200266016	0.000160211	-0.014938219	0.000000227	-0.000002942	0.142659453	0.000114705	0.000013493	-0.000084385	0.213451267	0.000018062	-0.000000155	-0.000322668	0.268296413	0.024830337	-0.051502887	0.013995501	-0.056338083	0.028925405	-0.003555075	0.024833093	-0.051507864	0.013996378	-0.056333869	0.028924848	0.003556504	0.023078667	-0.005123315	0.000064413	-0.087011013	0.049533961	0.000002573	0.024831564	-0.051507414	0.013996422	0.056311395	0.028970068	0.003557650	0.024830358	-0.051504076	0.013995751	0.056314705	0.028970655	-0.003555844	0.023079060	-0.005126420	0.000064012	0.086971588	0.049602102	0.000002322	-0.021937065	-0.075486549	0.003990865	-0.000983920	-0.151371469	-0.000003975	-0.021933945	-0.075486078	0.003990139	0.001103668	-0.151369163	-0.000004132		A1*: R3*s(0)
-0.405680292	0.228029389	0.171344840	-0.204622410	0.809110390	0.000018525	-0.045766306	-0.000000085	0.000001211	-0.001825305	-0.000000364	0.000010603	-0.025907852	-0.000001102	-0.103805762	0.000000023	0.000004280	-0.001527478	-0.000001863	0.072570415	-0.000000027	-0.000001140	-0.059538825	-0.000047057	-0.000000492	-0.000000531	0.001924093	-0.000003460	0.000000030	0.000137750	-0.115148867	0.071270451	0.091603062	-0.031402269	-0.245650542	-0.191193989	-0.035229372	0.027985888	0.000000358	-0.051330723	0.029083129	0.000000655	-0.259577738	0.169625217	0.000003210	-0.005303781	0.000000096	0.000000191	0.000852439	0.001657252	-0.011606496	0.000000045	0.000000574	0.002357312	0.006600074	-0.000000505	0.013069961	0.003477552	0.000000546	-0.000000106	0.006031230	0.021690552	0.071271544	0.091601541	-0.031398013	-0.245650673	-0.191194124	0.035207710	0.028014589	0.000000502	0.051307149	0.029123558	0.000000656	0.259443081	0.169831522	0.000003226	-0.005304125	-0.000000241	0.000000136	0.000855371	-0.001654771	-0.011605781	-0.000000100	0.000000408	0.002367147	-0.006597006	-0.000000239	-0.013073020	0.003467133	0.000000594	0.000000293	-0.006082803	0.021676970	0.140435133	0.131402836	-0.042499113	-0.355823012	-0.310976063	0.000015554	-0.038750481	-0.000001084	0.000035883	-0.090219085	-0.000002217	0.000162303	-0.404501721	-0.000011270	-0.024547223	0.000000061	0.000000659	0.020687212	0.000016519	0.020455708	0.000000058	-0.000003892	0.109108590	0.000087485	0.000002661	-0.000016380	0.041669415	0.000003847	0.000000072	-0.000074638	0.061985082	0.000818495	0.006070641	-0.019408284	-0.005452943	-0.002472591	-0.002553401	0.000818022	0.006071110	-0.019408263	-0.005453528	-0.002472041	0.002554592	-0.000352062	0.004923619	-0.010588549	-0.004237777	0.003038766	-0.000000147	0.000818348	0.006070616	-0.019408782	0.005455292	-0.002467330	0.002553953	0.000818311	0.006070546	-0.019408572	0.005454801	-0.002467687	-0.002553567	-0.000351663	0.004923755	-0.010588212	0.004235509	0.003041968	0.000000068	0.003604153	-0.001320673	-0.052020830	0.005168926	-0.009843490	-0.000000418	0.003604062	-0.001320358	-0.052020297	-0.005161719	-0.009847927	-0.000000517		A1: R4*s(0)
-0.027430488	0.016212352	0.010820345	0.809110390	-10.129320821	0.000003635	-0.008941307	-0.000000013	0.000001765	-0.004374040	-0.000000221	-0.000013410	0.032852999	0.000001412	-0.018228079	0.000000003	0.000000829	-0.000972795	-0.000000956	0.009520354	-0.000000007	-0.000000244	-0.004861042	-0.000003842	-0.000000013	-0.000000065	0.000299163	-0.000000186	0.000000011	0.000008318	-0.006974599	0.008261511	0.018675844	-0.033465958	0.200355377	-0.041891344	-0.037299903	0.024415676	0.000000467	-0.061766547	0.039398405	0.000000808	0.325824580	-0.207873227	-0.000004342	-0.000012790	0.000000027	-0.000000006	-0.000255562	0.000357368	0.001032470	0.000000037	0.000000033	-0.001694170	0.002701875	-0.000000218	0.005888733	-0.001908868	0.000000170	-0.000000142	0.001488306	0.009800804	0.008262065	0.018677203	-0.033465044	0.200355383	-0.041891343	0.037281625	0.024446145	0.000000489	0.061734407	0.039447092	0.000000799	-0.325659224	-0.208132486	-0.000004284	-0.000012831	-0.000000060	-0.000000017	-0.000254985	-0.000357596	0.001032522	-0.000000054	0.000000005	-0.001689955	-0.002704632	-0.000000166	-0.005887200	-0.001913605	0.000000168	0.000000173	-0.001511636	0.009797310	0.003087290	0.022085650	-0.048306926	0.304657096	-0.057767893	0.000022146	-0.055392329	-0.000001500	0.000037546	-0.093749946	-0.000002586	-0.000215350	0.537517731	0.000014805	-0.004817701	0.000000006	0.000000213	0.002871586	0.000002302	0.002491466	0.000000010	-0.000000444	0.013175121	0.000010648	0.000000543	-0.000003359	0.008533434	0.000000727	0.000000013	-0.000012833	0.010633314	0.001892449	0.002036965	0.000088666	-0.002735543	0.000939940	-0.000547861	0.001892503	0.002037010	0.000088487	-0.002735450	0.000939891	0.000548092	0.001675427	0.002109493	-0.001454611	-0.002973772	0.002310813	0.000000007	0.001892541	0.002036967	0.000088713	0.002734664	0.000942148	0.000548018	0.001892438	0.002036986	0.000088783	0.002734716	0.000942170	-0.000547926	0.001675683	0.002109270	-0.001454882	0.002971991	0.002313106	0.000000044	0.002312911	-0.000270924	0.019183963	-0.000166379	-0.005823070	-0.000000183	0.002312968	-0.000270834	0.019183704	0.000170886	-0.005822994	-0.000000207		A1: R5*s(0)
-0.000265076	0.000175285	0.000050912	0.000018525	0.000003635	2.093271263	-0.000255276	0.000000030	-0.462898293	-0.000018363	-0.000000107	-0.064694123	-0.000002609	-0.000000139	-0.000018118	-0.000007021	-0.000000303	0.000460825	-0.287722643	-0.000018033	0.000005902	-0.000000250	-0.000652657	0.386778058	-0.000000363	-0.353628805	0.000134720	-0.000000251	0.000016636	-0.169780791	-0.000135866	-0.985098012	-0.022128225	0.098528176	0.002148835	0.025322164	-0.208065285	0.012493215	0.000001591	0.100457377	0.006498832	-0.000000620	-0.015795792	0.015976811	0.000000205	0.111473080	0.000002910	-0.000002552	-0.056212669	0.186551362	-0.113275531	-0.000005407	0.000000918	0.039734418	-0.171756226	0.000002993	-0.056614523	-0.105323595	-0.000000435	-0.000002425	-0.082507613	-0.029424605	0.984930116	0.022218404	-0.098502083	-0.002150933	-0.025309531	-0.207998015	-0.012419546	-0.000001100	0.100489099	-0.006550124	0.000000505	-0.015774412	-0.015974912	-0.000000504	-0.111341145	0.000002286	0.000002569	0.055867874	0.186539969	0.113249020	-0.000004806	-0.000002005	-0.039345376	-0.171655371	-0.000000210	-0.056672591	0.105242504	0.000001543	-0.000000833	-0.082622124	0.029164092	0.000970717	0.000251599	-0.000094842	-0.000020691	-0.000014648	-0.187130575	0.000110065	0.000000057	0.173496154	-0.000034742	0.000000071	0.006053307	0.000016788	-0.000000311	-0.000114283	0.000006230	-0.000000187	-0.000219958	0.157664117	-0.000027029	-0.000002672	0.000000026	0.000167847	-0.108033829	-0.000000020	-0.015570968	0.000023699	0.000000251	-0.000005848	0.213297164	0.000131497	-0.136751979	-0.068048915	0.001150678	-0.089920043	0.039730297	-0.047851940	-0.136755914	-0.068051940	0.001150576	-0.089923497	0.039736358	0.047853547	-0.130774868	-0.076714954	0.000281422	-0.113050194	0.075234129	0.000000228	0.136696793	0.068035760	-0.001153323	-0.089828022	-0.039746772	-0.047852450	0.136692345	0.068035477	-0.001153673	-0.089826220	-0.039743725	0.047850175	0.130733049	0.076671884	-0.000274958	-0.113007340	-0.075259138	-0.000000382	-0.086184540	0.017373147	0.008900512	-0.060316467	0.091434648	0.000001587	0.086416299	-0.017312931	-0.008894063	-0.060267552	-0.091493417	-0.000001798		A1*: R6*p(0)
0.662131985	-0.449755838	-0.128225292	-0.045766306	-0.008941307	-0.000255276	2.739421622	0.000031114	-0.000018196	-0.415092468	0.000002391	-0.000003179	-0.055977144	-0.000001135	0.046931142	-0.000000272	0.000017505	-0.587178466	-0.000585483	0.040084721	-0.000000264	-0.000026384	0.868184017	0.000848828	-0.000033720	0.000135673	-0.694147985	-0.000034083	0.000000294	0.000130914	-0.163335033	0.299204101	-0.128568752	-0.025641061	0.000462692	-0.016078909	0.071980006	-0.305447847	-0.000010799	0.026727941	0.167211595	0.000002565	0.013112091	-0.018379365	-0.000000222	-0.165266375	-0.000001569	0.000004595	0.063407050	-0.127764726	0.034082809	0.000005651	0.000000670	-0.143077633	0.203996445	-0.000003975	0.029429547	0.047412158	0.000000621	0.000001783	-0.054164856	0.079594985	0.300011428	-0.128560803	-0.025727563	0.000460175	-0.016099123	-0.071905650	-0.305512084	-0.000009500	-0.026776801	0.167192083	0.000002135	-0.013110354	-0.018403278	-0.000000581	-0.165355813	0.000001631	0.000004512	0.063246268	0.128013654	0.034170954	-0.000006077	0.000001193	-0.142785833	-0.204357176	-0.000002631	-0.029510733	0.047474895	0.000002339	-0.000000854	0.053909013	0.079746903	-2.440753588	-0.624865140	0.240277849	0.055796108	0.036817661	0.000113659	-0.465528015	-0.000010737	-0.000037456	0.262444825	0.000003287	0.000016840	-0.040892884	-0.000001447	0.289429979	-0.000000078	-0.000022147	0.233897050	0.000251213	0.071187475	-0.000000143	0.000006768	-0.200399929	-0.000202061	-0.000008294	0.000021936	-0.072214862	0.000003272	0.000000680	-0.000294619	0.315751425	0.077287402	0.020824308	0.003774847	0.078796507	-0.072894270	0.001036507	0.077281817	0.020832474	0.003774470	0.078799982	-0.072894975	-0.001032925	0.065664208	0.031120684	-0.009466776	-0.017157765	-0.081170589	0.000004645	0.077391821	0.020885298	0.003773682	-0.078812721	-0.072989227	-0.001072356	0.077396199	0.020881210	0.003773384	-0.078809545	-0.072988059	0.001074228	0.065772473	0.031172297	-0.009466404	0.017133271	-0.081215685	0.000002802	-0.291389960	-0.070923364	-0.004503173	-0.031120631	0.013251161	0.000000024	-0.291321236	-0.070946586	-0.004507104	0.031063664	0.013200688	0.000000376		A1*: R6*p(1)
0.000001056	-0.000003267	0.000002120	-0.000000085	-0.000000013	0.000000030	0.000031114	1.501838472	-0.000000014	0.000001692	-0.484893958	0.000000008	-0.000000980	-0.008783315	-0.000002972	-0.000003227	0.005810418	-0.000016716	0.000000249	0.000004131	0.000022561	-0.054276290	0.000020349	0.000000144	-0.319971978	0.000000228	0.000003148	-0.064415289	-0.000051966	-0.000000190	-0.000007474	0.000016750	0.000000734	-0.000002326	-0.000000104	-0.000000339	-0.000002402	-0.000005775	-0.027107541	0.000000574	0.000001923	0.131126658	-0.000000139	-0.000000153	0.005249521	-0.000001974	-0.000592732	0.037659577	0.000001489	-0.000001534	0.000005210	-0.137849191	-0.004922450	0.000000040	0.000001061	0.112089800	0.000004785	-0.000001999	-0.069366962	0.105379740	0.000001836	0.000004882	0.000014543	0.000001877	-0.000001793	-0.000000338	-0.000000299	0.000002446	-0.000005419	-0.027105461	-0.000001017	0.000001863	0.131127400	-0.000000065	-0.000000472	0.005249711	-0.000001851	0.000563309	0.037660798	0.000001762	0.000001720	0.000003175	0.137852016	-0.004812018	-0.000000646	-0.000002458	0.112090027	-0.000004360	-0.000002106	-0.069199931	-0.105490548	-0.000001924	0.000004579	-0.000072150	-0.000011337	0.000005898	0.000001423	0.000001073	0.000000027	-0.000017935	-0.001656883	0.000000012	0.000006294	0.087046131	0.000000006	-0.000001761	0.009407790	0.000010283	-0.000014146	0.035497831	0.000010143	-0.000000262	-0.000008459	0.000073906	-0.184634795	-0.000011245	-0.000000150	0.136853058	0.000000058	-0.000017626	0.166373160	0.000132581	0.000000066	0.000005229	-0.018322415	0.024815439	0.000617961	0.079543009	-0.079535448	-0.019823257	0.018326622	-0.024815110	-0.000617406	-0.079544339	0.079536642	-0.019821932	0.000000138	0.000002777	-0.000000111	0.000003671	-0.000001407	0.013614708	0.018325755	-0.024814218	-0.000617809	0.079481362	0.079599379	-0.019821192	-0.018322404	0.024814857	0.000617812	-0.079480586	-0.079598799	-0.019823161	0.000000762	0.000002374	-0.000000260	-0.000002063	-0.000001464	0.013615356	-0.000008020	-0.000001513	-0.000000169	-0.000000497	-0.000001082	-0.001514427	-0.000008082	-0.000001379	-0.000000209	0.000000561	-0.000001355	-0.001513783		A1*: R6*p(-1)
0.000007357	0.000017119	-0.000003307	0.000001211	0.000001765	-0.462898293	-0.000018196	-0.000000014	1.200202368	0.000072640	0.000000153	0.120002516	0.000001088	0.000000078	-0.000019324	-0.000002649	0.000000010	-0.000037513	0.029512841	-0.000003384	0.000000925	-0.000000121	-0.000032672	-0.005132359	-0.000000004	0.085655023	0.000029793	0.000000062	-0.000002402	-0.025483160	-0.000024784	-0.322226200	-0.030414752	0.198335137	0.039311929	-0.106763499	-0.065364839	0.001010824	-0.000004497	-0.070027821	-0.107685014	0.000001860	0.023189240	-0.030985282	-0.000001334	-0.047206823	0.000001308	0.000002861	0.056413657	-0.032445022	-0.042519429	0.000001712	0.000003310	0.158628906	-0.033234370	0.000006940	-0.130387370	-0.001627732	-0.000002230	0.000000213	-0.028494640	-0.107332395	0.322167896	0.030360991	-0.198319926	-0.039290234	0.106710832	-0.065379262	-0.000969710	0.000003606	-0.070158838	0.107719802	-0.000001228	0.023140807	0.031012560	0.000000952	0.047144903	0.000000516	-0.000002247	-0.056408966	-0.032520188	0.042402736	0.000000687	-0.000002003	-0.158677813	-0.033410255	-0.000004584	-0.130325803	0.001499360	0.000002526	0.000001576	-0.028763249	0.107175329	-0.000017399	-0.000010289	-0.000088634	-0.000013294	0.000068331	-0.031044819	0.000044461	0.000000034	-0.388532794	-0.000143550	-0.000000275	-0.041263056	-0.000045955	0.000000083	0.000012154	0.000001049	-0.000000260	-0.000004849	0.028852681	0.000068435	0.000001400	-0.000000286	0.000075725	0.053886218	-0.000000146	-0.001241811	0.000074021	0.000000303	-0.000003147	0.088703037	0.000148675	0.008935594	0.097964695	-0.038206904	-0.004764100	-0.051010220	0.002704694	0.008930984	0.097972445	-0.038206711	-0.004764907	-0.051008726	-0.002698896	-0.037451389	0.107973959	-0.013494645	0.024037856	-0.003500814	-0.000000013	-0.008990912	-0.097887429	0.038198464	-0.004778404	0.051036212	0.002702948	-0.008992636	-0.097881909	0.038198310	-0.004778391	0.051037099	-0.002706578	0.037455619	-0.108005439	0.013465748	0.024057352	0.003498251	0.000000007	0.072978404	-0.030405859	-0.038566791	0.025545800	-0.055537919	-0.000001658	-0.072966038	0.030297176	0.038585631	0.025509270	0.055545906	0.000001852		A1*: R7*p(0)
-0.022377372	-0.039892020	0.009634987	-0.001825305	-0.004374040	-0.000018363	-0.415092468	0.000001692	0.000072640	1.015029990	0.000007952	0.000001666	0.116086548	0.000001182	0.046045702	-0.000000072	-0.000004329	0.034232542	0.000038858	0.009663514	0.000000149	-0.000002449	0.092200817	0.000072171	0.000001168	0.000030029	0.010040556	0.000000819	0.000000126	0.000009463	-0.015726807	0.087789778	0.070491808	-0.012738171	-0.027726952	0.066075673	-0.016636821	-0.114727224	-0.000001131	-0.059252064	-0.114731634	-0.000003329	-0.029632111	-0.010632732	0.000000795	0.079171623	0.000002665	0.000000172	0.058646856	0.018077841	0.148347148	0.000005975	-0.000000608	0.127880619	0.096628158	-0.000001870	0.078374090	0.030615233	0.000001483	-0.000003309	-0.015346005	0.111284121	0.088050732	0.070512236	-0.012893193	-0.027758766	0.066160652	0.016676686	-0.114717425	-0.000001221	0.059287180	-0.114596448	-0.000002559	0.029657850	-0.010584185	0.000000719	0.079209316	-0.000001882	-0.000001629	0.058631032	-0.018010778	0.148380835	-0.000004630	-0.000003624	0.127907686	-0.096452258	-0.000001032	-0.078501630	0.030554794	0.000002531	0.000003341	0.015057841	0.111405951	0.037444725	0.026922784	0.222214012	0.033988444	-0.170456187	0.000044875	-0.143275513	-0.000004511	-0.000144884	-0.024208636	0.000004451	-0.000046779	0.074545948	0.000002532	-0.026972234	0.000000063	0.000000859	-0.046000255	-0.000024744	-0.168041681	0.000000133	0.000014821	-0.299469008	-0.000217795	-0.000014835	0.000072749	-0.184455717	-0.000014295	0.000000229	0.000159310	-0.102832668	0.074283657	-0.104970797	0.010587954	0.032823246	-0.038579305	0.003429980	0.074284146	-0.104969431	0.010589544	0.032825806	-0.038579936	-0.003429598	-0.023687197	0.033852211	0.036365260	0.028334720	0.026128268	-0.000002668	0.074276400	-0.105047039	0.010619298	-0.032797188	-0.038564278	-0.003428205	0.074277104	-0.105046773	0.010618408	-0.032795945	-0.038564215	0.003427709	-0.023652344	0.033770304	0.036374841	-0.028336281	0.026108389	-0.000001528	-0.016714318	0.135909463	-0.024700120	0.008887283	0.014590408	0.000001101	-0.016775202	0.135933046	-0.024669444	-0.008878194	0.014626756	0.000001091		A1*: R7*p(1)
-0.000000177	-0.000001477	0.000000024	-0.000000364	-0.000000221	-0.000000107	0.000002391	-0.484893958	0.000000153	0.000007952	0.692719030	0.000000012	0.000001444	0.059231788	0.000000966	-0.000013192	0.033851369	0.000001003	0.000000143	0.000000335	0.000016685	-0.041988851	0.000002001	-0.000000084	-0.000925340	-0.000000064	0.000001557	-0.016939827	-0.000013549	0.000000015	0.000000207	0.000004228	0.000001899	-0.000002768	-0.000000290	0.000001415	-0.000000813	-0.000001876	-0.016653196	-0.000001371	-0.000000866	-0.122752789	-0.000000739	0.000000577	-0.029877312	0.000000523	0.022606829	0.039488309	0.000001032	0.000001219	0.000000963	0.055292406	0.038530672	0.000002431	0.000002709	0.056022388	0.000003882	-0.000001283	-0.038912504	0.042249496	0.000000749	0.000002349	0.000003752	0.000002074	-0.000002041	-0.000000467	0.000001390	0.000000944	-0.000001775	-0.016655743	0.000001525	-0.000000444	-0.122752523	0.000000732	0.000000420	-0.029877229	0.000001539	-0.022637960	0.039471030	0.000001478	-0.000000612	0.000001939	-0.055322371	0.038487408	0.000003175	-0.000001680	0.056022499	-0.000003524	-0.000001186	-0.038845184	-0.042311253	-0.000000757	0.000002638	0.000000380	0.000000730	0.000004998	0.000000945	-0.000004684	0.000000015	-0.000005051	-0.004792461	0.000000009	0.000001742	-0.110075753	-0.000000029	0.000002729	-0.024751041	-0.000000964	0.000001137	-0.003303254	-0.000001812	0.000000013	-0.000006316	0.000008417	-0.021830332	-0.000009868	-0.000000061	0.098498391	0.000000057	-0.000016309	0.105932220	0.000084779	-0.000000038	-0.000006331	0.018113758	-0.045869957	-0.005409810	0.018473967	-0.002802052	-0.000034472	-0.018113137	0.045867495	0.005409871	-0.018474544	0.002803280	-0.000034224	-0.000000498	-0.000000254	0.000000468	0.000000278	0.000000359	-0.023089456	-0.018112866	0.045867236	0.005410095	0.018471556	0.002817268	-0.000034131	0.018114673	-0.045870470	-0.005409828	-0.018471699	-0.002817082	-0.000034532	-0.000000508	0.000000081	0.000000630	-0.000000378	0.000000733	-0.023089596	-0.000000892	0.000002947	-0.000000561	0.000000206	0.000000949	-0.025779238	-0.000001125	0.000002906	-0.000000556	-0.000000204	0.000000947	-0.025779238		A1*: R7*p(-1)
0.000006733	-0.000000195	-0.000009558	0.000010603	-0.000013410	-0.064694123	-0.000003179	0.000000008	0.120002516	0.000001666	0.000000012	-0.035672803	0.000010167	0.000000081	0.000005020	0.000000243	0.000000000	-0.000037780	0.039052494	-0.000014061	-0.000000375	-0.000000141	0.000005727	-0.026518107	-0.000000013	0.062947844	0.000001910	-0.000000081	-0.000002952	0.019414103	0.000023878	-0.159879751	0.008872209	0.076880687	0.306776334	0.356732862	0.014308055	-0.016446416	-0.000000784	0.066944381	-0.081186424	-0.000001022	0.190701607	-0.197194358	-0.000004020	0.016805028	0.000000887	-0.000000565	0.001684809	0.038013560	-0.020523010	-0.000000536	0.000000541	0.003938789	-0.026366790	0.000000455	-0.004917520	-0.000493775	-0.000000080	-0.000000081	-0.003395868	-0.005358247	0.159805266	-0.008887971	-0.076851312	-0.306623569	-0.356554011	0.014279039	0.016461798	0.000000718	0.066824384	0.081241322	0.000001315	0.190384148	0.197342198	0.000004035	-0.016795140	0.000001016	0.000000688	-0.001772549	0.038004219	0.020517613	-0.000000520	-0.000000625	-0.003878618	-0.026365415	-0.000000357	-0.004914395	0.000483932	0.000000163	0.000000045	-0.003408628	0.005346252	0.000066969	0.000001753	-0.000044345	-0.000179933	-0.000231254	-0.012219663	-0.000023709	0.000000011	-0.085535555	-0.000092824	-0.000000047	-0.187248328	-0.000215710	-0.000000072	-0.000010037	0.000001120	-0.000000127	-0.000052093	0.040929383	0.000016942	-0.000000680	-0.000000064	0.000051240	-0.019030492	0.000000149	0.005673550	0.000007656	0.000000347	-0.000000385	0.001274493	0.000008717	0.001367211	0.011704257	0.055216782	0.003319061	-0.004730577	-0.000428424	0.001366625	0.011704815	0.055215920	0.003319386	-0.004730401	0.000428671	0.002373012	0.001030413	0.045604084	0.002895917	-0.013275788	-0.000000420	-0.001372331	-0.011703097	-0.055193487	0.003313281	0.004735854	-0.000436332	-0.001372206	-0.011702764	-0.055194061	0.003313056	0.004735883	0.000436222	-0.002374415	-0.001026509	-0.045562226	0.002885439	0.013284677	0.000000308	0.005072208	0.020365958	0.032329535	-0.015950731	-0.004983196	0.000000013	-0.005079364	-0.020379445	-0.032406588	-0.015957781	0.004970591	-0.000000012		A1: R8*p(0)
-0.018014817	0.000728487	0.024215092	-0.025907852	0.032852999	-0.000002609	-0.055977144	-0.000000980	0.000001088	0.116086548	0.000001444	0.000010167	-0.061380271	0.000000538	-0.013657337	0.000000040	-0.000000278	0.016855052	0.000028710	0.035842672	0.000000020	-0.000002665	0.039804321	0.000021932	0.000002173	0.000001655	0.058905695	0.000001963	0.000000018	0.000010668	-0.003077027	0.092422402	0.019739817	-0.035934817	-0.191943095	-0.224744722	-0.022559954	-0.003538311	0.000000135	-0.069707320	-0.002842394	0.000000013	-0.201913227	0.004165560	0.000002831	-0.012725163	-0.000000575	0.000000261	0.034846047	-0.007942616	0.007017485	0.000000696	-0.000000452	-0.023052091	0.010103727	0.000000134	0.004529084	0.006681221	0.000000510	-0.000000290	0.000107608	0.005445051	0.092549955	0.019731367	-0.035994317	-0.192187194	-0.225028425	0.022574706	-0.003507402	0.000000003	0.069762390	-0.002722499	0.000000152	0.202061652	0.004483453	0.000002797	-0.012738788	0.000000510	0.000000144	0.034831831	0.008028879	0.007034159	-0.000000771	-0.000000091	-0.023039368	-0.010162743	0.000000254	-0.004538979	0.006677376	0.000000279	0.000000227	-0.000123781	0.005449444	-0.167170133	-0.002917543	0.110611067	0.448970379	0.577190126	-0.000023525	0.046683604	0.000001867	-0.000092310	0.146112606	0.000005921	-0.000215889	0.352271075	0.000016554	0.025867717	0.000000032	-0.000003382	0.048413949	0.000054960	-0.042302326	-0.000000025	0.000005688	-0.089504070	-0.000078926	-0.000001014	0.000007861	-0.012971282	-0.000001294	0.000000084	0.000022797	-0.018393669	0.006572029	-0.001808705	-0.028405808	-0.003239892	-0.003868085	-0.009821090	0.006572474	-0.001809290	-0.028406203	-0.003239992	-0.003867458	0.009820562	0.002550713	-0.004378273	-0.052110939	0.000445752	-0.007829284	-0.000000528	0.006571445	-0.001818006	-0.028449960	0.003244882	-0.003861921	0.009820934	0.006571119	-0.001817680	-0.028449903	0.003245339	-0.003861992	-0.009820686	0.002547937	-0.004379133	-0.052146994	-0.000437106	-0.007819289	-0.000000371	0.010129133	0.016861778	0.096599110	-0.002605879	-0.000925510	-0.000000282	0.010124619	0.016845625	0.096572895	0.002592434	-0.000920576	-0.000000404		A1: R8*p(1)
0.000000634	-0.000000589	0.000000048	-0.000001102	0.000001412	-0.000000139	-0.000001135	-0.008783315	0.000000078	0.000001182	0.059231788	0.000000081	0.000000538	-0.088786781	-0.000000258	0.000000379	-0.000938899	0.000000238	0.000000304	0.000000924	-0.000000702	0.002227259	0.000001198	-0.000000547	0.053623190	0.000000036	-0.000002424	0.013645230	0.000011466	0.000000122	-0.000000164	0.000002209	-0.000000071	-0.000000622	-0.000004202	-0.000004795	-0.000000464	-0.000000247	-0.004649749	-0.000001598	0.000000481	-0.026468781	-0.000004493	0.000002755	-0.132473012	-0.000000460	0.016300351	-0.014409052	0.000000568	-0.000000721	0.000001385	-0.033442076	0.010837958	-0.000000014	0.000000845	0.002287940	0.000000116	0.000000178	0.000591713	0.005943172	0.000000102	0.000000753	0.000001777	0.000000256	-0.000000633	-0.000004099	-0.000004708	0.000000486	-0.000000050	-0.004650062	0.000001454	0.000000588	-0.026468596	0.000004384	0.000002956	-0.132472949	-0.000000559	-0.016288989	-0.014422288	0.000000475	0.000000811	0.000001282	0.033433513	0.010864250	0.000000122	-0.000000810	0.002287766	-0.000000459	0.000000026	0.000600939	-0.005941750	-0.000000196	-0.000000126	-0.000004354	-0.000000516	0.000003181	0.000012191	0.000015822	0.000000270	0.000002109	-0.021498198	-0.000000166	0.000005903	-0.064490973	0.000000076	0.000016359	-0.246402497	0.000002006	-0.000011586	0.028862731	0.000001971	-0.000000131	-0.000003263	0.000018984	-0.047280264	-0.000003669	-0.000000075	0.002416942	-0.000000001	-0.000000715	0.006012666	0.000004988	-0.000000068	-0.000000809	-0.003858870	0.005704010	0.010321426	-0.008671914	-0.002862275	-0.007794265	0.003859511	-0.005703860	-0.010322357	0.008672298	0.002861313	-0.007793198	-0.000000051	0.000000162	-0.000000864	0.000000396	0.000000004	0.003451510	0.003859297	-0.005704211	-0.010322811	-0.008673038	0.002855847	-0.007794159	-0.003858897	0.005703838	0.010321534	0.008674593	-0.002854576	-0.007794325	0.000000004	-0.000000068	-0.000001015	-0.000000064	-0.000000527	0.003451887	0.000000209	0.000000604	0.000002579	-0.000000243	-0.000000054	0.003375008	0.000000251	0.000000483	0.000002516	0.000000417	-0.000000247	0.003374535		A1: R8*p(-1)
2.060826063	-0.824350866	-0.669421410	-0.103805762	-0.018228079	-0.000018118	0.046931142	-0.000002972	-0.000019324	0.046045702	0.000000966	0.000005020	-0.013657337	-0.000000258	3.272052784	0.000000555	-0.000027763	0.131312047	0.000108753	0.570090006	0.000000230	0.000020118	-0.023080387	-0.000020137	0.000008538	-0.000030137	0.071666119	0.000014996	-0.000000249	-0.000634099	0.530355006	0.145520489	-0.338054476	0.045103947	0.030731165	-0.004725024	0.215893161	-0.161232557	-0.000006687	-0.061398306	0.013283165	0.000000594	0.043348878	-0.031260386	-0.000000984	0.118266700	0.000004213	-0.000000997	0.031549123	-0.061875284	0.291200631	0.000010428	-0.000002838	-0.085670630	0.062927734	0.000002788	-0.106321811	0.001711350	-0.000004658	0.000002586	-0.083954287	-0.259672918	0.145512961	-0.338056388	0.045091132	0.030731602	-0.004725160	-0.215762665	-0.161405057	-0.000007514	0.061391503	0.013334654	0.000000781	-0.043323353	-0.031295357	-0.000001101	0.118267195	-0.000003596	-0.000001046	0.031449648	0.061923616	0.291198831	-0.000009285	-0.000003243	-0.085567220	-0.063062927	0.000002367	0.106321249	0.001796118	-0.000005007	-0.000004227	0.084573443	-0.259473175	0.676793043	-0.286299408	0.024761460	0.020723744	-0.005514180	-0.000076218	0.191102008	0.000013609	0.000031412	-0.079146819	-0.000005545	-0.000018766	0.046562937	0.000002782	0.145030727	-0.000000255	-0.000013374	-0.197154068	-0.000157220	0.176431415	-0.000000224	-0.000009821	-0.272020921	-0.000218391	-0.000018616	0.000090526	-0.229854012	-0.000025383	0.000000427	0.000423620	-0.351752857	0.022544821	-0.001463200	0.007152090	0.093328605	0.035636508	-0.009886453	0.022544228	-0.001460316	0.007152602	0.093330076	0.035630773	0.009881057	-0.069076395	0.052960127	0.001779895	0.113520726	-0.010378350	-0.000004098	0.022545295	-0.001459242	0.007152116	-0.093358091	0.035556923	0.009881713	0.022547650	-0.001462653	0.007151828	-0.093356556	0.035560860	-0.009884041	-0.069068590	0.052971126	0.001780617	-0.113511752	-0.010466946	-0.000001687	-0.028738359	0.095049700	0.002046529	-0.037170981	0.186833769	0.000006148	-0.028742732	0.095048436	0.002046882	0.037022452	0.186859877	0.000006799		A1*: R9*d(0)
0.000000385	0.000000063	-0.000000154	0.000000023	0.000000003	-0.000007021	-0.000000272	-0.000003227	-0.000002649	-0.000000072	-0.000013192	0.000000243	0.000000040	0.000000379	0.000000555	2.593371642	-0.000067517	-0.000000111	0.000026159	-0.000000280	0.992855663	-0.000023520	-0.000000244	0.000000315	-0.000023979	-0.000001667	-0.000000369	0.000184996	-0.178412144	-0.000006643	-0.000000134	0.000019735	-0.000004301	-0.000006229	-0.000000215	0.000000122	0.000001695	-0.000002744	0.142874406	-0.000004432	0.000002421	0.004132830	0.000000815	-0.000000695	0.022262927	0.000007645	-0.101704991	0.093040849	0.000001230	-0.000000237	0.000006818	-0.137306067	0.090548269	-0.000001386	-0.000004665	-0.019541971	-0.000006053	0.000005337	0.065422059	-0.001280399	-0.000003508	-0.000002746	-0.000019001	0.000005007	0.000006433	-0.000000013	-0.000000119	0.000002261	0.000001167	-0.142742097	-0.000004550	-0.000001884	-0.004144264	0.000000619	0.000000554	-0.022247377	-0.000006374	-0.101514553	-0.093200118	-0.000000785	0.000000592	-0.000003886	-0.137090910	-0.090787444	0.000000974	-0.000002962	0.019511310	-0.000005508	-0.000004286	-0.065434737	-0.001343535	-0.000003255	0.000003270	0.000000704	0.000000046	-0.000000026	-0.000000107	0.000000036	0.000009472	0.000000387	-0.000069160	-0.000002942	-0.000000079	0.000036730	0.000001666	0.000000076	-0.000012414	-0.000000044	0.133373355	0.000135558	0.000000283	-0.000014695	-0.000000145	0.153145392	0.000125049	0.000000171	-0.000013809	0.000031012	0.000006435	0.000000119	-0.000070600	0.129056023	0.000001848	-0.000000516	-0.020425738	0.000095243	0.008035394	0.063459205	-0.070000384	0.044580488	0.020428003	-0.000097944	-0.008035026	-0.063455241	0.070005776	0.044579622	-0.000002990	0.000002050	0.000000127	0.000002101	0.000000393	0.082504381	-0.020343606	0.000041805	0.008034275	-0.063362243	-0.070047965	-0.044619832	0.020343470	-0.000040396	-0.008034859	0.063365114	0.070045427	-0.044619454	0.000001581	-0.000000821	-0.000000322	0.000000258	0.000000037	-0.082575653	-0.000002070	-0.000000815	0.000000084	0.000003427	0.000009214	-0.123522568	0.000002593	0.000000650	-0.000000269	0.000002881	-0.000009641	0.123505551		A1*: R9*d(1)
-0.000098772	0.000034593	0.000031820	0.000004280	0.000000829	-0.000000303	0.000017505	0.005810418	0.000000010	-0.000004329	0.033851369	0.000000000	-0.000000278	-0.000938899	-0.000027763	-0.000067517	2.760971079	-0.000034730	-0.000000312	0.000028007	-0.000023458	1.052463981	0.000012007	0.000000180	0.062349399	-0.000000292	-0.000007412	-0.108900141	-0.000157707	-0.000000127	-0.000026554	-0.000000599	0.000014945	-0.000004625	-0.000001343	0.000000249	-0.000016768	-0.000000561	-0.165449772	0.000003705	0.000004492	0.016892230	-0.000002289	0.000000482	-0.019484042	-0.000003376	0.145782945	0.099357103	-0.000001600	0.000001173	-0.000010032	0.178795151	0.163277673	0.000006662	-0.000005980	0.039147695	0.000004517	-0.000001261	0.019298346	0.051731897	0.000003737	0.000007636	-0.000000225	0.000016354	-0.000004115	-0.000001340	0.000000268	0.000016693	0.000000764	-0.165562170	-0.000003746	0.000004596	0.016891313	0.000002419	0.000000593	-0.019501735	-0.000002656	-0.145942456	0.099167888	-0.000001476	-0.000000275	-0.000008912	-0.179032136	0.163062438	0.000008471	0.000006070	0.039164062	-0.000004206	-0.000000964	0.019330057	-0.051701316	-0.000004816	0.000008267	-0.000086642	-0.000003359	0.000001505	0.000000156	0.000000061	-0.000000621	-0.000015979	0.172198963	0.000000437	0.000011092	-0.091310116	0.000000077	-0.000003869	0.030667445	-0.000017157	0.000136053	-0.206621497	-0.000001618	0.000000041	-0.000011458	0.000124947	-0.159093726	0.000008952	0.000000199	-0.076375967	0.000000005	0.000028073	-0.083782199	-0.000015827	-0.000000328	0.000021282	0.103737510	-0.068877814	-0.000764337	-0.048523323	0.008760831	0.048914120	-0.103741056	0.068875111	0.000764233	0.048511462	-0.008748731	0.048910533	0.000000403	0.000003107	-0.000000403	0.000000580	0.000001174	0.089093952	-0.103755363	0.068875004	0.000770599	-0.048558392	-0.008845938	0.048875320	0.103754034	-0.068875612	-0.000770872	0.048568530	0.008852885	0.048877936	0.000001449	0.000002577	-0.000000191	-0.000000283	-0.000000066	0.089027265	-0.000001834	-0.000007837	-0.000000341	0.000002538	-0.000009457	0.020534026	-0.000001695	-0.000007590	-0.000000434	-0.000002399	-0.000009659	0.020633409		A1*: R9*d(-1)
0.209369941	-0.097150265	-0.060665687	-0.001527478	-0.000972795	0.000460825	-0.587178466	-0.000016716	-0.000037513	0.034232542	0.000001003	-0.000037780	0.016855052	0.000000238	0.131312047	-0.000000111	-0.000034730	3.686722269	-0.000072977	-0.173476698	0.000000173	0.000017206	0.702828883	-0.000174362	0.000015691	-0.000159682	0.232641819	0.000014661	-0.000000400	-0.000300389	0.245461619	-0.272132425	-0.032784877	0.076419601	0.000797427	-0.001663485	0.208498835	0.267326534	0.000003495	-0.011976440	-0.165891527	-0.000003928	0.013728864	0.039346243	0.000000569	0.034563832	0.000002245	0.000001327	-0.016688545	-0.062475313	0.021096142	-0.000001212	0.000000325	-0.256186455	-0.030685287	-0.000004415	0.122379482	-0.086650165	-0.000000690	-0.000000364	-0.105383794	0.049262637	-0.271148134	-0.032739368	0.076226197	0.000808696	-0.001658109	-0.208869135	0.267376014	0.000003545	0.012355118	-0.165816913	-0.000003791	-0.013820650	0.039328207	0.000000525	0.034505428	-0.000002258	0.000000749	-0.016873002	0.062375805	0.020831110	0.000000267	0.000002382	-0.256418862	0.030269867	-0.000004035	-0.121974197	-0.086572435	-0.000001254	0.000000248	0.105348483	0.049350491	1.934901708	0.317295348	-0.129381087	-0.030369439	0.003413927	-0.000378006	0.071032924	0.000005100	0.000258515	-0.196754204	-0.000007068	-0.000061879	0.034660918	0.000001621	0.029509958	0.000000339	-0.000011312	0.142396411	0.000345009	-0.204205258	-0.000000042	0.000007277	-0.079292846	0.000197990	-0.000023739	0.000122261	-0.316475945	-0.000020802	-0.000000142	0.000289819	-0.138224821	-0.020950062	-0.002334237	0.001280600	0.078013662	-0.014944575	-0.017423377	-0.020950943	-0.002336315	0.001280336	0.078006344	-0.014938042	0.017420426	0.016863735	-0.095466065	-0.003207672	-0.162122924	0.089207882	0.000000180	-0.020983054	-0.002207340	0.001290119	-0.078071335	-0.015102685	0.017391654	-0.020981669	-0.002207025	0.001290393	-0.078075689	-0.015106745	-0.017393898	0.016976581	-0.095466952	-0.003199066	0.162236342	0.089378627	0.000001019	0.067797570	0.069745809	0.012626053	-0.013282679	0.002771768	0.000000671	0.067779099	0.069772079	0.012631538	0.013046954	0.003104029	0.000000544		A1*: R9*d(2)
0.000178279	-0.000081242	-0.000050787	-0.000001863	-0.000000956	-0.287722643	-0.000585483	0.000000249	0.029512841	0.000038858	0.000000143	0.039052494	0.000028710	0.000000304	0.000108753	0.000026159	-0.000000312	-0.000072977	3.781237054	-0.000141442	-0.000002335	0.000000205	-0.000173369	0.919781579	0.000000215	0.084209512	0.000220460	-0.000000533	0.000003903	0.007801263	0.000205487	0.618693963	0.025205781	-0.119448288	0.006878287	0.003392504	0.100037342	0.137267209	-0.000001551	-0.152691423	0.044519600	0.000000709	0.039481455	-0.004028096	-0.000000558	-0.036890009	0.000001604	0.000000031	-0.054245293	0.044545682	-0.166766657	-0.000000493	0.000001984	-0.116689500	0.004013340	0.000008447	-0.212991464	0.109595131	0.000000081	0.000009049	-0.051363274	-0.102482828	-0.619130381	-0.025252693	0.119564653	-0.006875991	-0.003394931	0.099809422	-0.136763507	0.000001142	-0.152638754	-0.044903689	-0.000000714	0.039457559	0.004121900	0.000000379	0.036947177	0.000001990	0.000000006	0.054147439	0.044731126	0.166803036	0.000000641	-0.000003554	0.116273139	0.004243783	-0.000007525	-0.213098232	-0.109903455	-0.000000380	0.000009034	-0.051439392	0.102438398	0.001554930	0.000254065	-0.000104433	-0.000024436	0.000002631	0.437623361	0.000234146	0.000000005	-0.224476134	-0.000248048	-0.000000103	0.060542092	0.000052494	0.000000473	0.000022027	-0.000012387	-0.000000150	0.000347466	-0.291624440	-0.000164557	-0.000013694	0.000000081	0.000198416	-0.326577998	-0.000000005	0.007335262	-0.000249932	-0.000000494	-0.000000525	-0.154871223	-0.000299785	-0.020216161	0.080448894	0.006202679	0.047386542	-0.063414041	0.017644447	-0.020223335	0.080448073	0.006203512	0.047383904	-0.063406794	-0.017644765	0.080570773	0.001925587	0.004341173	-0.117402061	0.027843348	0.000002762	0.020187818	-0.080452069	-0.006200996	0.047210989	0.063422479	0.017673372	0.020184145	-0.080452373	-0.006200856	0.047211323	0.063426505	-0.017671259	-0.080543353	-0.002066693	-0.004344947	-0.117121593	-0.027793540	-0.000001347	-0.011115173	0.015778974	0.003818988	0.146086245	0.201489201	0.000009306	0.011228227	-0.015668337	-0.003799233	0.146266347	-0.201367699	-0.000008900		A1*: R9*d(-2)
-1.808741627	1.198601163	0.641432891	0.072570415	0.009520354	-0.000018033	0.040084721	0.000004131	-0.000003384	0.009663514	0.000000335	-0.000014061	0.035842672	0.000000924	0.570090006	-0.000000280	0.000028007	-0.173476698	-0.000141442	2.969048260	-0.000000155	-0.000024928	0.053612688	0.000044767	-0.000008631	0.000060381	-0.147561598	-0.000015574	0.000000083	0.000820067	-0.686848076	0.483374179	0.676044617	-0.057484724	-0.020402313	0.001225998	-0.347773202	0.224406093	0.000006484	0.062142870	-0.012386475	0.000000248	-0.015676976	0.007150701	-0.000000791	0.122318619	0.000004574	-0.000004532	-0.115618972	0.248318100	-0.348838435	-0.000012264	0.000007057	0.200824793	-0.338987926	0.000009612	-0.172346934	0.160042685	-0.000002505	0.000011916	0.036444830	-0.051003291	0.483374908	0.676029583	-0.057448853	-0.020402618	0.001226236	0.347593503	0.224682933	0.000006358	-0.062140427	-0.012440246	0.000000221	0.015669857	0.007162655	-0.000000692	0.122317714	-0.000005320	-0.000004482	-0.115223098	-0.248499391	-0.348838378	0.000011623	0.000007622	0.200283341	0.339305456	0.000010173	0.172220226	0.160178826	-0.000002185	-0.000011025	-0.036323010	-0.051090722	-1.034634683	0.603395253	0.111898235	0.025568896	-0.001525558	0.000162480	-0.403835078	-0.000017811	-0.000101374	0.254507336	0.000010252	0.000000772	0.002856547	0.000002454	0.228177523	0.000000122	-0.000033214	0.522859104	0.000417708	-0.199482226	-0.000000014	0.000029673	-0.053696750	-0.000043573	-0.000024426	0.000037931	-0.089845017	-0.000016950	-0.000000056	-0.000374374	0.311671857	-0.040142189	-0.004588785	-0.008126340	-0.106399636	0.052869734	0.012349815	-0.040141318	-0.004590985	-0.008127396	-0.106398380	0.052872309	-0.012346734	0.009337739	-0.026505892	0.000543609	-0.109598731	0.065252493	0.000003623	-0.040141883	-0.004590887	-0.008127460	0.106355560	0.052955883	-0.012345582	-0.040143184	-0.004589861	-0.008126652	0.106356827	0.052954632	0.012348952	0.009335463	-0.026507295	0.000542463	0.109548308	0.065339275	0.000002851	-0.018382614	-0.026805785	-0.001066761	-0.015574496	-0.139721637	-0.000003691	-0.018380951	-0.026806420	-0.001069643	0.015685175	-0.139708533	-0.000003783		A1*: R10*d(0)
0.000000324	0.000000121	0.000000005	-0.000000027	-0.000000007	0.000005902	-0.000000264	0.000022561	0.000000925	0.000000149	0.000016685	-0.000000375	0.000000020	-0.000000702	0.000000230	0.992855663	-0.000023458	0.000000173	-0.000002335	-0.000000155	2.205496530	-0.000069095	-0.000000149	0.000012040	-0.000024738	0.000001899	0.000000174	-0.000243851	0.170038538	0.000009256	0.000000212	-0.000001723	0.000002855	0.000002053	0.000000572	-0.000000192	-0.000002947	0.000002565	-0.117149112	0.000002890	-0.000000911	-0.030454387	0.000000876	-0.000000887	0.034758359	0.000000263	-0.004861742	0.003786568	-0.000002094	0.000005595	-0.000007775	0.153196578	-0.092299842	-0.000000481	-0.000004091	-0.230882988	-0.000014256	0.000009777	0.117126206	-0.280484597	-0.000004900	-0.000008834	0.000001025	-0.000002690	-0.000002036	-0.000000646	0.000000178	-0.000003159	-0.000002339	0.117089374	0.000002947	0.000000419	0.030441055	0.000000752	0.000000797	-0.034745169	-0.000001049	-0.004878541	-0.003742521	0.000002110	0.000005237	0.000006630	0.153010262	0.092443348	0.000000268	-0.000004827	0.230782994	-0.000013411	-0.000009587	-0.116549445	-0.280579444	-0.000005109	0.000009338	0.000000081	-0.000000035	-0.000000002	0.000000086	-0.000000009	-0.000005988	0.000000211	0.000052847	0.000003450	-0.000000096	-0.000035079	0.000001020	-0.000000105	-0.000019946	0.000000017	0.007606368	0.000097812	-0.000000039	-0.000005708	0.000000069	-0.094440592	-0.000186931	0.000000091	0.000011813	0.000142014	-0.000011829	-0.000000047	0.000362338	-0.201626049	-0.000021401	-0.000000091	-0.039940448	0.001561894	-0.014173678	-0.028475677	0.036655258	-0.006777854	0.039939613	-0.001560902	0.014173270	0.028476116	-0.036655118	-0.006779136	-0.000000178	-0.000000220	-0.000000072	-0.000002306	0.000000620	-0.025019656	-0.039971077	0.001578866	-0.014171760	0.028434883	0.036675163	0.006776331	0.039971102	-0.001578843	0.014171806	-0.028435568	-0.036676173	0.006774891	0.000000495	-0.000000151	0.000000034	-0.000001765	-0.000000496	0.025034124	-0.000001045	-0.000000357	-0.000000506	-0.000000644	-0.000001866	0.002837913	0.000001006	0.000000356	0.000000683	-0.000000653	0.000001957	-0.002840311		A1*: R10*d(1)
0.000054115	-0.000037848	-0.000025049	-0.000001140	-0.000000244	-0.000000250	-0.000026384	-0.054276290	-0.000000121	-0.000002449	-0.041988851	-0.000000141	-0.000002665	0.002227259	0.000020118	-0.000023520	1.052463981	0.000017206	0.000000205	-0.000024928	-0.000069095	2.379115315	-0.000016850	0.000000011	0.058449474	0.000000072	-0.000000424	0.273476138	0.000286886	0.000000027	0.000025681	-0.000015478	-0.000021493	0.000003186	0.000000775	-0.000000095	0.000012503	-0.000005242	0.075569507	-0.000001735	-0.000002466	0.014691518	0.000001534	-0.000000849	-0.016405699	-0.000004057	-0.024533646	-0.059879827	0.000002841	-0.000006787	0.000012763	-0.141669831	-0.026920614	-0.000009614	0.000011877	0.126448508	0.000011464	-0.000002385	-0.164125668	0.114197298	-0.000006161	0.000001540	-0.000016321	-0.000020897	0.000003442	0.000001770	-0.000000233	-0.000012401	-0.000005549	0.075662445	0.000001338	-0.000002567	0.014714981	-0.000000814	0.000000185	-0.016433289	-0.000004378	0.024576615	-0.059862558	0.000002546	0.000006687	0.000012177	0.141812924	-0.026733953	-0.000010024	-0.000012052	0.126632652	-0.000010822	-0.000002624	-0.164037811	-0.114681441	0.000006484	0.000001939	0.000113211	-0.000012914	-0.000010738	-0.000004975	0.000000601	-0.000000049	0.000022642	-0.132030394	-0.000000255	-0.000022128	0.087307366	0.000000025	-0.000004355	0.049772977	-0.000030003	0.000098069	-0.236617780	-0.000042033	-0.000000012	0.000028546	-0.000186936	0.372575877	0.000019692	-0.000000093	-0.355455138	-0.000000002	0.000053402	-0.501109631	-0.000481663	0.000000135	0.000012845	-0.038182910	0.021666485	0.002218025	0.014187586	-0.002289842	0.003777807	0.038188115	-0.021664675	-0.002218644	-0.014177771	0.002284436	0.003778890	0.000002461	-0.000000307	0.000000245	0.000001025	-0.000001785	-0.017705928	0.038155331	-0.021662960	-0.002228947	0.014198856	0.002324691	0.003784850	-0.038150213	0.021664117	0.002230420	-0.014208859	-0.002330328	0.003783489	0.000001675	0.000000045	0.000000375	-0.000001259	-0.000001520	-0.017685631	0.000002026	0.000002261	0.000000334	-0.000000597	0.000006437	0.002841675	0.000002139	0.000002302	0.000000334	0.000000462	0.000006563	0.002839366		A1*: R10*d(-1)
0.695505093	-0.449408329	-0.072614466	-0.059538825	-0.004861042	-0.000652657	0.868184017	0.000020349	-0.000032672	0.092200817	0.000002001	0.000005727	0.039804321	0.000001198	-0.023080387	-0.000000244	0.000012007	0.702828883	-0.000173369	0.053612688	-0.000000149	-0.000016850	2.905026548	0.000118478	-0.000020064	0.000256131	-0.358564099	-0.000015817	-0.000000036	0.000182472	-0.213742790	-0.121093592	-0.242921156	-0.033231715	-0.015598719	0.003565006	0.068662828	-0.191125979	-0.000002522	-0.040644900	0.094248265	0.000002395	-0.010473242	0.020903196	0.000000156	-0.089226705	-0.000003162	0.000000955	0.027621402	-0.111286312	0.080702915	0.000003041	-0.000002305	0.109417247	0.194279164	-0.000006429	0.019944649	-0.178685183	-0.000003309	-0.000005854	0.400061547	0.111955769	-0.120741050	-0.242745115	-0.033269762	-0.015561536	0.003551783	-0.068294245	-0.191153066	-0.000002929	0.040442672	0.094199185	0.000002383	0.010395687	0.020894399	0.000000010	-0.089064648	0.000002678	0.000001257	0.027326895	0.110957379	0.080598931	-0.000002568	-0.000002885	0.109916072	-0.193850703	-0.000006685	-0.019603006	-0.178597569	-0.000004413	0.000006299	-0.400470100	0.110373295	-2.405175766	-0.443546554	0.208119856	0.129228817	-0.016364421	0.000205356	-0.095096614	-0.000006132	-0.000234730	0.307242106	0.000010684	-0.000063838	0.085836881	0.000003750	0.307385403	-0.000000408	-0.000031337	0.439397195	0.000495986	-0.064410250	-0.000000025	0.000021648	-0.270751733	-0.000449105	-0.000016408	0.000140371	-0.099930181	-0.000029420	0.000000008	0.000748725	-0.307672484	-0.060844241	-0.003660985	-0.005981640	-0.035909857	0.010363340	0.017841761	-0.060843593	-0.003661252	-0.005981087	-0.035909033	0.010357878	-0.017840280	0.006446372	0.010988407	0.006666046	0.094734044	-0.050975371	0.000001547	-0.060839326	-0.003713971	-0.005983682	0.036050755	0.010475887	-0.017880734	-0.060839648	-0.003714643	-0.005984041	0.036051717	0.010479667	0.017882355	0.006359934	0.010960799	0.006674005	-0.094601643	-0.051084656	0.000000875	-0.060058699	-0.025357658	-0.011162473	0.046078754	-0.018303441	-0.000000228	-0.060142785	-0.025403448	-0.011193655	-0.045989518	-0.018442656	-0.000000359		A1*: R10*d(2)
0.000548292	-0.000356351	-0.000056157	-0.000047057	-0.000003842	0.386778058	0.000848828	0.000000144	-0.005132359	0.000072171	-0.000000084	-0.026518107	0.000021932	-0.000000547	-0.000020137	0.000000315	0.000000180	-0.000174362	0.919781579	0.000044767	0.000012040	0.000000011	0.000118478	2.759699303	-0.000000413	-0.143654130	-0.000344480	0.000000257	-0.000005533	0.096090786	-0.000056455	0.225634983	0.105776073	-0.016546097	0.023479708	-0.008312331	-0.135955829	0.016274689	0.000004129	0.080738843	-0.053615872	0.000000168	0.037334006	-0.010730658	-0.000000763	0.101725993	0.000005283	-0.000002065	-0.073682228	0.234575078	-0.065260325	-0.000007489	0.000004288	0.120103394	-0.159841652	0.000005087	-0.124733086	0.065229309	-0.000009857	0.000009794	0.090230565	-0.394257320	-0.225819909	-0.106156089	0.016484612	-0.023505960	0.008318030	-0.136049816	-0.016688025	-0.000003998	0.080765048	0.053831809	0.000000026	0.037340050	0.010793491	0.000001295	-0.101868274	0.000005040	0.000002013	0.073354822	0.234869626	0.065388806	-0.000007248	-0.000003342	-0.119673580	-0.160342139	-0.000006570	-0.124714021	-0.065612264	0.000010059	0.000009014	0.088652718	0.394648775	-0.001932427	-0.000355110	0.000167707	0.000105623	-0.000013178	-0.210605901	-0.000160915	0.000000004	0.139643536	0.000301537	0.000000091	0.035111674	0.000079740	-0.000000911	0.000246807	-0.000006025	0.000000208	0.000495302	-0.178480992	-0.000051648	0.000010365	0.000000016	-0.000448766	0.289971632	0.000000217	-0.127103231	-0.000130478	0.000000026	0.000028362	-0.473976761	-0.000814787	0.002410606	-0.033208542	-0.001555614	-0.094640575	0.055765990	0.025696890	0.002413455	-0.033208204	-0.001556719	-0.094643423	0.055763010	-0.025695796	-0.055398243	-0.017438283	0.005475570	-0.057140055	-0.021821488	0.000000750	-0.002509411	0.033201592	0.001546227	-0.094540812	-0.055821063	0.025666119	-0.002509001	0.033201442	0.001546316	-0.094537950	-0.055822097	-0.025668029	0.055409104	0.017448753	-0.005467445	-0.057307956	0.021695064	-0.000000336	-0.052626044	-0.028274589	-0.020258868	-0.046821011	-0.063542875	-0.000001904	0.052526399	0.028235253	0.020244819	-0.046944984	0.063476160	0.000001630		A1*: R10*d(-2)
0.000004440	-0.000000381	-0.000003598	-0.000000492	-0.000000013	-0.000000363	-0.000033720	-0.319971978	-0.000000004	0.000001168	-0.000925340	-0.000000013	0.000002173	0.053623190	0.000008538	-0.000023979	0.062349399	0.000015691	0.000000215	-0.000008631	-0.000024738	0.058449474	-0.000020064	-0.000000413	3.356215571	-0.000000314	0.000006117	0.052581707	0.000041573	0.000000110	0.000008206	-0.000005479	-0.000005876	0.000003475	0.000000392	-0.000000188	0.000004267	0.000001059	-0.055884423	0.000002263	-0.000004230	0.014823278	0.000000682	-0.000000215	0.001663985	0.000004721	-0.054493309	0.046542760	-0.000003559	0.000007197	-0.000008603	0.238630064	-0.078940426	0.000000870	-0.000000957	-0.251941899	-0.000012879	0.000008321	0.089701180	-0.151998465	0.000001829	-0.000000243	-0.000005011	-0.000005565	0.000003371	0.000000580	-0.000000219	-0.000004078	0.000000991	-0.055884288	-0.000002117	-0.000004119	0.014824353	-0.000000463	0.000000004	0.001663587	0.000005451	0.054455084	0.046585087	-0.000003324	-0.000006588	-0.000007227	-0.238565905	-0.079130707	0.000001608	0.000002430	-0.251941324	0.000012641	0.000008009	0.089459341	0.152140987	-0.000001795	0.000000123	0.000049327	0.000021697	-0.000006165	-0.000001679	0.000000308	-0.000000096	0.000001110	-0.024682011	0.000000003	-0.000011727	0.058431110	0.000000069	-0.000000796	0.002933508	-0.000019713	0.000071234	-0.179126116	-0.000019686	0.000000198	0.000025757	-0.000119349	0.297987580	0.000004309	-0.000000104	-0.225770102	-0.000000105	0.000031329	-0.061461446	-0.000048789	0.000000032	-0.000017504	-0.005479740	-0.020022683	-0.003435909	-0.082499942	0.059597104	0.034642556	0.005479899	0.020021291	0.003435188	0.082504763	-0.059599848	0.034637376	0.000000467	-0.000002084	-0.000000027	-0.000005493	0.000001525	-0.040199287	0.005480079	0.020020567	0.003435409	-0.082457987	-0.059665276	0.034637096	-0.005480194	-0.020022871	-0.003435730	0.082453455	0.059662396	0.034642077	-0.000000057	-0.000001783	0.000000157	0.000003639	0.000001766	-0.040199951	0.000001651	0.000002160	0.000000076	-0.000000226	0.000007381	-0.045678193	0.000001379	0.000002178	0.000000043	0.000000441	0.000007781	-0.045678847		A1*: R11*f(0)
-0.000001855	-0.000016514	0.000012284	-0.000000531	-0.000000065	-0.353628805	0.000135673	0.000000228	0.085655023	0.000030029	-0.000000064	0.062947844	0.000001655	0.000000036	-0.000030137	-0.000001667	-0.000000292	-0.000159682	0.084209512	0.000060381	0.000001899	0.000000072	0.000256131	-0.143654130	-0.000000314	3.340640029	-0.000046998	0.000000196	0.000001688	0.023735585	-0.000010573	0.047797251	0.099837625	-0.040824808	-0.004455842	0.005267216	-0.022272275	0.041116849	-0.000004379	-0.103474354	0.006468220	0.000003954	-0.004523121	-0.001371142	0.000000069	-0.097562841	-0.000007950	0.000005835	0.114046101	-0.187791839	0.191205351	0.000012442	-0.000007144	0.032111486	0.109471000	-0.000012112	0.114440345	-0.202521080	0.000000768	-0.000013337	0.022616745	-0.102497106	-0.047739993	-0.099806072	0.040773142	0.004449995	-0.005264568	-0.022212980	-0.041132029	0.000003752	-0.103430254	-0.006502889	-0.000003352	-0.004518735	0.001366824	-0.000000182	0.097488858	-0.000007887	-0.000005668	-0.113683074	-0.187885678	-0.191157870	0.000012087	0.000007303	-0.032360865	0.109406264	0.000012712	0.114158336	0.202649535	-0.000000240	-0.000012298	0.022457591	0.102492939	-0.000298642	-0.000150769	0.000038485	0.000010903	-0.000002106	0.020028162	0.000014086	0.000000089	-0.056591509	0.000035525	-0.000000061	-0.001906487	0.000004662	0.000000125	0.000065790	-0.000005727	0.000000017	0.000113819	-0.046804311	-0.000065586	0.000011499	-0.000000028	-0.000088800	0.138050883	-0.000000158	-0.209425099	-0.000165150	0.000000101	0.000031206	-0.091548200	0.000000442	0.031612154	0.062265112	0.003382319	-0.019127048	0.006556148	-0.040205404	0.031612870	0.062269786	0.003383048	-0.019124585	0.006553603	0.040210987	-0.034138845	0.036143889	0.003266426	0.130467265	-0.038400817	-0.000003140	-0.031605011	-0.062247078	-0.003378885	-0.019100658	-0.006554009	-0.040188581	-0.031604094	-0.062243446	-0.003378641	-0.019104945	-0.006558564	0.040183945	0.034144354	-0.036137151	-0.003269168	0.130426356	0.038483424	0.000001958	0.055963614	0.013383278	-0.008460476	0.044741345	-0.085614471	-0.000002872	-0.055989187	-0.013412973	0.008459814	0.044669055	0.085582929	0.000003359		A1*: R11*f(1)
0.000362533	0.046909185	-0.028958122	0.001924093	0.000299163	0.000134720	-0.694147985	0.000003148	0.000029793	0.010040556	0.000001557	0.000001910	0.058905695	-0.000002424	0.071666119	-0.000000369	-0.000007412	0.232641819	0.000220460	-0.147561598	0.000000174	-0.000000424	-0.358564099	-0.000344480	0.000006117	-0.000046998	3.456369586	0.000004598	0.000000275	-0.000109769	0.099276180	-0.078232346	-0.037718989	0.059247835	0.007274919	-0.003440450	0.035574983	-0.001053965	0.000001310	0.048579384	-0.059611139	-0.000001707	0.007306471	0.001025315	0.000000235	0.092702081	0.000003177	-0.000001792	-0.080437042	0.108985161	-0.060574680	-0.000009374	0.000000505	0.094953375	-0.017625875	0.000008936	-0.152845621	-0.046612972	-0.000010687	0.000001576	0.108890061	0.071905081	-0.078272734	-0.037798499	0.059278448	0.007278765	-0.003444771	-0.035591734	-0.001115511	0.000001576	-0.048613861	-0.059655496	-0.000001551	-0.007311345	0.001020738	-0.000000016	0.092779363	-0.000002628	-0.000002169	-0.080353678	-0.109262473	-0.060727032	0.000009844	-0.000000229	0.094900731	0.017864468	0.000008664	0.152973436	-0.046329860	-0.000010496	-0.000001602	-0.109043079	0.071725358	0.745245545	0.378356453	-0.096632958	-0.027538158	0.005403834	0.000014367	-0.017141054	0.000003271	0.000035501	-0.144010237	-0.000012776	0.000004583	-0.012627516	-0.000000835	-0.162389752	-0.000000017	0.000035745	-0.190919318	-0.000170825	0.163832191	-0.000000074	-0.000042055	-0.054886805	0.000011371	0.000030149	-0.000165799	0.203120252	0.000013699	-0.000000032	0.000292069	-0.273452281	-0.009363706	-0.027710184	-0.004881983	0.022320875	-0.017742824	0.026980668	-0.009365149	-0.027711849	-0.004882409	0.022314528	-0.017736964	-0.026981851	-0.013472028	-0.016351799	0.003230586	-0.013664520	0.025326515	-0.000000650	-0.009389851	-0.027761091	-0.004884617	-0.022315121	-0.017759846	-0.027013616	-0.009388735	-0.027759423	-0.004884643	-0.022323274	-0.017766118	0.027011727	-0.013447899	-0.016379315	0.003227507	0.013747985	0.025366975	0.000000026	0.032783722	0.037003781	0.000242089	-0.005569431	0.083467676	0.000004362	0.032736449	0.036993327	0.000248585	0.005538676	0.083540293	0.000004419		A1*: R11*f(-1)
0.000028356	-0.000022061	-0.000009892	-0.000003460	-0.000000186	-0.000000251	-0.000034083	-0.064415289	0.000000062	0.000000819	-0.016939827	-0.000000081	0.000001963	0.013645230	0.000014996	0.000184996	-0.108900141	0.000014661	-0.000000533	-0.000015574	-0.000243851	0.273476138	-0.000015817	0.000000257	0.052581707	0.000000196	0.000004598	3.341981414	-0.000097795	-0.000000367	0.000026728	-0.000001005	-0.000010285	0.000001381	0.000000351	0.000000058	0.000003806	-0.000000674	0.046731685	-0.000001043	-0.000001800	-0.033925333	0.000000669	-0.000000673	-0.004057506	-0.000000349	0.072903584	-0.016933539	0.000001048	-0.000007113	0.000012377	-0.052243989	0.173969114	0.000000827	0.000008085	0.084686643	0.000000641	-0.000011791	0.194374135	0.270094293	0.000007874	-0.000000329	-0.000001034	-0.000009419	0.000001576	0.000000785	-0.000000020	-0.000003512	-0.000001020	0.046550074	0.000000672	-0.000001276	-0.033830670	-0.000000337	0.000000046	-0.004057361	-0.000000458	-0.072711102	-0.016810041	0.000000961	0.000007478	0.000011863	0.051633826	0.173967264	0.000000663	-0.000008211	0.084466607	-0.000000536	-0.000011733	0.195202505	-0.269491961	-0.000008491	-0.000000191	0.000069310	0.000012970	-0.000008668	-0.000002097	0.000000384	-0.000000537	0.000001124	-0.059727791	0.000000170	-0.000015034	0.117178846	0.000000003	-0.000000723	0.003031066	-0.000025001	0.000215171	-0.277783592	-0.000029235	0.000000094	0.000023352	-0.000285762	0.352886415	0.000010431	0.000000280	-0.023514140	0.000000001	0.000007547	-0.228124301	-0.000514640	-0.000000023	-0.000003911	0.015862395	0.007031560	0.006347540	-0.050577222	-0.011397229	-0.005874797	-0.015861017	-0.007031560	-0.006348182	0.050579592	0.011401632	-0.005874753	-0.000000476	0.000001446	0.000000117	0.000006221	-0.000001291	0.033309525	-0.015858718	-0.006955854	-0.006345658	-0.050773472	0.011185064	-0.005822494	0.015859909	0.006955967	0.006345948	0.050769762	-0.011182941	-0.005822576	-0.000000132	0.000001324	0.000000305	-0.000004531	-0.000000149	0.033359317	0.000001006	0.000002831	0.000000489	-0.000002821	0.000004395	0.019335867	0.000001182	0.000002983	0.000000505	0.000002697	0.000004898	0.019334232		A1*: R11*f(2)
0.000000104	0.000000031	-0.000000030	0.000000030	0.000000011	0.000016636	0.000000294	-0.000051966	-0.000002402	0.000000126	-0.000013549	-0.000002952	0.000000018	0.000011466	-0.000000249	-0.178412144	-0.000157707	-0.000000400	0.000003903	0.000000083	0.170038538	0.000286886	-0.000000036	-0.000005533	0.000041573	0.000001688	0.000000275	-0.000097795	3.466358392	-0.000012198	0.000000308	0.000004136	-0.000002592	0.000000164	-0.000000201	-0.000000135	0.000001117	0.000000269	-0.114155166	0.000003414	-0.000000950	0.060221111	0.000000611	-0.000000103	0.000030229	0.000006903	-0.112045368	0.113180391	-0.000006755	0.000007363	-0.000011987	0.296792090	-0.026728298	0.000005361	-0.000005288	-0.138674952	-0.000012015	0.000001729	0.251269919	-0.182916133	0.000003677	-0.000004716	-0.000004559	0.000002217	-0.000000192	-0.000000195	0.000000193	0.000000966	-0.000000205	0.114227442	0.000003530	0.000000839	-0.060276941	0.000000236	-0.000000328	-0.000036434	-0.000007459	-0.112069780	-0.113295050	0.000006821	0.000007245	0.000010064	0.296851372	0.027241935	-0.000005583	-0.000006043	0.138808676	-0.000011390	-0.000002574	-0.250669025	-0.183743808	0.000003935	0.000004789	-0.000000081	0.000000036	0.000000088	0.000000091	-0.000000024	0.000001724	0.000000060	-0.000047473	-0.000001993	-0.000000019	0.000093766	-0.000000546	-0.000000068	0.000002517	-0.000000241	-0.130168325	-0.000274828	-0.000000053	0.000017684	0.000000088	0.180164301	0.000354772	0.000000229	-0.000027673	-0.000018723	0.000029219	-0.000000001	-0.000514643	0.414494207	0.000025387	0.000000093	-0.001219109	-0.047659287	-0.001228631	-0.116230851	0.110217977	0.032827635	0.001212970	0.047654789	0.001228183	0.116230765	-0.110214350	0.032824158	-0.000000269	-0.000001684	-0.000000253	-0.000002814	-0.000000823	0.031002414	-0.001239087	-0.047664905	-0.001238566	0.116062861	0.110324321	-0.032831945	0.001243533	0.047669865	0.001238316	-0.116063978	-0.110327615	-0.032837487	-0.000000322	0.000001348	0.000000020	-0.000002428	0.000000628	-0.030948877	-0.000002424	0.000000542	0.000001158	-0.000002483	0.000009966	-0.000382444	0.000002436	-0.000000468	-0.000000956	-0.000002235	-0.000010253	0.000414339		A1*: R11*f(-2)
-0.001164790	0.000903685	0.000342925	0.000137750	0.000008318	-0.169780791	0.000130914	-0.000000190	-0.025483160	0.000009463	0.000000015	0.019414103	0.000010668	0.000000122	-0.000634099	-0.000006643	-0.000000127	-0.000300389	0.007801263	0.000820067	0.000009256	0.000000027	0.000182472	0.096090786	0.000000110	0.023735585	-0.000109769	-0.000000367	-0.000012198	3.821723234	-0.000286016	-0.120099380	0.037312047	0.027007247	0.000476002	0.001032254	-0.002667894	0.050196988	-0.000003169	-0.015338833	-0.029285369	0.000000874	-0.009943283	-0.008408994	-0.000000155	-0.047799902	-0.000001162	-0.000001141	0.223755404	0.058274471	-0.039026559	0.000003666	0.000004593	-0.358583295	-0.090144528	0.000003998	0.031278652	0.073312287	0.000009508	0.000002222	-0.438631272	0.111179927	0.119834106	-0.036720945	-0.026905496	-0.000495566	-0.001046000	-0.002480626	-0.050188143	0.000003152	-0.015583401	0.029167382	-0.000000976	-0.009916651	0.008399748	0.000000406	0.048168484	-0.000000756	0.000000737	-0.224169768	0.057063879	0.038553188	0.000004320	-0.000005948	0.359181824	-0.088861999	-0.000002869	0.030980994	-0.073289488	-0.000009875	0.000003049	-0.438342611	-0.112472950	-0.001241349	0.000142783	0.000134364	0.000026642	-0.000005495	-0.057709175	-0.000039493	-0.000000115	0.115253180	0.000225539	0.000000019	0.018102489	0.000008229	0.000000162	0.000146105	-0.000013601	0.000000025	0.000759546	-0.334113272	-0.000009229	0.000019525	0.000000039	-0.000532179	0.497942245	0.000000056	-0.053219642	0.000439130	0.000000106	0.000024434	-0.252920756	-0.000312511	0.022004032	0.029113814	0.001245484	0.094257367	-0.074901617	-0.054583415	0.022001738	0.029116405	0.001244890	0.094262973	-0.074900962	0.054584709	0.000796902	-0.010421046	-0.007418563	-0.125351024	0.051414043	0.000002243	-0.022031194	-0.029232969	-0.001251223	0.094382654	0.075078202	-0.054630235	-0.022031795	-0.029230034	-0.001251319	0.094376843	0.075075822	0.054629503	-0.000842209	0.010314945	0.007396591	-0.125168909	-0.051661687	-0.000002190	0.008889709	-0.026911204	-0.020470576	0.015851508	-0.174027988	-0.000004765	-0.008918020	0.026772960	0.020436627	0.015527052	0.173909210	0.000004715		A1*: R11*f(3)
0.975244756	-0.756274275	-0.287124242	-0.115148867	-0.006974599	-0.000135866	-0.163335033	-0.000007474	-0.000024784	-0.015726807	0.000000207	0.000023878	-0.003077027	-0.000000164	0.530355006	-0.000000134	-0.000026554	0.245461619	0.000205487	-0.686848076	0.000000212	0.000025681	-0.213742790	-0.000056455	0.000008206	-0.000010573	0.099276180	0.000026728	0.000000308	-0.000286016	4.060957030	0.110333242	-0.248492254	-0.043247909	0.008404545	0.005708821	0.061807449	-0.004819696	-0.000000729	-0.092983157	0.044662030	0.000001697	0.013427993	0.000192095	0.000000075	-0.154682740	-0.000008705	0.000002384	0.137764482	-0.357698929	0.198063454	0.000008992	-0.000008668	-0.191673834	0.298052450	0.000003101	-0.149717342	0.000477363	-0.000000928	-0.000004676	0.007928202	0.103371261	0.110620800	-0.248579230	-0.043323219	0.008402483	0.005706370	-0.061809171	-0.004988535	-0.000000404	0.092912781	0.044806345	0.000001476	-0.013450615	0.000201318	-0.000000021	-0.154566996	0.000009095	0.000002393	0.136660873	0.358053531	0.198155824	-0.000008192	-0.000008656	-0.190342042	-0.298570788	0.000001536	0.149789541	0.000421313	-0.000001355	0.000003730	-0.009221162	0.103086710	1.033040439	-0.120816909	-0.111236978	-0.022542076	0.004525847	-0.000075636	0.015066823	0.000002578	0.000198211	-0.149230994	-0.000008234	0.000021020	-0.000413277	-0.000000121	-0.120742903	-0.000000019	0.000025119	-0.409945272	-0.000729635	0.008610649	-0.000000034	-0.000015289	0.111025235	0.000687353	-0.000024685	0.000089598	-0.383494273	-0.000008830	0.000000158	-0.000310159	0.005989692	0.011844964	0.048737172	0.002655465	0.075177746	-0.042223521	-0.019533415	0.011843874	0.048738537	0.002655476	0.075178996	-0.042227295	0.019528182	0.019156899	0.044520489	0.009472813	0.058605813	0.061645779	-0.000004031	0.011792674	0.048668816	0.002652177	-0.074919795	-0.042106609	0.019397378	0.011792390	0.048668335	0.002651897	-0.074920093	-0.042104168	-0.019402173	0.019161268	0.044542771	0.009490941	-0.058953256	0.061476746	-0.000002848	0.011826918	0.057865328	0.013796399	-0.077290701	0.055260780	0.000000790	0.011804166	0.057930123	0.013847310	0.077285008	0.055738740	0.000001027		A1*: R11*f(-3)
-0.017133474	-1.050980719	0.214952869	0.071270451	0.008261511	-0.985098012	0.299204101	0.000016750	-0.322226200	0.087789778	0.000004228	-0.159879751	0.092422402	0.000002209	0.145520489	0.000019735	-0.000000599	-0.272132425	0.618693963	0.483374179	-0.000001723	-0.000015478	-0.121093592	0.225634983	-0.000005479	0.047797251	-0.078232346	-0.000001005	0.000004136	-0.120099380	0.110333242	21.781868750	0.049763254	-1.760120573	-0.275821016	0.004601986	0.142707161	-0.126790059	0.000005581	-0.415148262	0.258677450	0.000006058	-0.063656247	0.038240706	0.000001674	-0.282583764	-0.000012038	0.000009858	0.164414511	-0.395047558	-0.490834362	-0.000016409	0.000009762	0.263055524	-0.671184502	0.000004348	-0.250546381	0.524586976	-0.000002124	0.000021168	0.012331083	-0.491788268	0.050582848	1.502436757	0.468710054	0.025624759	-0.001630949	0.524778134	0.112746059	0.000002599	-0.273012403	-0.074991153	-0.000002962	0.000015029	-0.025569744	-0.000000961	0.166279461	-0.000004548	-0.000007526	0.062953521	-0.064803925	0.105270316	-0.000005054	-0.000008753	0.284517276	0.003777233	-0.000001769	-0.006994973	-0.137371182	-0.000001175	0.000011255	-0.211021035	0.061372596	0.042048445	0.695335328	0.220073657	0.030984018	0.000261997	-0.164524586	-0.530863030	-0.000013034	0.122096272	0.269756289	0.000005552	0.034695010	0.011501451	0.000000400	0.132204686	-0.000013803	-0.000002890	-0.022131565	-0.354490545	0.131621779	-0.000013926	-0.000003868	-0.021405701	-0.440338245	0.000003458	0.064123044	0.057454836	0.000008426	-0.000014055	0.340091017	0.157872546	0.096798069	0.281683108	0.123673772	-0.084265445	0.044430813	0.019481808	0.096785105	0.281680498	0.123673750	-0.084271697	0.044442780	-0.019487585	0.189885381	0.319556344	0.121259314	-0.089043168	0.087462756	0.000002507	0.125881553	0.107050889	-0.005786801	-0.059313405	-0.013925280	0.091128693	0.125876082	0.107048451	-0.005786549	-0.059308733	-0.013921021	-0.091128870	0.187463562	0.183834439	-0.005964279	-0.259246916	0.069439855	-0.000003610	0.051460712	0.089277342	-0.000001395	-0.125676501	0.239081207	0.000007609	0.340710325	0.279356408	0.000514818	0.024543655	-0.052667562	-0.000002405		A2*: R12*s(0)
-2.289838446	1.145203088	0.439643220	0.091603062	0.018675844	-0.022128225	-0.128568752	0.000000734	-0.030414752	0.070491808	0.000001899	0.008872209	0.019739817	-0.000000071	-0.338054476	-0.000004301	0.000014945	-0.032784877	0.025205781	0.676044617	0.000002855	-0.000021493	-0.242921156	0.105776073	-0.000005876	0.099837625	-0.037718989	-0.000010285	-0.000002592	0.037312047	-0.248492254	0.049763254	2.056186101	-0.319207405	-0.032344273	-0.001934818	-0.175515841	0.038427303	0.000000909	-0.028657184	0.029883052	-0.000000844	-0.034194507	0.017622386	0.000000505	0.134883576	0.000005642	-0.000004590	-0.080792107	0.215837767	-0.153806686	-0.000004739	0.000005550	0.134449641	-0.196498476	-0.000005499	-0.010418513	0.535997269	-0.000002724	0.000012891	0.101297701	-0.330846444	1.502563106	0.576424123	-0.224645429	-0.041914991	0.003377519	0.311186178	0.346282466	0.000011079	0.039406231	0.028434670	0.000000517	0.035208257	0.019224024	0.000000691	0.092957373	0.000002074	0.000000159	-0.100752814	-0.087482872	-0.271694278	0.000008907	0.000002065	0.209937531	0.316653595	0.000001179	0.021325446	0.159427520	0.000004025	-0.000006489	-0.019402428	-0.043906209	-0.049972948	0.786143573	-0.007449641	-0.019051712	0.001534336	-0.074709645	-0.369131683	-0.000010087	-0.023954761	0.100371803	0.000002984	-0.004155106	-0.031342837	-0.000000945	-0.013427320	0.000013069	-0.000009488	0.282739700	0.194884952	-0.081778808	0.000002364	0.000001754	0.038023075	0.052203435	0.000003145	-0.011929842	0.049998692	0.000008163	0.000001912	-0.070330375	0.148374124	0.330317788	-0.074220702	-0.004725426	-0.092915989	0.137339390	0.105830022	0.330319052	-0.074215701	-0.004725432	-0.092916672	0.137341213	-0.105825499	0.313316333	-0.017419230	-0.007212335	-0.248968823	0.002806600	0.000003345	-0.036559725	0.052918074	0.009335653	0.102000588	0.069504306	-0.034776743	-0.036560780	0.052921831	0.009335721	0.101996174	0.069500823	0.034773680	0.049422458	0.021455519	0.008147697	0.108710349	-0.003286574	0.000002506	0.024595056	0.062707365	-0.000869646	0.006504555	-0.148196034	-0.000006102	0.128220295	0.015715349	-0.005370907	-0.006619285	-0.088665307	-0.000002401		A2*: R13*s(0)
0.256097329	-0.055196887	-0.194965064	-0.031402269	-0.033465958	0.098528176	-0.025641061	-0.000002326	0.198335137	-0.012738171	-0.000002768	0.076880687	-0.035934817	-0.000000622	0.045103947	-0.000006229	-0.000004625	0.076419601	-0.119448288	-0.057484724	0.000002053	0.000003186	-0.033231715	-0.016546097	0.000003475	-0.040824808	0.059247835	0.000001381	0.000000164	0.027007247	-0.043247909	-1.760120573	-0.319207405	1.402794110	0.069768508	-0.006428695	0.062557688	-0.055605097	-0.000003902	0.195357761	-0.121237680	-0.000002636	0.038493004	-0.026558831	-0.000000827	0.083520996	0.000003174	-0.000002704	-0.037843352	0.112715011	0.181027309	0.000005241	-0.000002546	-0.075575239	0.241530793	-0.000001464	0.032031132	0.033864594	-0.000002427	-0.000001173	0.019398755	-0.047677065	0.468650661	-0.224675476	-0.281836929	-0.025779489	0.003778677	-0.061623344	0.033601157	0.000003548	0.146950688	0.026610043	0.000001917	-0.002081224	0.008919760	0.000000527	-0.059594991	0.000003766	0.000001205	0.003327835	0.013483839	-0.104048495	0.000004972	0.000002329	-0.072457379	0.056537212	-0.000000253	0.029997787	0.044723312	0.000000144	-0.000005150	0.055647264	-0.043643312	0.164498497	-0.144242621	-0.138129492	-0.015089739	0.001697938	0.010549332	0.060179898	0.000001808	-0.077712406	-0.091691660	-0.000000687	-0.009438607	0.002345194	0.000000120	-0.055982218	0.000005780	0.000000948	-0.028745071	0.081710594	-0.076204820	0.000006918	0.000002035	-0.023999897	0.158044865	-0.000002202	-0.001640529	-0.046304459	-0.000004735	0.000003615	-0.095232284	-0.079540101	0.089284744	-0.081073314	-0.014887137	0.046669758	0.071836101	0.129720834	0.089285308	-0.081069460	-0.014886402	0.046667742	0.071832482	-0.129720891	0.061999317	-0.085975381	-0.019153552	-0.080155956	-0.125976663	0.000000141	-0.058327151	-0.043171475	0.012175632	0.048740952	0.029174030	-0.026145449	-0.058325835	-0.043167315	0.012175868	0.048737451	0.029172224	0.026143324	-0.012614405	-0.083536595	0.011595478	0.067768847	-0.027362173	0.000000980	0.032652861	-0.040579932	-0.000112771	0.036351798	-0.063168501	-0.000002612	-0.052578991	-0.075024145	0.014171469	0.018703348	0.040275287	0.000001828		A2*: R14*s(0)
0.117441065	-0.046639005	-0.052226149	-0.245650542	0.200355377	0.002148835	0.000462692	-0.000000104	0.039311929	-0.027726952	-0.000000290	0.306776334	-0.191943095	-0.000004202	0.030731165	-0.000000215	-0.000001343	0.000797427	0.006878287	-0.020402313	0.000000572	0.000000775	-0.015598719	0.023479708	0.000000392	-0.004455842	0.007274919	0.000000351	-0.000000201	0.000476002	0.008404545	-0.275821016	-0.032344273	0.069768508	-0.303995089	-0.858311831	0.030326895	-0.012353963	-0.000000968	0.053742715	-0.033009780	-0.000000808	0.030709609	-0.022640793	-0.000000309	0.009565829	0.000000531	-0.000000341	-0.005937914	0.009071516	0.025948832	0.000000817	-0.000000465	-0.016295095	0.030852390	0.000000252	0.011701303	-0.061543348	0.000000161	-0.000002073	-0.006037033	0.047214890	0.025625169	-0.041912671	-0.025781153	-0.033808630	-0.014103585	-0.018867440	-0.012368208	-0.000000064	0.016594439	0.001650155	-0.000000183	0.028792497	0.036387699	0.000000675	-0.005342821	0.000000298	0.000000641	0.000529281	0.009773344	0.010707650	-0.000000415	-0.000000950	-0.001725232	-0.008428057	-0.000000521	0.000265180	-0.002461574	0.000001236	-0.000000668	0.002189586	-0.007617684	0.044260093	-0.033792901	-0.019310710	-0.049197485	-0.023954743	0.005466211	0.022378668	0.000000445	0.000469118	-0.018209916	-0.000000841	-0.031040497	-0.057882271	-0.000001699	-0.003401350	0.000000129	0.000000995	-0.015528269	0.006581517	0.002061280	-0.000000269	-0.000000494	-0.000632266	-0.003154170	-0.000000063	0.002800622	-0.005165776	0.000000209	-0.000000637	0.001409500	-0.017789432	0.041042730	-0.106761116	-0.340944882	0.007914934	0.013201463	0.022985533	0.041044454	-0.106759966	-0.340943953	0.007914649	0.013200876	-0.022985850	0.034086521	-0.112125147	-0.347307170	-0.014116635	-0.022358648	0.000000080	-0.001868802	-0.006978951	-0.006470791	-0.000499585	-0.000491921	-0.001533011	-0.001868605	-0.006978964	-0.006470770	-0.000499573	-0.000492225	0.001531677	-0.000386719	-0.003213523	-0.010337874	0.000472772	0.000086784	-0.000000856	0.002970471	0.000459805	-0.009930976	-0.000772635	0.001577148	-0.000000416	-0.001178071	-0.018068416	-0.018874411	-0.001568810	0.008057711	-0.000000198		A2: R15*s(0)
-0.011607766	0.015360465	0.050151659	-0.191193989	-0.041891344	0.025322164	-0.016078909	-0.000000339	-0.106763499	0.066075673	0.000001415	0.356732862	-0.224744722	-0.000004795	-0.004725024	0.000000122	0.000000249	-0.001663485	0.003392504	0.001225998	-0.000000192	-0.000000095	0.003565006	-0.008312331	-0.000000188	0.005267216	-0.003440450	0.000000058	-0.000000135	0.001032254	0.005708821	0.004601986	-0.001934818	-0.006428695	-0.858311831	-10.119911733	-0.006628591	0.003809358	0.000000254	-0.002096955	0.000922049	0.000000068	0.006601303	-0.002718668	-0.000000347	-0.000974805	-0.000000106	0.000000063	0.000921206	-0.001516091	-0.003799646	-0.000000146	0.000000034	0.002543352	-0.006117305	0.000000114	-0.001803425	-0.003539398	0.000000066	-0.000000058	-0.000961703	0.002041776	-0.001630829	0.003376938	0.003778805	-0.014103520	-0.000458728	-0.000556324	-0.000026158	0.000000001	-0.003762141	-0.003683172	-0.000000066	0.022535386	0.022796624	0.000000502	0.001752672	-0.000000027	-0.000000099	-0.000891245	0.001319287	0.001042349	-0.000000008	-0.000000016	0.003397254	0.002119044	0.000000061	-0.000210437	0.000460604	-0.000000124	0.000000090	-0.000380179	0.000635715	-0.000129877	0.004295118	0.002204345	-0.020735887	-0.001947890	-0.000443409	-0.000623749	-0.000000035	0.003551292	0.005827310	0.000000178	-0.010994279	-0.040172116	-0.000001067	0.000614521	0.000000013	-0.000000011	-0.000995398	0.000555845	0.000590704	-0.000000079	0.000000104	-0.001904536	-0.001578347	-0.000000038	-0.000295047	0.000591085	-0.000000065	0.000000065	-0.000489582	0.001772207	-0.066308940	0.041993396	-0.357149179	0.000210778	-0.008025166	-0.011293864	-0.066309810	0.041991850	-0.357148314	0.000211012	-0.008025006	0.011293934	-0.064232000	0.047826372	-0.361606161	0.010293315	0.008595135	-0.000000134	0.000673983	-0.001273241	-0.001661642	-0.000720890	-0.000040206	0.000101213	0.000673818	-0.001273247	-0.001661440	-0.000720952	-0.000040134	-0.000101058	-0.001635291	0.002893163	-0.008487616	-0.001069982	0.001410663	-0.000000007	-0.002814886	0.002412382	-0.009934927	-0.001552140	0.000892220	0.000000008	0.000479142	-0.001216040	-0.004682046	-0.000602543	-0.000859329	0.000000018		A2: R16*s(0)
0.851752826	-0.344760466	-0.193967304	-0.035229372	-0.037299903	-0.208065285	0.071980006	-0.000002402	-0.065364839	-0.016636821	-0.000000813	0.014308055	-0.022559954	-0.000000464	0.215893161	0.000001695	-0.000016768	0.208498835	0.100037342	-0.347773202	-0.000002947	0.000012503	0.068662828	-0.135955829	0.000004267	-0.022272275	0.035574983	0.000003806	0.000001117	-0.002667894	0.061807449	0.142707161	-0.175515841	0.062557688	0.030326895	-0.006628591	1.701858654	-0.082809253	-0.000006219	0.513743948	-0.031064721	0.000001720	0.057502224	-0.006691242	-0.000000493	-0.025489558	0.000000587	0.000001602	0.010818749	-0.000642142	0.109987983	0.000003260	-0.000008162	-0.201899819	0.529762291	-0.000007050	0.270978350	-0.013400541	0.000003939	0.000001296	0.008022123	0.006791552	-0.524888800	-0.311450086	0.061581571	0.018880045	0.000556020	-0.192656533	-0.115373468	-0.000002085	0.004224857	-0.019051739	-0.000000458	-0.019523977	-0.003119092	0.000000013	-0.049316634	-0.000001439	0.000001995	-0.012907072	-0.029153917	0.100895573	-0.000002910	0.000000323	-0.143560975	-0.124945966	-0.000002117	-0.028424506	-0.057200606	-0.000003043	-0.000000551	0.085920277	-0.025715477	0.167965211	-0.427810735	-0.015267449	0.013000941	0.001131258	0.098084347	0.250929243	0.000006445	-0.045845188	-0.079837158	-0.000002387	0.006637122	0.034212207	0.000000459	-0.003474261	-0.000000599	0.000000907	-0.100330717	-0.026010754	0.031632993	-0.000000657	-0.000000046	-0.018905519	-0.019776613	-0.000003485	0.020343941	-0.056823392	-0.000007976	-0.000000529	-0.017463982	-0.122039761	-0.019586866	0.067480394	0.002168490	0.153556934	-0.078116964	0.022961178	-0.019587386	0.067481181	0.002168920	0.153555506	-0.078114683	-0.022962587	0.210163653	-0.148959682	0.020359389	-0.001972326	-0.169929506	0.000001954	0.016259278	-0.032203845	-0.002451997	-0.023667728	0.003577368	-0.004129106	0.016256805	-0.032205315	-0.002451626	-0.023666639	0.003579671	0.004129242	-0.062703462	0.004883856	0.000295544	-0.007541825	-0.019980323	-0.000000620	-0.032303119	-0.011359144	0.000676660	0.027459797	0.072109916	0.000001876	-0.036043597	-0.064036835	0.007167257	0.027000860	0.050204705	0.000000809		A2*: R17*p(0)
-0.609769304	0.355666187	0.098731896	0.027985888	0.024415676	0.012493215	-0.305447847	-0.000005775	0.001010824	-0.114727224	-0.000001876	-0.016446416	-0.003538311	-0.000000247	-0.161232557	-0.000002744	-0.000000561	0.267326534	0.137267209	0.224406093	0.000002565	-0.000005242	-0.191125979	0.016274689	0.000001059	0.041116849	-0.001053965	-0.000000674	0.000000269	0.050196988	-0.004819696	-0.126790059	0.038427303	-0.055605097	-0.012353963	0.003809358	-0.082809253	1.579158540	0.000001966	-0.007015814	0.517220780	-0.000000959	-0.006095778	0.047558382	0.000000445	-0.005628786	0.000001245	0.000001487	0.023695786	-0.016213787	-0.401444001	-0.000010817	-0.000002673	0.102736381	-0.121170690	0.000003208	0.022876170	-0.133308957	0.000006974	0.000002568	-0.105034629	-0.189473981	0.112341351	0.346030696	0.033667156	-0.012352932	-0.000025891	0.115089683	0.163775806	0.000004595	-0.032838967	-0.022646023	-0.000000803	0.015168269	0.016421520	0.000000155	0.010256294	-0.000002288	0.000001186	-0.066742705	-0.022480232	-0.073855235	0.000002771	0.000003482	-0.017617422	0.110938206	0.000002099	-0.003640236	0.031350369	0.000000517	-0.000002802	0.064104363	0.022131933	0.491457039	0.229529145	-0.050657472	-0.014962094	-0.000104590	0.046279122	-0.170692911	-0.000005755	-0.027239889	0.029909140	0.000000385	0.003784010	-0.009494692	-0.000000460	0.023743168	0.000001962	-0.000001504	0.008601971	0.050849753	-0.040627444	-0.000000782	0.000004951	-0.056823940	-0.023679468	-0.000002414	-0.015024907	-0.024421231	0.000000389	-0.000001358	0.035846824	0.074483464	-0.158609149	0.136004705	-0.018269490	-0.045684746	0.015656636	-0.090720692	-0.158606769	0.135996138	-0.018269105	-0.045684596	0.015661488	0.090720065	0.116950945	-0.151566369	0.012266313	-0.215494245	0.056490436	0.000002326	0.028783281	0.032282271	-0.002164252	0.005907662	0.004697941	-0.000870070	0.028780775	0.032281948	-0.002164439	0.005906948	0.004696360	0.000871361	0.005955203	0.034033790	0.001204384	0.057878284	0.047990654	0.000001676	0.019540148	-0.008503375	0.001495080	-0.030291277	-0.020747857	-0.000000584	0.040005401	0.000740793	-0.001132866	0.009703889	-0.000042260	-0.000000398		A2*: R17*p(1)
-0.000010517	-0.000000878	0.000003706	0.000000358	0.000000467	0.000001591	-0.000010799	-0.027107541	-0.000004497	-0.000001131	-0.016653196	-0.000000784	0.000000135	-0.004649749	-0.000006687	0.142874406	-0.165449772	0.000003495	-0.000001551	0.000006484	-0.117149112	0.075569507	-0.000002522	0.000004129	-0.055884423	-0.000004379	0.000001310	0.046731685	-0.114155166	-0.000003169	-0.000000729	0.000005581	0.000000909	-0.000003902	-0.000000968	0.000000254	-0.000006219	0.000001966	1.504349715	-0.000000256	0.000001267	0.511192258	-0.000000572	0.000000458	0.034962220	0.000006135	-0.030083888	-0.005980772	0.000000085	0.000000143	0.000004952	-0.099256241	-0.301119096	0.000002669	-0.000014685	0.024051403	-0.000006073	0.000002574	0.206479634	0.106651056	0.000001026	0.000003957	0.000004639	0.000009953	0.000002954	-0.000000208	-0.000000213	0.000001797	0.000004704	-0.014942693	0.000000290	-0.000003359	-0.001755377	0.000000091	0.000000298	0.001545250	-0.000001654	-0.043977858	-0.000512930	0.000002678	-0.000002987	-0.000000947	0.008751670	-0.004874991	0.000002009	-0.000002848	-0.006984349	-0.000000973	-0.000000595	-0.024753517	-0.007003471	-0.000002835	0.000002124	0.000016136	0.000005517	-0.000001355	-0.000000649	0.000000079	0.000000666	-0.000000309	-0.075531883	0.000002995	-0.000001650	0.024623045	0.000000076	-0.000000076	-0.003598868	-0.000001988	0.071494595	-0.023187676	-0.000000538	-0.000006262	-0.000002000	0.036416635	-0.002830102	-0.000000833	-0.000006217	0.018188231	0.000003620	-0.000000929	-0.018638857	0.039624155	0.000006264	0.000000817	-0.168510761	0.193162044	-0.026169240	0.049114180	-0.115011022	-0.042083380	0.168515791	-0.193164064	0.026169429	-0.049118474	0.115016523	-0.042083914	-0.000000860	0.000001732	-0.000000271	0.000000269	0.000002802	0.058462296	0.038645861	-0.013659829	-0.001350332	-0.020705155	-0.022303714	-0.011487232	-0.038643149	0.013665637	0.001349930	0.020706859	0.022299306	-0.011488083	0.000002361	-0.000000387	-0.000000090	0.000000321	-0.000000315	-0.015100164	0.000000771	-0.000002422	-0.000000228	-0.000000065	0.000001494	-0.043672073	0.000002035	0.000001200	0.000000185	-0.000000028	-0.000002048	0.028172072		A2*: R17*p(-1)
0.015337071	-0.041832233	-0.012020507	-0.051330723	-0.061766547	0.100457377	0.026727941	0.000000574	-0.070027821	-0.059252064	-0.000001371	0.066944381	-0.069707320	-0.000001598	-0.061398306	-0.000004432	0.000003705	-0.011976440	-0.152691423	0.062142870	0.000002890	-0.000001735	-0.040644900	0.080738843	0.000002263	-0.103474354	0.048579384	-0.000001043	0.000003414	-0.015338833	-0.092983157	-0.415148262	-0.028657184	0.195357761	0.053742715	-0.002096955	0.513743948	-0.007015814	-0.000000256	0.820035050	0.062560195	0.000000015	0.109752069	-0.017492567	-0.000000421	0.023836870	-0.000000734	-0.000004122	-0.115091617	0.120314205	0.034933224	-0.000000917	-0.000002738	-0.139604309	0.053498696	0.000000701	-0.014749102	-0.057413814	-0.000000814	-0.000002671	-0.035794216	0.056622460	0.273066055	-0.039433171	-0.146970813	-0.016594589	0.003764954	0.004183416	0.032856530	0.000000021	0.163727949	-0.053294112	0.000001323	-0.007390567	0.010499242	0.000000135	-0.047737212	0.000000616	0.000001000	0.052268912	0.011501120	-0.059124856	0.000000803	0.000001901	0.016354212	0.015712166	0.000000070	0.046715243	0.020502164	-0.000000256	-0.000002925	0.003400805	-0.030505251	-0.011056749	-0.041395728	-0.091882945	-0.001352841	0.006481965	-0.028182556	-0.008963404	0.000000390	0.044078186	-0.016611278	-0.000001672	-0.013038446	0.006409194	-0.000000097	-0.008911022	0.000000968	0.000001080	0.005656509	0.021642537	-0.030526773	0.000000691	0.000003071	-0.019154040	0.038724767	0.000001383	0.004992459	0.020918038	0.000000843	0.000000269	-0.026267572	-0.011001482	0.021569273	0.030947298	0.003087089	0.071249784	0.011529794	-0.015850511	0.021568289	0.030948231	0.003088096	0.071250252	0.011527080	0.015852774	-0.045990576	0.132901152	0.050585490	0.181676137	0.129558578	-0.000002048	-0.031026473	0.002343639	0.010054874	0.049618617	-0.003279967	-0.014482690	-0.031024316	0.002342703	0.010055164	0.049616633	-0.003280910	0.014483015	0.016242096	-0.024618943	0.018323596	0.027032493	-0.027508029	0.000001220	0.009705321	-0.038923263	0.003057597	0.000405618	-0.028776117	-0.000001153	-0.030557635	-0.051148941	-0.001776618	-0.002082166	0.003440174	0.000000432		A2*: R18*p(0)
-0.016588264	0.023859529	0.060440805	0.029083129	0.039398405	0.006498832	0.167211595	0.000001923	-0.107685014	-0.114731634	-0.000000866	-0.081186424	-0.002842394	0.000000481	0.013283165	0.000002421	0.000004492	-0.165891527	0.044519600	-0.012386475	-0.000000911	-0.000002466	0.094248265	-0.053615872	-0.000004230	0.006468220	-0.059611139	-0.000001800	-0.000000950	-0.029285369	0.044662030	0.258677450	0.029883052	-0.121237680	-0.033009780	0.000922049	-0.031064721	0.517220780	0.000001267	0.062560195	0.842017153	0.000003047	-0.019342070	0.093906026	0.000000334	-0.154629818	-0.000004963	-0.000001332	-0.074372736	-0.044610716	-0.134832548	-0.000003850	0.000000335	-0.133996876	-0.085677450	-0.000000292	-0.025736830	0.081279350	-0.000000540	0.000001988	-0.023109432	0.020911537	-0.074772302	0.028409077	0.026494407	0.001637299	-0.003680158	0.019075950	-0.022602957	-0.000002876	0.053476870	-0.067823650	0.000001113	0.004768212	-0.000091006	-0.000000414	-0.014535552	-0.000000041	0.000000205	0.029474327	-0.017920219	0.008858367	-0.000001382	-0.000000642	0.034442706	-0.060959151	0.000000479	0.025514684	-0.013682502	-0.000000618	0.000000759	-0.039780513	-0.007701364	-0.244331826	-0.028933658	0.043349660	0.016724484	-0.000520691	-0.049420324	0.012831667	0.000001009	-0.046917354	0.100872753	0.000001135	0.010722978	0.003295447	0.000000130	0.055173581	-0.000000409	-0.000002468	0.025619681	0.005309357	0.079884282	-0.000001086	-0.000003079	0.032772591	-0.033381840	0.000004704	-0.021498226	0.065490061	0.000004806	0.000000482	0.008508760	0.049603687	0.056107987	-0.072688253	-0.036799536	0.014859262	0.142378725	0.102821238	0.056106794	-0.072686694	-0.036799253	0.014856311	0.142376963	-0.102820148	-0.043348784	0.050626078	0.037792427	0.074037272	0.152238526	0.000000066	-0.000039218	0.031827411	-0.001076984	0.022797431	-0.021338362	-0.003916871	-0.000038086	0.031826115	-0.001077250	0.022798026	-0.021337563	0.003918555	0.006750636	0.006863274	0.010936929	-0.020950884	-0.028637321	-0.000000001	-0.035808310	-0.010841896	-0.011668539	-0.026490721	0.025336776	0.000000586	-0.007217107	0.018645097	-0.009520864	-0.016184116	-0.015288743	-0.000000743		A2*: R18*p(1)
-0.000000140	0.000001570	-0.000001074	0.000000655	0.000000808	-0.000000620	0.000002565	0.131126658	0.000001860	-0.000003329	-0.122752789	-0.000001022	0.000000013	-0.026468781	0.000000594	0.004132830	0.016892230	-0.000003928	0.000000709	0.000000248	-0.030454387	0.014691518	0.000002395	0.000000168	0.014823278	0.000003954	-0.000001707	-0.033925333	0.060221111	0.000000874	0.000001697	0.000006058	-0.000000844	-0.000002636	-0.000000808	0.000000068	0.000001720	-0.000000959	0.511192258	0.000000015	0.000003047	0.765691961	-0.000000367	0.000000260	0.078211191	0.000000435	-0.085935059	-0.084203765	-0.000000901	-0.000003463	0.000001437	-0.133230067	0.001060547	-0.000002155	-0.000000557	0.013275164	0.000001566	0.000000350	-0.065397368	0.001823773	-0.000000622	-0.000001768	-0.000003793	0.000000239	0.000002362	-0.000000007	-0.000000059	0.000000372	-0.000001025	-0.001754270	-0.000002066	0.000001478	0.071683515	0.000000176	-0.000000149	-0.004614475	0.000000574	0.025372792	-0.003036539	-0.000000881	0.000000835	0.000001777	0.044624317	0.016558625	-0.000000845	0.000000229	-0.011994216	0.000000399	0.000000315	0.002310762	-0.010193331	0.000000316	-0.000000256	-0.000006307	-0.000001426	0.000001151	0.000000567	0.000000042	-0.000001043	-0.000000053	0.024546544	-0.000005747	0.000004596	-0.006607073	-0.000000105	0.000000193	-0.001312407	0.000002395	-0.025358032	-0.000095698	0.000000693	0.000002283	0.000000831	-0.055162607	-0.048594615	-0.000000857	0.000002753	-0.029026080	-0.000001524	0.000003972	0.002560834	-0.006651931	-0.000000847	0.000001678	0.091621784	-0.081026483	-0.056564472	0.010254630	0.092663276	0.193664098	-0.091624499	0.081025298	0.056565051	-0.010251339	-0.092662783	0.193666458	0.000000083	-0.000002526	-0.000000989	-0.000001480	-0.000001606	0.060031414	-0.018613155	0.002150104	-0.011594223	0.006692877	0.008115122	0.004146846	0.018614471	-0.002149714	0.011594481	-0.006694216	-0.008115625	0.004146193	-0.000000284	0.000001432	-0.000000311	-0.000000202	-0.000000161	0.017757025	-0.000000817	0.000000506	-0.000000720	-0.000000695	-0.000000346	0.015969163	-0.000000278	0.000001532	-0.000000339	-0.000000388	0.000000450	0.005319658		A2*: R18*p(-1)
0.125591572	-0.056788914	-0.053546846	-0.259577738	0.325824580	-0.015795792	0.013112091	-0.000000139	0.023189240	-0.029632111	-0.000000739	0.190701607	-0.201913227	-0.000004493	0.043348878	0.000000815	-0.000002289	0.013728864	0.039481455	-0.015676976	0.000000876	0.000001534	-0.010473242	0.037334006	0.000000682	-0.004523121	0.007306471	0.000000669	0.000000611	-0.009943283	0.013427993	-0.063656247	-0.034194507	0.038493004	0.030709609	0.006601303	0.057502224	-0.006095778	-0.000000572	0.109752069	-0.019342070	-0.000000367	-0.109242799	-0.006693674	-0.000000108	0.000906532	0.000000085	-0.000000672	-0.004493852	0.028485992	0.020381981	0.000000841	-0.000000041	-0.014325584	0.016260601	-0.000000281	0.010045949	-0.011126573	0.000000045	-0.000000668	-0.003990889	0.011843335	0.000004082	-0.035223803	0.002072365	-0.028821124	-0.022553444	-0.019519012	-0.015195396	-0.000000216	-0.007379417	-0.004772664	-0.000000119	0.043944124	0.014815207	0.000000787	-0.002612325	-0.000000137	-0.000000401	0.000259524	0.002654780	0.010743930	0.000000139	0.000000218	-0.005842066	-0.004363468	-0.000000064	0.000961960	-0.003599750	-0.000001520	0.000000139	0.005611954	-0.015757133	0.048325087	-0.030685576	-0.004634976	-0.072719251	-0.044723453	0.015670932	0.027508936	0.000001117	-0.003108378	-0.009260158	0.000000288	-0.024099812	-0.073803335	-0.000002443	0.000600816	0.000000053	0.000000434	-0.014308032	-0.000649454	0.013446289	-0.000000220	-0.000001272	0.015254658	-0.012282844	-0.000000187	0.003499758	-0.001969516	-0.000001223	-0.000000052	0.007749621	-0.012895392	-0.002607120	0.010828104	0.022952778	-0.022351540	-0.005070709	0.001163922	-0.002608723	0.010831060	0.022959902	-0.022351763	-0.005071653	-0.001162975	-0.059864341	0.125871290	0.330808405	0.015187906	0.024332642	-0.000000629	-0.003220707	0.000240969	-0.010912905	-0.001595754	0.000599903	-0.000027753	-0.003221091	0.000240748	-0.010913139	-0.001596409	0.000600341	0.000028705	-0.001361597	-0.002510518	-0.022447865	0.001310929	-0.003040407	-0.000000159	-0.000269829	0.006057658	-0.018164288	0.000805575	0.007532375	-0.000000079	-0.000298752	-0.002005157	-0.023264687	0.001572692	0.007444987	-0.000000011		A2: R19*p(0)
-0.090647908	0.047706197	0.024517982	0.169625217	-0.207873227	0.015976811	-0.018379365	-0.000000153	-0.030985282	-0.010632732	0.000000577	-0.197194358	0.004165560	0.000002755	-0.031260386	-0.000000695	0.000000482	0.039346243	-0.004028096	0.007150701	-0.000000887	-0.000000849	0.020903196	-0.010730658	-0.000000215	-0.001371142	0.001025315	-0.000000673	-0.000000103	-0.008408994	0.000192095	0.038240706	0.017622386	-0.026558831	-0.022640793	-0.002718668	-0.006691242	0.047558382	0.000000458	-0.017492567	0.093906026	0.000000260	-0.006693674	-0.115180178	0.000000328	-0.023341731	-0.000000515	-0.000000249	0.013340755	0.001659921	-0.003178237	-0.000000269	0.000000745	0.002953496	-0.020777879	0.000000234	-0.004843025	0.008050886	0.000000182	0.000000503	-0.006453103	-0.007168781	-0.025569568	0.019194896	0.008922390	0.036364642	0.022778741	0.003090159	0.016412240	0.000000516	-0.010505457	-0.000103550	-0.000000138	-0.014745024	-0.045218626	-0.000000892	0.000075670	-0.000000193	0.000000679	-0.003631679	-0.002155562	-0.013754988	0.000000173	0.000000155	-0.004339203	0.021919236	0.000000018	0.001140353	0.004034431	0.000000753	-0.000000270	0.007686552	-0.003413233	0.018452659	0.025987181	-0.010787751	0.012167953	0.007821489	-0.004330475	-0.012803207	-0.000000660	-0.002193622	-0.013380175	-0.000000555	-0.005640800	0.029302864	0.000000039	-0.002277775	-0.000000022	0.000000452	0.005688435	0.001402685	0.002627817	-0.000000150	-0.000001607	0.017092616	-0.000398394	0.000001153	-0.000789643	0.006715302	0.000002435	-0.000000280	-0.000056536	0.022451737	0.043360586	-0.092966004	-0.239734770	-0.005147435	-0.005837093	0.029063030	0.043361160	-0.092963640	-0.239730535	-0.005148311	-0.005837890	-0.029062708	-0.047285514	0.086714451	0.230697195	0.022331678	-0.002191594	-0.000000277	-0.002703960	0.005151713	0.009389572	0.001206172	-0.001462026	0.001764992	-0.002703675	0.005151504	0.009389552	0.001206463	-0.001462446	-0.001765491	0.001932823	-0.004731803	0.001834849	0.007115446	-0.000053005	0.000000166	-0.002408920	-0.001129475	0.014937951	-0.003338666	-0.000146445	-0.000000232	0.002972600	0.004355707	0.013592041	-0.001335355	-0.004199337	-0.000000737		A2: R19*p(1)
-0.000001470	0.000000639	0.000001298	0.000003210	-0.000004342	0.000000205	-0.000000222	0.005249521	-0.000001334	0.000000795	-0.029877312	-0.000004020	0.000002831	-0.132473012	-0.000000984	0.022262927	-0.019484042	0.000000569	-0.000000558	-0.000000791	0.034758359	-0.016405699	0.000000156	-0.000000763	0.001663985	0.000000069	0.000000235	-0.004057506	0.000030229	-0.000000155	0.000000075	0.000001674	0.000000505	-0.000000827	-0.000000309	-0.000000347	-0.000000493	0.000000445	0.034962220	-0.000000421	0.000000334	0.078211191	-0.000000108	0.000000328	-0.121808626	0.000000633	-0.001277086	-0.027880700	0.000000124	-0.000000643	-0.000000301	-0.000211316	0.006894069	0.000000071	-0.000000679	0.004618159	0.000000104	0.000000121	-0.003401056	0.003337383	-0.000000115	-0.000000212	-0.000000814	0.000000907	0.000000179	0.000000862	0.000000527	0.000000114	0.000000115	0.001545038	0.000000264	-0.000000801	-0.004614589	-0.000000470	-0.000001102	0.009476647	-0.000000045	-0.001447310	-0.000970596	0.000000578	-0.000000359	-0.000000959	-0.004706233	-0.006142734	-0.000000163	-0.000000086	-0.003214842	0.000000399	0.000000042	-0.002495772	0.004765212	-0.000000107	0.000000399	0.000001141	0.000001177	-0.000000511	-0.000000207	-0.000000028	0.000000257	-0.000000758	0.000740898	0.000000820	-0.000000863	0.011877994	-0.000000700	0.000000484	0.009877311	-0.000000148	0.004341627	-0.002889058	-0.000000117	-0.000000313	0.000000424	0.011674955	0.006757920	0.000000436	-0.000000101	-0.002927135	0.000000714	0.000000998	-0.007551725	0.008072814	0.000000590	0.000000970	0.063847339	-0.118966448	-0.317207695	0.000591393	0.028664322	0.010178856	-0.063849818	0.118965956	0.317209420	-0.000590805	-0.028663526	0.010179515	0.000000840	-0.000001443	-0.000004366	-0.000000628	-0.000000130	-0.031156836	-0.000068463	0.002770591	0.004500699	-0.001098124	-0.001921441	0.000583703	0.000068646	-0.002770360	-0.004500460	0.001096801	0.001920478	0.000583754	-0.000000150	-0.000000192	0.000000219	0.000001191	-0.000001604	-0.000917423	0.000000605	0.000000037	0.000000597	-0.000000493	0.000000694	-0.001287940	0.000000293	-0.000000151	0.000000468	-0.000001174	0.000000364	0.001038532		A2: R19*p(-1)
-0.079746190	0.112895873	0.053823319	-0.005303781	-0.000012790	0.111473080	-0.165266375	-0.000001974	-0.047206823	0.079171623	0.000000523	0.016805028	-0.012725163	-0.000000460	0.118266700	0.000007645	-0.000003376	0.034563832	-0.036890009	0.122318619	0.000000263	-0.000004057	-0.089226705	0.101725993	0.000004721	-0.097562841	0.092702081	-0.000000349	0.000006903	-0.047799902	-0.154682740	-0.282583764	0.134883576	0.083520996	0.009565829	-0.000974805	-0.025489558	-0.005628786	0.000006135	0.023836870	-0.154629818	0.000000435	0.000906532	-0.023341731	0.000000633	3.219455497	0.000009970	-0.000004396	-0.204963014	0.068180819	-0.864022588	-0.000002724	-0.000001403	0.078446596	-0.059010261	-0.000002542	0.073112947	-0.003788992	0.000001271	0.000000904	-0.004130375	0.050071659	0.166283717	0.092956530	-0.059589709	-0.005343351	0.001750498	0.049309816	0.010295527	-0.000002573	0.047747305	-0.014497408	0.000001278	0.002612325	0.000076994	-0.000000730	-0.016820801	-0.000000802	-0.000001365	0.079250715	-0.046131192	-0.029227902	0.000000485	0.000000690	0.047061640	0.045118826	-0.000002717	0.012495856	-0.020157865	-0.000001532	0.000000819	-0.024271215	-0.005335126	0.282192212	0.120171272	-0.054212501	-0.015648773	0.000685190	-0.059758996	-0.001221797	0.000001187	0.104541409	-0.068057300	-0.000001800	-0.000862874	-0.000718440	0.000000222	-0.082932024	-0.000003838	0.000003286	0.038612837	-0.082200405	-0.068984207	-0.000001003	0.000001457	-0.020234666	-0.030121171	-0.000001352	0.061023831	-0.012047474	0.000000232	-0.000001280	0.027762978	-0.072347383	0.008917583	0.018073693	0.025566408	0.003811771	-0.009633131	-0.146636215	0.008916284	0.018069356	0.025567312	0.003809018	-0.009633081	0.146636687	0.029609092	-0.023454985	-0.033927598	-0.064244335	-0.120106999	-0.000001065	-0.003751182	0.003746090	0.001948639	0.030492148	-0.008178601	-0.004193074	-0.003751344	0.003743042	0.001948377	0.030492774	-0.008178334	0.004194676	0.010200081	-0.002998502	0.001665394	-0.000178133	-0.010071960	0.000000442	-0.001643360	-0.050878791	0.002127582	0.015466699	-0.010759435	0.000000192	0.042480022	0.012084051	0.004259156	-0.004319718	-0.042031633	-0.000001630		A2*: R20*d(0)
-0.000005984	0.000009649	0.000001021	0.000000096	0.000000027	0.000002910	-0.000001569	-0.000592732	0.000001308	0.000002665	0.022606829	0.000000887	-0.000000575	0.016300351	0.000004213	-0.101704991	0.145782945	0.000002245	0.000001604	0.000004574	-0.004861742	-0.024533646	-0.000003162	0.000005283	-0.054493309	-0.000007950	0.000003177	0.072903584	-0.112045368	-0.000001162	-0.000008705	-0.000012038	0.000005642	0.000003174	0.000000531	-0.000000106	0.000000587	0.000001245	-0.030083888	-0.000000734	-0.000004963	-0.085935059	0.000000085	-0.000000515	-0.001277086	0.000009970	2.832209896	-0.039881531	-0.000004451	0.000002941	-0.000003120	-0.832215557	0.076173251	0.000002745	0.000001590	-0.032456321	-0.000000160	-0.000000333	0.039714025	-0.026241818	-0.000000027	0.000000565	0.000003577	-0.000001307	-0.000003029	-0.000000358	-0.000000425	-0.000000695	0.000000988	0.043978029	0.000000139	0.000000893	-0.025371202	0.000000195	0.000000039	0.001447603	0.000001004	0.040864980	-0.019265067	-0.000002395	-0.000000705	-0.000002126	-0.022958899	-0.041101932	0.000000063	0.000002708	0.036711724	0.000000094	-0.000003053	0.087874544	0.037039604	0.000001809	-0.000002760	-0.000002675	0.000006025	0.000000439	-0.000000102	-0.000000124	-0.000002132	0.000000540	0.015117949	0.000000909	-0.000000855	-0.028253993	-0.000000097	-0.000000160	0.004147933	-0.000001026	0.017180240	0.023058622	0.000002380	-0.000000800	-0.000001046	-0.011850175	0.014926199	0.000000110	0.000003044	0.051071833	-0.000003035	-0.000005218	0.001196550	-0.067471187	-0.000004471	-0.000001064	0.016475964	0.001899010	-0.006764475	-0.152470942	0.072712358	0.026679988	-0.016476478	-0.001896583	0.006766060	0.152471205	-0.072716138	0.026683749	0.000000888	-0.000001624	-0.000000976	-0.000004245	-0.000002725	0.064087985	-0.010598118	-0.035415345	0.005479025	0.007168460	0.013961423	-0.017067885	0.010595369	0.035414691	-0.005479178	-0.007165453	-0.013958494	-0.017065745	-0.000001085	-0.000000246	0.000000171	0.000002054	-0.000000105	-0.025755675	0.000000314	-0.000000791	0.000000018	0.000000190	-0.000001573	-0.000341083	-0.000000581	-0.000000425	0.000000056	-0.000000849	0.000000214	-0.006371205		A2*: R20*d(1)
-0.000001046	-0.000000845	-0.000001040	0.000000191	-0.000000006	-0.000002552	0.000004595	0.037659577	0.000002861	0.000000172	0.039488309	-0.000000565	0.000000261	-0.014409052	-0.000000997	0.093040849	0.099357103	0.000001327	0.000000031	-0.000004532	0.003786568	-0.059879827	0.000000955	-0.000002065	0.046542760	0.000005835	-0.000001792	-0.016933539	0.113180391	-0.000001141	0.000002384	0.000009858	-0.000004590	-0.000002704	-0.000000341	0.000000063	0.000001602	0.000001487	-0.005980772	-0.000004122	-0.000001332	-0.084203765	-0.000000672	-0.000000249	-0.027880700	-0.000004396	-0.039881531	3.245739188	-0.000004627	-0.000002917	-0.000000226	0.046225891	-0.937094793	0.000001444	0.000001338	0.029282959	0.000000136	-0.000001383	0.009317349	0.050798370	-0.000001250	0.000000069	-0.000007651	0.000000137	0.000001145	0.000000406	-0.000000234	-0.000000851	0.000000756	-0.000478592	-0.000001513	0.000000759	-0.003056314	0.000000075	0.000000083	-0.000968510	-0.000001140	0.019330190	-0.041720951	-0.000001928	0.000000947	-0.000000751	-0.004083357	-0.033699220	-0.000002025	0.000000204	-0.023315746	0.000001258	0.000001300	0.013370348	0.038475053	0.000001852	0.000000354	-0.000009613	-0.000004636	0.000002705	0.000000383	-0.000000089	-0.000000190	0.000002082	0.014769776	-0.000002797	0.000002268	-0.019720439	-0.000000247	-0.000000163	0.003175502	0.000004875	-0.023832044	0.028464545	0.000000868	0.000007012	0.000001543	0.005894169	-0.021506966	0.000000234	0.000000624	-0.016355928	-0.000000452	-0.000000096	0.065073386	0.040842230	0.000001199	-0.000001143	-0.013717115	0.055384796	0.052183881	0.010049761	-0.171606771	-0.200587646	0.013717413	-0.055381342	-0.052183066	-0.010055048	0.171604899	-0.200587762	0.000000065	-0.000001394	-0.000000518	-0.000001435	-0.000002151	0.046159176	0.018954705	-0.010453686	0.001116948	-0.002940425	-0.005431472	-0.004696432	-0.018957710	0.010453216	-0.001116886	0.002941478	0.005431213	-0.004694851	-0.000000009	-0.000000702	0.000000034	0.000001440	0.000000568	-0.024218342	-0.000000027	0.000001619	-0.000000102	-0.000001057	0.000000783	-0.001292716	-0.000001831	-0.000000592	-0.000000119	-0.000001160	0.000003209	-0.012141286		A2*: R20*d(-1)
0.139013425	-0.178597873	-0.032488524	0.000852439	-0.000255562	-0.056212669	0.063407050	0.000001489	0.056413657	0.058646856	0.000001032	0.001684809	0.034846047	0.000000568	0.031549123	0.000001230	-0.000001600	-0.016688545	-0.054245293	-0.115618972	-0.000002094	0.000002841	0.027621402	-0.073682228	-0.000003559	0.114046101	-0.080437042	0.000001048	-0.000006755	0.223755404	0.137764482	0.164414511	-0.080792107	-0.037843352	-0.005937914	0.000921206	0.010818749	0.023695786	0.000000085	-0.115091617	-0.074372736	-0.000000901	-0.004493852	0.013340755	0.000000124	-0.204963014	-0.000004451	-0.000004627	3.109045135	-0.019479229	0.108499726	0.000003221	0.000001813	-0.871451447	-0.007844799	0.000000689	-0.029635510	-0.018920727	-0.000000794	-0.000000195	0.057143360	-0.069414419	0.062848721	-0.100897130	0.003344607	0.000544480	-0.000891196	0.013003389	-0.066768682	0.000001229	-0.052310346	0.029405520	-0.000000225	-0.000261935	-0.003634730	0.000000150	0.079177459	0.000002491	-0.000001799	-0.098646790	0.064023405	0.063849639	-0.000000453	-0.000003846	0.021964115	-0.006168213	-0.000000170	-0.048154346	0.020910715	0.000000566	0.000004113	-0.034708595	-0.008565913	-0.026625966	0.138534326	0.050972406	0.000274073	0.000972212	0.012548389	0.010294603	0.000000585	0.029969813	-0.028713007	-0.000000261	-0.000651253	0.001911049	0.000000080	-0.089545942	-0.000005955	0.000003091	-0.019037041	-0.169082676	-0.029522343	0.000001697	-0.000000661	0.027597593	0.044938426	-0.000006222	0.036412291	-0.087233704	-0.000002375	0.000001955	-0.037945735	0.002644620	0.035332821	-0.009063565	-0.020975067	-0.060995809	0.110963859	0.049398681	0.035332235	-0.009063056	-0.020973941	-0.060992362	0.110959228	-0.049396309	-0.060489634	-0.008109897	0.024181434	0.223248728	-0.073943854	-0.000002566	0.039223464	-0.041970136	-0.002601952	-0.055519496	0.024054726	0.004875125	0.039220819	-0.041966810	-0.002602016	-0.055519674	0.024055104	-0.004877657	-0.001872345	0.036709018	-0.001032507	-0.029266376	0.033473346	-0.000002172	0.012083738	-0.004569569	0.000181087	0.041280362	-0.021884509	-0.000000378	0.017666349	0.021871603	0.003798304	0.039722537	-0.029954277	-0.000001315		A2*: R20*d(2)
-0.286917832	0.383442957	0.067186305	0.001657252	0.000357368	0.186551362	-0.127764726	-0.000001534	-0.032445022	0.018077841	0.000001219	0.038013560	-0.007942616	-0.000000721	-0.061875284	-0.000000237	0.000001173	-0.062475313	0.044545682	0.248318100	0.000005595	-0.000006787	-0.111286312	0.234575078	0.000007197	-0.187791839	0.108985161	-0.000007113	0.000007363	0.058274471	-0.357698929	-0.395047558	0.215837767	0.112715011	0.009071516	-0.001516091	-0.000642142	-0.016213787	0.000000143	0.120314205	-0.044610716	-0.000003463	0.028485992	0.001659921	-0.000000643	0.068180819	0.000002941	-0.000002917	-0.019479229	3.382517367	-0.022162078	0.000000573	0.000001391	0.018931357	-0.974903912	-0.000002465	0.088237116	-0.013655615	0.000000265	-0.000001046	0.080302632	0.097864678	0.064906403	0.087325297	-0.013473690	-0.009774401	-0.001321724	-0.029149828	0.022351712	0.000002447	0.011404323	0.017976008	-0.000001134	0.002650292	0.002150274	-0.000000705	0.046257463	-0.000001303	-0.000000922	-0.064145599	-0.021442780	-0.049945762	0.000001763	0.000000543	0.013147109	0.075115163	0.000000333	0.005378447	0.025502635	-0.000000683	-0.000001079	0.034321927	-0.022061168	-0.091778244	0.125488345	-0.025562266	-0.005157439	-0.000373576	-0.036673326	0.011593119	-0.000000451	0.019820104	-0.031801891	-0.000000553	-0.002508196	-0.002759321	-0.000000278	-0.031106134	-0.000000562	-0.000001344	0.094823409	-0.039317862	-0.049525893	0.000001839	0.000004347	-0.028619577	0.057300459	-0.000001325	0.028009189	-0.006099745	-0.000002651	0.000000857	-0.026135232	-0.036148749	0.028312845	-0.005996118	-0.006671257	-0.038432861	0.005505815	0.015464098	0.028311913	-0.005997864	-0.006672428	-0.038429380	0.005507481	-0.015467738	-0.016410701	0.047530384	0.052206199	0.227140353	0.133317637	-0.000002556	-0.006059027	-0.040412500	0.001724583	-0.045778563	0.000505843	0.020353656	-0.006060363	-0.040410466	0.001723216	-0.045779288	0.000504138	-0.020354045	0.010474459	-0.005309186	-0.001216368	0.005369653	0.019990460	-0.000000117	0.003829268	-0.028780835	-0.002722576	0.009919670	-0.047621306	-0.000001638	-0.027886554	-0.039766444	0.000127240	-0.038661832	-0.025386901	-0.000000526		A2*: R20*d(-2)
0.702771520	-0.452164140	-0.106652771	-0.011606496	0.001032470	-0.113275531	0.034082809	0.000005210	-0.042519429	0.148347148	0.000000963	-0.020523010	0.007017485	0.000001385	0.291200631	0.000006818	-0.000010032	0.021096142	-0.166766657	-0.348838435	-0.000007775	0.000012763	0.080702915	-0.065260325	-0.000008603	0.191205351	-0.060574680	0.000012377	-0.000011987	-0.039026559	0.198063454	-0.490834362	-0.153806686	0.181027309	0.025948832	-0.003799646	0.109987983	-0.401444001	0.000004952	0.034933224	-0.134832548	0.000001437	0.020381981	-0.003178237	-0.000000301	-0.864022588	-0.000003120	-0.000000226	0.108499726	-0.022162078	1.891715877	0.000010440	-0.000004648	-0.213396132	0.122667665	-0.000002370	0.004252833	0.110602455	-0.000002927	-0.000000122	-0.006304071	0.248475716	0.105268476	-0.271690496	-0.104060748	0.010707810	0.001043299	-0.100835844	-0.073935841	-0.000001865	0.059120038	0.008906955	0.000002797	-0.010732500	-0.013763262	-0.000000535	-0.029227695	0.000001867	-0.000001114	0.063770053	0.050046801	0.068585742	-0.000001465	-0.000002404	-0.033084677	-0.072384640	-0.000002563	0.005773136	-0.004137510	0.000000998	-0.000000256	0.035447422	-0.008859419	0.194312837	-0.244720970	-0.052818420	0.000197876	-0.001094801	0.003063101	0.089933923	0.000004720	0.054186160	-0.100959652	-0.000002767	0.006625640	0.017903325	0.000000815	-0.052656636	-0.000000994	0.000005704	-0.112468352	-0.037234686	-0.046993390	0.000000660	0.000000205	-0.028456609	0.047343739	-0.000004141	0.023686547	-0.071043636	-0.000005918	0.000003385	-0.087343417	-0.140641719	0.189911094	-0.164687877	-0.055252419	0.035083893	0.195327823	0.024464355	0.189918466	-0.164690356	-0.055253858	0.035072417	0.195328920	-0.024472243	-0.148598853	0.204592235	0.046772581	0.287871551	-0.019933126	-0.000007341	-0.000241600	-0.023746959	0.003449987	-0.000754565	0.016448945	-0.008452158	-0.000240767	-0.023746963	0.003450669	-0.000754701	0.016451514	0.008448750	-0.026938366	0.001846311	0.003128276	-0.014888884	-0.015640013	-0.000000664	0.005949974	0.005830551	0.002056360	0.028639996	0.007227627	0.000000166	-0.002164435	-0.013422672	0.010853781	0.026391605	0.059482752	0.000002699		A2*: R21*d(0)
0.000018669	-0.000014358	-0.000004842	0.000000045	0.000000037	-0.000005407	0.000005651	-0.137849191	0.000001712	0.000005975	0.055292406	-0.000000536	0.000000696	-0.033442076	0.000010428	-0.137306067	0.178795151	-0.000001212	-0.000000493	-0.000012264	0.153196578	-0.141669831	0.000003041	-0.000007489	0.238630064	0.000012442	-0.000009374	-0.052243989	0.296792090	0.000003666	0.000008992	-0.000016409	-0.000004739	0.000005241	0.000000817	-0.000000146	0.000003260	-0.000010817	-0.099256241	-0.000000917	-0.000003850	-0.133230067	0.000000841	-0.000000269	-0.000211316	-0.000002724	-0.832215557	0.046225891	0.000003221	0.000000573	0.000010440	1.508783426	-0.037123448	-0.000004773	0.000005443	-0.112868176	-0.000006455	0.000004765	0.105422200	-0.131154470	-0.000000204	0.000006100	0.000005520	-0.000009681	-0.000004757	0.000000233	0.000000160	-0.000003038	-0.000002604	-0.008748442	0.000000656	0.000002273	-0.044637582	0.000000229	-0.000000648	0.004711022	-0.000000401	-0.022994499	0.004091702	0.000001059	0.000002502	0.000001808	-0.028291256	0.000755418	-0.000001606	-0.000000771	0.006439476	-0.000000081	0.000000795	0.001741318	0.002273163	0.000000422	-0.000000826	-0.000009205	-0.000010064	0.000001908	0.000000122	-0.000000254	-0.000000328	0.000003084	-0.002229900	-0.000001301	-0.000001157	-0.056792970	0.000000238	-0.000000393	0.013714759	-0.000001737	-0.028017583	0.000922917	-0.000003613	0.000001658	0.000002276	0.004589829	0.061177108	0.000001129	0.000001429	-0.004955484	0.000001259	-0.000002181	0.006669533	0.007233884	-0.000002401	-0.000004888	-0.009157071	0.002960446	-0.002432312	-0.253009170	0.033299451	-0.019633990	0.009165642	-0.002967566	0.002429457	0.253011222	-0.033294314	-0.019644690	-0.000004215	0.000005791	0.000001460	0.000007922	0.000002685	0.172356121	-0.018868947	-0.006757705	0.007743035	-0.002752632	0.010225018	0.016877273	0.018867800	0.006754309	-0.007743018	0.002753807	-0.010220226	0.016878679	-0.000002178	0.000000007	0.000000245	-0.000000528	0.000000062	0.000884356	0.000000344	0.000001216	-0.000000112	0.000001111	0.000000144	0.006797970	-0.000001340	-0.000000231	0.000000270	0.000000234	0.000003070	-0.036812665		A2*: R21*d(1)
-0.000017426	0.000010875	0.000002158	0.000000574	0.000000033	0.000000918	0.000000670	-0.004922450	0.000003310	-0.000000608	0.038530672	0.000000541	-0.000000452	0.010837958	-0.000002838	0.090548269	0.163277673	0.000000325	0.000001984	0.000007057	-0.092299842	-0.026920614	-0.000002305	0.000004288	-0.078940426	-0.000007144	0.000000505	0.173969114	-0.026728298	0.000004593	-0.000008668	0.000009762	0.000005550	-0.000002546	-0.000000465	0.000000034	-0.000008162	-0.000002673	-0.301119096	-0.000002738	0.000000335	0.001060547	-0.000000041	0.000000745	0.006894069	-0.000001403	0.076173251	-0.937094793	0.000001813	0.000001391	-0.000004648	-0.037123448	1.886422445	-0.000004146	-0.000002298	0.128446570	0.000006776	-0.000000097	-0.393582388	0.033896913	-0.000007874	-0.000001606	-0.000008666	0.000001443	0.000001916	-0.000000268	0.000000239	-0.000000089	0.000002560	-0.004881753	-0.000002546	0.000000320	0.016523690	0.000000286	0.000000756	-0.006139256	0.000001018	0.041110330	-0.033663594	-0.000003814	0.000000017	-0.000002437	-0.000744424	-0.042720036	0.000000558	0.000000955	0.011879341	-0.000000193	-0.000002444	0.052365073	0.035271483	-0.000000590	-0.000001385	-0.000008621	0.000002642	0.000002197	0.000000446	-0.000000172	-0.000000140	-0.000002848	0.028153984	-0.000001870	0.000003165	-0.026964599	0.000000257	0.000000124	0.003961977	0.000002993	-0.033952774	0.011435047	0.000002093	0.000003091	0.000000781	-0.005409616	-0.012313538	-0.000000140	0.000003903	0.008196072	-0.000002019	-0.000001632	0.042615807	-0.002584861	-0.000001076	0.000000768	0.295083263	-0.299246496	-0.077385115	-0.046268914	0.127261219	0.231026583	-0.295087157	0.299237741	0.077384612	0.046271640	-0.127251430	0.231027697	-0.000004754	0.000003068	0.000001258	0.000003270	0.000001770	0.120764504	0.021538192	-0.021180895	0.000385978	-0.013725922	-0.006247818	-0.006510945	-0.021541696	0.021182028	-0.000385940	0.013727247	0.006248253	-0.006510718	0.000000318	-0.000000930	-0.000000165	0.000000690	-0.000000219	-0.017817911	0.000000401	0.000000715	-0.000000005	-0.000000857	-0.000001226	0.008223582	-0.000001456	-0.000000026	-0.000000557	-0.000001775	-0.000001176	0.001220070		A2*: R21*d(-1)
-0.448324037	0.252982665	0.088163119	0.002357312	-0.001694170	0.039734418	-0.143077633	0.000000040	0.158628906	0.127880619	0.000002431	0.003938789	-0.023052091	-0.000000014	-0.085670630	-0.000001386	0.000006662	-0.256186455	-0.116689500	0.200824793	-0.000000481	-0.000009614	0.109417247	0.120103394	0.000000870	0.032111486	0.094953375	0.000000827	0.000005361	-0.358583295	-0.191673834	0.263055524	0.134449641	-0.075575239	-0.016295095	0.002543352	-0.201899819	0.102736381	0.000002669	-0.139604309	-0.133996876	-0.000002155	-0.014325584	0.002953496	0.000000071	0.078446596	0.000002745	0.000001444	-0.871451447	0.018931357	-0.213396132	-0.000004773	-0.000004146	1.796538831	-0.052123659	0.000002404	-0.029716729	-0.120760340	0.000002498	-0.000003007	0.290575209	-0.202325909	0.284528209	0.210436422	-0.072356062	-0.001739539	0.003401643	0.143773906	-0.017326364	0.000001986	-0.016408804	0.034333663	0.000000190	0.005850553	-0.004299325	0.000000016	0.047132939	-0.000000272	-0.000002228	0.021974535	-0.013230273	-0.033200235	0.000002618	0.000000388	0.079831705	0.125569344	0.000003737	0.007828696	0.065843551	0.000002655	-0.000000432	-0.039138193	0.057873544	-0.476061536	0.186103032	0.153627047	-0.014524595	-0.002623646	-0.030460019	-0.067143964	-0.000002959	0.011163377	0.020372811	0.000001916	-0.024699846	-0.017237540	-0.000000726	-0.006229570	0.000003110	-0.000003249	0.074922711	0.076341105	-0.004044024	-0.000001301	-0.000001651	0.021131839	-0.048952062	0.000003381	-0.005343123	0.050253593	0.000001790	-0.000001323	0.057943213	0.020297825	-0.078140630	0.075513086	0.026890714	-0.081401993	0.066638528	-0.146905868	-0.078135783	0.075506789	0.026889988	-0.081391643	0.066639587	0.146904373	0.051470625	-0.076127389	-0.011782322	0.115453044	-0.226669108	-0.000000056	0.032762761	-0.052472595	0.000204265	-0.016388935	-0.007809748	0.010124950	0.032761487	-0.052469966	0.000204128	-0.016385804	-0.007810273	-0.010123928	0.009570649	0.005141198	0.002131321	-0.002049681	0.040840311	-0.000000230	0.033447200	0.034024386	-0.002174838	0.004696462	-0.022509944	-0.000000954	0.017944186	0.053484940	-0.010710332	-0.027422728	0.014749803	0.000001434		A2*: R21*d(2)
0.774814546	-0.393141938	-0.155795452	0.006600074	0.002701875	-0.171756226	0.203996445	0.000001061	-0.033234370	0.096628158	0.000002709	-0.026366790	0.010103727	0.000000845	0.062927734	-0.000004665	-0.000005980	-0.030685287	0.004013340	-0.338987926	-0.000004091	0.000011877	0.194279164	-0.159841652	-0.000000957	0.109471000	-0.017625875	0.000008085	-0.000005288	-0.090144528	0.298052450	-0.671184502	-0.196498476	0.241530793	0.030852390	-0.006117305	0.529762291	-0.121170690	-0.000014685	0.053498696	-0.085677450	-0.000000557	0.016260601	-0.020777879	-0.000000679	-0.059010261	0.000001590	0.000001338	-0.007844799	-0.974903912	0.122667665	0.000005443	-0.000002298	-0.052123659	2.098741714	-0.000006877	0.335092238	-0.087244672	-0.000002453	-0.000002286	0.226325986	0.009076006	-0.003330305	-0.316315498	-0.056667194	0.008426944	-0.002113328	-0.124630706	-0.111064895	0.000001941	0.015640239	0.061028384	-0.000000454	-0.004334727	-0.021928294	0.000000227	-0.045042992	0.000002251	0.000000700	0.006082218	0.075103541	0.072332247	-0.000000816	-0.000000634	-0.125378027	-0.040345226	0.000000674	0.021057326	0.042167636	0.000000433	-0.000004181	0.090256733	-0.035272728	-0.351410525	-0.421439665	0.006043952	0.013694090	-0.004271065	0.019138821	0.158878519	0.000003435	-0.108568526	-0.053715723	-0.000000797	0.014530392	0.018850512	0.000000396	-0.009839135	0.000001898	0.000002096	-0.109085183	0.050778242	0.017481798	0.000001537	0.000000559	-0.006811942	0.063062626	-0.000005995	-0.005271495	-0.080739070	-0.000009249	0.000002076	-0.118752270	-0.107214266	0.014555618	0.041894609	-0.007953505	0.002002172	-0.090677511	0.000554172	0.014545072	0.041905903	-0.007951491	0.002009573	-0.090683047	-0.000544762	0.333616120	-0.292270644	-0.088270141	-0.129243858	-0.193900282	0.000003850	-0.008886584	-0.076917518	0.008858689	-0.029689623	0.037210084	-0.008412933	-0.008888600	-0.076914595	0.008859399	-0.029689728	0.037212642	0.008410236	-0.022651173	0.015711699	-0.001354149	0.002413483	0.002141537	-0.000000554	-0.001787801	0.041240813	-0.006613033	0.040676907	0.014550148	0.000000473	-0.061210020	-0.049069306	0.009156908	0.033504957	0.094705391	0.000003216		A2*: R21*d(-2)
0.000002655	-0.000004511	-0.000003749	-0.000000505	-0.000000218	0.000002993	-0.000003975	0.112089800	0.000006940	-0.000001870	0.056022388	0.000000455	0.000000134	0.002287940	0.000002788	-0.019541971	0.039147695	-0.000004415	0.000008447	0.000009612	-0.230882988	0.126448508	-0.000006429	0.000005087	-0.251941899	-0.000012112	0.000008936	0.084686643	-0.138674952	0.000003998	0.000003101	0.000004348	-0.000005499	-0.000001464	0.000000252	0.000000114	-0.000007050	0.000003208	0.024051403	0.000000701	-0.000000292	0.013275164	-0.000000281	0.000000234	0.004618159	-0.000002542	-0.032456321	0.029282959	0.000000689	-0.000002465	-0.000002370	-0.112868176	0.128446570	0.000002404	-0.000006877	3.289909876	-0.000001989	-0.000009421	-0.104971979	0.126896932	-0.000001940	0.000005892	0.000001146	-0.000001724	-0.000001904	0.000000017	-0.000000040	0.000001894	0.000001734	-0.006984590	0.000000330	0.000000983	-0.011994054	0.000000641	0.000000753	-0.003214242	-0.000002574	-0.036692993	-0.023344566	-0.000000777	0.000000112	-0.000002664	-0.006448305	0.011874287	0.000003500	0.000000555	0.021298530	-0.000000569	-0.000002969	-0.007990734	-0.015343933	-0.000004601	-0.000002476	-0.000001593	0.000000724	0.000002950	0.000000355	-0.000000146	0.000002663	0.000002136	0.003426418	-0.000004671	0.000002457	-0.016476072	-0.000000081	0.000000330	-0.002380745	0.000005457	0.008157632	0.054411748	0.000001306	0.000003627	0.000001355	-0.002082624	-0.020008353	0.000001213	0.000002343	0.028816296	-0.000000720	-0.000004115	0.026218613	0.002916406	-0.000001669	0.000001287	0.040656394	-0.043719216	-0.003893967	0.033705217	0.241854608	-0.166946715	-0.040664906	0.043727997	0.003895137	-0.033690276	-0.241865051	-0.166939242	-0.000007894	0.000005798	0.000000882	0.000006733	0.000003264	0.294607126	0.007683933	0.001977323	-0.001917491	-0.025269456	-0.024376022	-0.002414528	-0.007685330	-0.001977625	0.001918214	0.025272583	0.024374709	-0.002414866	-0.000000223	-0.000001782	0.000000254	0.000000047	-0.000001024	-0.003892840	0.000001649	0.000001937	0.000000077	-0.000001413	0.000001076	-0.005314622	0.000000163	0.000000396	-0.000000238	0.000000081	0.000001528	0.017196857		A2*: R22*f(0)
-0.054597755	0.200996567	0.093684217	0.013069961	0.005888733	-0.056614523	0.029429547	0.000004785	-0.130387370	0.078374090	0.000003882	-0.004917520	0.004529084	0.000000116	-0.106321811	-0.000006053	0.000004517	0.122379482	-0.212991464	-0.172346934	-0.000014256	0.000011464	0.019944649	-0.124733086	-0.000012879	0.114440345	-0.152845621	0.000000641	-0.000012015	0.031278652	-0.149717342	-0.250546381	-0.010418513	0.032031132	0.011701303	-0.001803425	0.270978350	0.022876170	-0.000006073	-0.014749102	-0.025736830	0.000001566	0.010045949	-0.004843025	0.000000104	0.073112947	-0.000000160	0.000000136	-0.029635510	0.088237116	0.004252833	-0.000006455	0.000006776	-0.029716729	0.335092238	-0.000001989	3.449095936	-0.049304128	-0.000006896	0.000004852	0.002674849	-0.098199888	0.007105264	-0.021449909	-0.030034441	-0.000263832	0.000209890	-0.028472318	0.003591680	0.000000471	0.046751385	-0.025466455	-0.000000541	0.000959949	-0.001141231	0.000000106	-0.012480173	-0.000000242	-0.000001310	0.048129936	0.005475283	-0.005769422	-0.000000022	0.000000141	-0.007914301	0.021077859	0.000000827	-0.007488919	0.023939207	0.000001911	-0.000002162	0.067379800	-0.007798724	0.060275700	-0.040154972	-0.018118878	0.001928114	0.000051086	-0.032186216	0.043660116	0.000001921	0.049714388	-0.019462589	-0.000000492	0.007960481	0.004899085	-0.000000173	0.025787893	0.000001868	-0.000004685	0.001002509	0.002062772	-0.013196150	0.000002301	0.000001754	-0.022932502	0.060184509	-0.000000204	-0.029739813	-0.018040605	0.000000439	0.000005178	-0.069586060	0.022333690	-0.018295558	-0.006269898	-0.000820969	-0.302448504	-0.011765795	0.007600810	-0.018307238	-0.006259895	-0.000819917	-0.302458350	-0.011774340	-0.007593639	0.234768250	-0.223829782	-0.027403668	-0.083232932	-0.112321941	0.000013175	-0.014909405	-0.004262202	0.000745428	-0.002178575	0.006242919	-0.005978963	-0.014910306	-0.004261378	0.000745968	-0.002177386	0.006244567	0.005977344	-0.002033423	0.007776998	0.000607026	0.030553441	-0.000785337	-0.000000408	-0.001193389	0.017087379	-0.000577817	-0.007406677	-0.022056372	-0.000001523	-0.012857686	0.009558282	0.003298453	0.005491436	0.033206966	0.000002614		A2*: R22*f(1)
-0.192246752	0.007025498	0.045302871	0.003477552	-0.001908868	-0.105323595	0.047412158	-0.000001999	-0.001627732	0.030615233	-0.000001283	-0.000493775	0.006681221	0.000000178	0.001711350	0.000005337	-0.000001261	-0.086650165	0.109595131	0.160042685	0.000009777	-0.000002385	-0.178685183	0.065229309	0.000008321	-0.202521080	-0.046612972	-0.000011791	0.000001729	0.073312287	0.000477363	0.524586976	0.535997269	0.033864594	-0.061543348	-0.003539398	-0.013400541	-0.133308957	0.000002574	-0.057413814	0.081279350	0.000000350	-0.011126573	0.008050886	0.000000121	-0.003788992	-0.000000333	-0.000001383	-0.018920727	-0.013655615	0.110602455	0.000004765	-0.000000097	-0.120760340	-0.087244672	-0.000009421	-0.049304128	3.828197471	-0.000002083	0.000012501	-0.009253463	-0.206460007	-0.137367141	0.159410557	0.044706746	-0.002460114	0.000461105	0.057152881	0.031398795	-0.000000896	-0.020455573	-0.013719793	0.000000454	0.003599661	0.004036040	0.000000262	-0.020167669	0.000002518	0.000001400	0.020989174	-0.025464803	-0.004141840	-0.000000970	-0.000002466	0.065904108	-0.042046728	-0.000004191	-0.023889229	-0.071214537	-0.000002000	0.000006914	-0.094239073	0.008820943	-0.022631928	0.097270302	0.055624910	0.005075525	-0.000478792	-0.024619062	-0.004998926	-0.000001341	0.003483958	0.040882142	0.000002042	-0.001914795	0.003178326	0.000000447	0.059399055	-0.000000525	-0.000004395	0.057701312	0.001445614	0.039411357	-0.000001638	-0.000002306	0.044809029	-0.037941758	-0.000001388	0.012203526	0.017542333	0.000002435	-0.000005441	0.055106750	0.071673255	0.315078335	-0.264074987	-0.036647085	-0.043922751	0.218639197	0.036247906	0.315084901	-0.264073249	-0.036647329	-0.043934379	0.218629474	-0.036262393	0.141368055	-0.067266260	-0.017589912	-0.179457219	0.132766521	0.000008237	0.012856584	0.012345808	-0.002652587	0.011748716	-0.015070234	0.017675554	0.012856486	0.012345136	-0.002652541	0.011747380	-0.015071607	-0.017673457	-0.001606421	-0.006027495	-0.000847051	-0.031850758	-0.005694896	-0.000000572	0.006389537	0.010304049	0.000280558	-0.038659938	0.035023889	0.000001168	0.052878945	0.043872558	-0.003222782	-0.006899440	0.004701483	-0.000000736		A2*: R22*f(-1)
-0.000010180	0.000001235	0.000004099	0.000000546	0.000000170	-0.000000435	0.000000621	-0.069366962	-0.000002230	0.000001483	-0.038912504	-0.000000080	0.000000510	0.000591713	-0.000004658	0.065422059	0.019298346	-0.000000690	0.000000081	-0.000002505	0.117126206	-0.164125668	-0.000003309	-0.000009857	0.089701180	0.000000768	-0.000010687	0.194374135	0.251269919	0.000009508	-0.000000928	-0.000002124	-0.000002724	-0.000002427	0.000000161	0.000000066	0.000003939	0.000006974	0.206479634	-0.000000814	-0.000000540	-0.065397368	0.000000045	0.000000182	-0.003401056	0.000001271	0.039714025	0.009317349	-0.000000794	0.000000265	-0.000002927	0.105422200	-0.393582388	0.000002498	-0.000002453	-0.104971979	-0.000006896	-0.000002083	3.595836399	0.014026162	-0.000000206	0.000004251	0.000000106	0.000003411	-0.000000168	-0.000000792	-0.000000112	0.000002452	0.000001016	-0.024763883	0.000000659	-0.000000908	0.002294875	-0.000000208	-0.000000253	-0.002488511	-0.000001379	-0.087943663	0.013362089	0.000000484	0.000000800	0.000001164	-0.001785741	0.052419030	0.000002650	-0.000000122	-0.008015082	-0.000001930	-0.000001482	0.024518647	-0.046162023	-0.000002859	-0.000000122	0.000000709	0.000001283	-0.000000240	-0.000000320	0.000000047	0.000001423	-0.000002143	0.012463575	-0.000000494	0.000000298	0.004633276	0.000000301	-0.000000636	0.006653410	-0.000004767	-0.012932220	-0.075451354	-0.000001993	0.000000062	0.000001360	0.018057282	0.024789051	0.000001706	-0.000002682	-0.004822967	0.000005986	0.000002505	-0.034521283	0.083757622	0.000004015	0.000005312	-0.244346968	0.224868854	0.024530353	-0.024480015	0.136605640	-0.228460683	0.244342777	-0.224860011	-0.024529472	0.024463378	-0.136613081	-0.228462095	0.000003517	-0.000002717	-0.000000301	-0.000000376	-0.000006734	-0.167821833	-0.022882191	0.015848246	-0.000054284	-0.023730226	-0.004682824	0.016896851	0.022882065	-0.015848698	0.000053271	0.023732670	0.004685750	0.016898485	-0.000000162	0.000000389	-0.000000389	-0.000000987	0.000000124	0.034564430	-0.000001236	-0.000000104	-0.000000303	-0.000000719	0.000000268	0.008816411	0.000000502	-0.000000705	0.000000027	0.000000311	-0.000000828	-0.004520507		A2*: R22*f(2)
-0.000006564	-0.000002750	0.000000096	-0.000000106	-0.000000142	-0.000002425	0.000001783	0.105379740	0.000000213	-0.000003309	0.042249496	-0.000000081	-0.000000290	0.005943172	0.000002586	-0.001280399	0.051731897	-0.000000364	0.000009049	0.000011916	-0.280484597	0.114197298	-0.000005854	0.000009794	-0.151998465	-0.000013337	0.000001576	0.270094293	-0.182916133	0.000002222	-0.000004676	0.000021168	0.000012891	-0.000001173	-0.000002073	-0.000000058	0.000001296	0.000002568	0.106651056	-0.000002671	0.000001988	0.001823773	-0.000000668	0.000000503	0.003337383	0.000000904	-0.026241818	0.050798370	-0.000000195	-0.000001046	-0.000000122	-0.131154470	0.033896913	-0.000003007	-0.000002286	0.126896932	0.000004852	0.000012501	0.014026162	3.377522744	-0.000003530	-0.000008211	-0.000013238	0.000008492	0.000006218	0.000000409	-0.000000021	0.000000268	0.000002177	0.006964331	-0.000003576	-0.000000740	0.010196913	-0.000000008	0.000000353	-0.004769671	-0.000000339	0.036930712	-0.038424762	-0.000004789	-0.000000558	0.000000309	0.002297644	-0.035186328	-0.000000181	-0.000003938	0.015331307	-0.000002159	-0.000006889	0.046218713	-0.011061343	-0.000002377	0.000000276	0.000005519	0.000001366	-0.000001296	-0.000000159	0.000000014	0.000000721	-0.000005779	0.018030573	0.000000474	0.000001548	0.000914146	-0.000000318	0.000000075	-0.001852527	-0.000002200	0.057368710	-0.064549471	-0.000001287	-0.000005543	-0.000001463	0.013618229	-0.006999423	-0.000000997	-0.000003676	0.045150662	0.000002572	-0.000003749	0.014547630	0.034261712	0.000005440	0.000001472	-0.036799783	0.020523853	0.003496422	-0.269492733	-0.047059453	-0.007986192	0.036810677	-0.020531731	-0.003497552	0.269483958	0.047066413	-0.007996644	0.000008142	-0.000005850	-0.000000862	-0.000008841	-0.000000658	-0.287053916	0.005095072	-0.009110655	-0.000111925	0.003672196	-0.005946801	-0.029811591	-0.005094113	0.009114466	0.000111703	-0.003672873	0.005942842	-0.029814366	0.000001491	-0.000000015	0.000000000	-0.000000935	-0.000000385	-0.025509808	-0.000001956	-0.000001630	-0.000000394	-0.000001150	0.000002232	-0.024206702	0.000001357	0.000000623	0.000000202	-0.000000225	-0.000003974	0.044858669		A2*: R22*f(-2)
-0.117239011	0.058765580	0.049222250	0.006031230	0.001488306	-0.082507613	-0.054164856	0.000001836	-0.028494640	-0.015346005	0.000000749	-0.003395868	0.000107608	0.000000102	-0.083954287	-0.000003508	0.000003737	-0.105383794	-0.051363274	0.036444830	-0.000004900	-0.000006161	0.400061547	0.090230565	0.000001829	0.022616745	0.108890061	0.000007874	0.000003677	-0.438631272	0.007928202	0.012331083	0.101297701	0.019398755	-0.006037033	-0.000961703	0.008022123	-0.105034629	0.000001026	-0.035794216	-0.023109432	-0.000000622	-0.003990889	-0.006453103	-0.000000115	-0.004130375	-0.000000027	-0.000001250	0.057143360	0.080302632	-0.006304071	-0.000000204	-0.000007874	0.290575209	0.226325986	-0.000001940	0.002674849	-0.009253463	-0.000000206	-0.000003530	3.619277760	-0.091171050	0.210876335	0.019503256	-0.055541825	-0.002173528	0.000378775	0.085909660	-0.064087929	0.000002070	0.003295181	0.039803424	-0.000000097	0.005576678	-0.007672787	-0.000000209	0.024283611	0.000001646	-0.000001630	0.034674344	0.034324975	-0.035426575	0.000001195	0.000000251	0.038855791	0.090234913	0.000004799	0.067287040	0.094272175	0.000003000	-0.000002826	0.009424788	0.028901295	-0.398098828	0.069489962	0.064099464	0.000546760	-0.000303360	-0.033130615	-0.005269941	-0.000001892	-0.017816901	0.011549911	0.000001002	-0.005731997	-0.006188773	-0.000000385	-0.028772993	0.000006602	0.000000713	-0.001433954	0.139489512	0.063274884	-0.000001499	-0.000004504	0.054642387	-0.052705287	0.000005494	0.002168195	0.065800888	0.000002686	-0.000001578	0.028078644	0.019530940	0.029918998	-0.013725907	-0.003264422	0.038012976	-0.011368184	0.026700150	0.029925996	-0.013730589	-0.003264967	0.038010900	-0.011375219	-0.026705366	0.107938581	-0.105066325	-0.011814844	-0.149291453	0.206249289	-0.000001207	0.001462307	-0.038877223	0.002020599	-0.022059342	0.010326213	0.007749069	0.001463184	-0.038874914	0.002020445	-0.022058813	0.010325861	-0.007751476	-0.007337307	0.028052431	0.001367159	-0.025908153	0.040429880	-0.000000991	0.029257526	0.028509980	-0.003994988	0.013960792	-0.012280642	-0.000001157	-0.001115734	0.003792480	-0.007040639	-0.013368444	0.033728508	0.000002520		A2*: R22*f(3)
-0.243342492	0.122523180	0.150831799	0.021690552	0.009800804	-0.029424605	0.079594985	0.000004882	-0.107332395	0.111284121	0.000002349	-0.005358247	0.005445051	0.000000753	-0.259672918	-0.000002746	0.000007636	0.049262637	-0.102482828	-0.051003291	-0.000008834	0.000001540	0.111955769	-0.394257320	-0.000000243	-0.102497106	0.071905081	-0.000000329	-0.000004716	0.111179927	0.103371261	-0.491788268	-0.330846444	-0.047677065	0.047214890	0.002041776	0.006791552	-0.189473981	0.000003957	0.056622460	0.020911537	-0.000001768	0.011843335	-0.007168781	-0.000000212	0.050071659	0.000000565	0.000000069	-0.069414419	0.097864678	0.248475716	0.000006100	-0.000001606	-0.202325909	0.009076006	0.000005892	-0.098199888	-0.206460007	0.000004251	-0.000008211	-0.091171050	3.677007026	0.061878337	-0.043858986	-0.043777561	-0.007622589	0.000636225	0.025903598	0.021999127	0.000002176	0.030518758	-0.007582871	-0.000000069	0.015774814	-0.003419136	-0.000000431	-0.005277167	0.000002567	0.000000142	-0.008517324	0.022129809	-0.008943823	0.000000956	-0.000001554	0.057909293	0.035579595	-0.000001295	0.007952645	0.009052010	0.000000054	0.000000282	-0.029002342	0.051898400	0.021719220	-0.041164612	-0.030436334	-0.002870778	-0.000590231	0.061833888	-0.084250355	-0.000002449	0.006219788	-0.016027329	-0.000000086	0.018819602	-0.007261259	0.000000752	-0.040525747	-0.000000193	0.000006801	-0.050822729	-0.028724532	-0.059710278	0.000000840	0.000002252	-0.035974854	0.032659901	-0.000000773	0.024361083	-0.017016614	0.000001451	-0.000000195	-0.090713179	0.055955759	-0.040881497	-0.026988856	0.006238072	0.064034298	0.108227126	-0.087884653	-0.040877195	-0.026994837	0.006237753	0.064044406	0.108226964	0.087878568	-0.304013061	0.231876987	0.036017320	-0.038719250	0.233746160	-0.000004682	-0.005533454	-0.018831077	0.001529357	0.029544599	0.029015813	-0.019464690	-0.005533987	-0.018829724	0.001528390	0.029541714	0.029015865	0.019463186	-0.014463123	0.013599701	-0.000971466	0.016879880	0.018472453	-0.000000374	-0.021489621	0.015922141	-0.001550869	0.006316477	-0.026242930	-0.000000575	-0.039737959	-0.034978027	0.003821245	0.016218721	-0.033792926	-0.000000871		A2*: R22*f(-3)
-0.017217283	-1.050993311	0.214963006	0.071271544	0.008262065	0.984930116	0.300011428	0.000014543	0.322167896	0.088050732	0.000003752	0.159805266	0.092549955	0.000001777	0.145512961	-0.000019001	-0.000000225	-0.271148134	-0.619130381	0.483374908	0.000001025	-0.000016321	-0.120741050	-0.225819909	-0.000005011	-0.047739993	-0.078272734	-0.000001034	-0.000004559	0.119834106	0.110620800	0.050582848	1.502563106	0.468650661	0.025625169	-0.001630829	-0.524888800	0.112341351	0.000004639	0.273066055	-0.074772302	-0.000003793	0.000004082	-0.025569568	-0.000000814	0.166283717	0.000003577	-0.000007651	0.062848721	0.064906403	0.105268476	0.000005520	-0.000008666	0.284528209	-0.003330305	0.000001146	0.007105264	-0.137367141	0.000000106	-0.000013238	0.210876335	0.061878337	21.781871237	0.049295722	-1.759969848	-0.275825651	0.004602041	-0.142619195	-0.126911079	0.000004454	0.414952722	0.259016973	0.000005120	0.063625615	0.038291929	0.000001430	-0.282588538	0.000009430	0.000008778	0.163784971	0.395313395	-0.490831517	0.000014090	0.000011080	0.261980562	0.671595232	0.000011851	0.250130020	0.524789115	0.000000270	-0.000017443	-0.011161141	-0.491814754	0.042050668	0.695364144	0.220078738	0.030983727	0.000261886	0.164962738	-0.530744102	-0.000013663	-0.122314018	0.269664504	0.000006090	-0.034704497	0.011473029	0.000000069	0.132217852	0.000013980	-0.000004073	-0.022698638	0.354451034	0.131626649	0.000013289	-0.000004636	-0.022111002	0.440300766	0.000003227	-0.064167984	0.057408406	0.000008787	0.000014486	-0.340465308	0.157060122	0.125874579	0.107048468	-0.005785982	0.059318834	-0.013873275	-0.091130423	0.125874744	0.107049201	-0.005786517	0.059324549	-0.013877043	0.091129788	0.187436895	0.183862393	-0.005963985	0.259193147	0.069645647	-0.000006644	0.096814297	0.281695562	0.123673587	0.084233029	0.044501686	-0.019477890	0.096822405	0.281699686	0.123673393	0.084229969	0.044494288	0.019475302	0.189955349	0.319540080	0.121259708	0.088973312	0.087541329	0.000002684	0.340733092	0.279354920	0.000513902	-0.024502017	-0.052683273	-0.000002642	0.051459891	0.089281504	-0.000000930	0.125489356	0.239182581	0.000008125		A3*: R23*s(0)
-2.289828808	1.145225274	0.439642074	0.091601541	0.018677203	0.022218404	-0.128560803	0.000001877	0.030360991	0.070512236	0.000002074	-0.008887971	0.019731367	0.000000256	-0.338056388	0.000005007	0.000016354	-0.032739368	-0.025252693	0.676029583	-0.000002690	-0.000020897	-0.242745115	-0.106156089	-0.000005565	-0.099806072	-0.037798499	-0.000009419	0.000002217	-0.036720945	-0.248579230	1.502436757	0.576424123	-0.224675476	-0.041912671	0.003376938	-0.311450086	0.346030696	0.000009953	-0.039433171	0.028409077	0.000000239	-0.035223803	0.019194896	0.000000907	0.092956530	-0.000001307	0.000000137	-0.100897130	0.087325297	-0.271690496	-0.000009681	0.000001443	0.210436422	-0.316315498	-0.000001724	-0.021449909	0.159410557	0.000003411	0.000008492	0.019503256	-0.043858986	0.049295722	2.056190269	-0.319131061	-0.032340865	-0.001934622	0.175484942	0.038574682	-0.000000620	0.028629074	0.029904079	-0.000000652	0.034180413	0.017649721	0.000000553	0.134884141	-0.000005679	-0.000003823	-0.080449756	-0.215965773	-0.153800982	0.000003118	0.000006124	0.134128261	0.196701554	0.000004805	0.009989889	0.535988587	0.000000447	-0.000008379	-0.100509862	-0.331070598	-0.049973636	0.786118679	-0.007451124	-0.019051289	0.001534373	0.075001494	-0.369054888	-0.000010441	0.023875575	0.100385772	0.000002892	0.004182283	-0.031340930	-0.000000897	-0.013432209	-0.000012225	-0.000006599	0.283050202	-0.194437829	-0.081779777	-0.000002228	0.000002443	0.038107476	-0.052145774	0.000002605	0.011894327	0.050007789	0.000007847	-0.000002000	0.069976697	0.148537023	-0.036561786	0.052920509	0.009334276	-0.102048254	0.069418164	0.034774679	-0.036562917	0.052915231	0.009334089	-0.102055906	0.069421336	-0.034780369	0.049414558	0.021460637	0.008148102	-0.108710064	-0.003373944	0.000004457	0.330310628	-0.074219671	-0.004728212	0.092805483	0.137407605	-0.105817057	0.330311710	-0.074220840	-0.004728104	0.092806574	0.137407215	0.105824052	0.313305032	-0.017472825	-0.007214586	0.248961983	0.003006449	0.000002900	0.128215024	0.015706673	-0.005369336	0.006692437	-0.088661714	-0.000001748	0.024591662	0.062705943	-0.000869934	-0.006389236	-0.148202605	-0.000006200		A3*: R24*s(0)
0.255995471	-0.055150467	-0.194943335	-0.031398013	-0.033465044	-0.098502083	-0.025727563	-0.000001793	-0.198319926	-0.012893193	-0.000002041	-0.076851312	-0.035994317	-0.000000633	0.045091132	0.000006433	-0.000004115	0.076226197	0.119564653	-0.057448853	-0.000002036	0.000003442	-0.033269762	0.016484612	0.000003371	0.040773142	0.059278448	0.000001576	-0.000000192	-0.026905496	-0.043323219	0.468710054	-0.224645429	-0.281836929	-0.025781153	0.003778805	0.061581571	0.033667156	0.000002954	-0.146970813	0.026494407	0.000002362	0.002072365	0.008922390	0.000000179	-0.059589709	-0.000003029	0.000001145	0.003344607	-0.013473690	-0.104060748	-0.000004757	0.000001916	-0.072356062	-0.056667194	-0.000001904	-0.030034441	0.044706746	-0.000000168	0.000006218	-0.055541825	-0.043777561	-1.759969848	-0.319131061	1.402736009	0.069765680	-0.006428810	-0.062508849	-0.055655825	-0.000003589	-0.195254954	-0.121389584	-0.000002330	-0.038469998	-0.026588487	-0.000000756	0.083526822	-0.000002622	-0.000002435	-0.037666982	-0.112783799	0.181015594	-0.000004845	-0.000003303	-0.075181071	-0.241633816	-0.000000527	-0.032055382	0.033869371	-0.000001767	0.000001292	-0.019290266	-0.047743227	0.164499947	-0.144202598	-0.138129716	-0.015090140	0.001698058	-0.010593302	0.060151674	0.000001856	0.077785072	-0.091625275	-0.000001232	0.009436368	0.002350450	0.000000019	-0.055985334	-0.000005537	0.000002129	-0.028600434	-0.081763139	-0.076209887	-0.000006481	0.000002931	-0.023743976	-0.158081608	-0.000002263	0.001677701	-0.046301909	-0.000004840	-0.000003566	0.095422775	-0.079303566	-0.058327102	-0.043164232	0.012176462	-0.048764388	0.029137115	0.026144103	-0.058328263	-0.043168009	0.012176209	-0.048769369	0.029138560	-0.026147378	-0.012598607	-0.083536045	0.011595521	-0.067749922	-0.027415743	0.000002390	0.089301244	-0.081072822	-0.014885998	-0.046718480	0.071803947	-0.129726786	0.089300997	-0.081074927	-0.014886442	-0.046719751	0.071804872	0.129728076	0.062001899	-0.085983839	-0.019152670	0.080269204	-0.125913067	-0.000000662	-0.052572815	-0.075021366	0.014171383	-0.018735116	0.040254505	0.000001818	0.032654467	-0.040576739	-0.000111765	-0.036301162	-0.063203058	-0.000002783		A3*: R25*s(0)
0.117442863	-0.046639302	-0.052226330	-0.245650673	0.200355383	-0.002150933	0.000460175	-0.000000338	-0.039290234	-0.027758766	-0.000000467	-0.306623569	-0.192187194	-0.000004099	0.030731602	-0.000000013	-0.000001340	0.000808696	-0.006875991	-0.020402618	-0.000000646	0.000001770	-0.015561536	-0.023505960	0.000000580	0.004449995	0.007278765	0.000000785	-0.000000195	-0.000495566	0.008402483	0.025624759	-0.041914991	-0.025779489	-0.033808630	-0.014103520	0.018880045	-0.012352932	-0.000000208	-0.016594589	0.001637299	-0.000000007	-0.028821124	0.036364642	0.000000862	-0.005343351	-0.000000358	0.000000406	0.000544480	-0.009774401	0.010707810	0.000000233	-0.000000268	-0.001739539	0.008426944	0.000000017	-0.000263832	-0.002460114	-0.000000792	0.000000409	-0.002173528	-0.007622589	-0.275825651	-0.032340865	0.069765680	-0.303994353	-0.858311741	-0.030317619	-0.012378607	-0.000000721	-0.053716066	-0.033052793	-0.000000739	-0.030691508	-0.022665401	-0.000000385	0.009566255	-0.000000245	-0.000000335	-0.005924012	-0.009081808	0.025948913	-0.000000689	-0.000000615	-0.016245501	-0.030878191	-0.000000890	-0.011653274	-0.061553345	-0.000000061	0.000001542	0.005925065	0.047229475	0.044258911	-0.033793627	-0.019311104	-0.049197030	-0.023954520	-0.005483894	0.022376211	0.000000264	-0.000454709	-0.018210526	-0.000000746	0.031086575	-0.057857201	-0.000001711	-0.003400861	-0.000000365	0.000001041	-0.015518220	-0.006606910	0.002059751	0.000000240	0.000000048	-0.000636550	0.003153302	-0.000000792	-0.002797927	-0.005165735	-0.000001711	-0.000000097	-0.001366041	-0.017795693	-0.001868720	-0.006979214	-0.006470958	0.000500690	-0.000490627	0.001532500	-0.001869008	-0.006978630	-0.006470572	0.000499901	-0.000491013	-0.001533330	-0.000388344	-0.003213636	-0.010338657	-0.000475703	0.000084391	-0.000001049	0.041043675	-0.106760329	-0.340944307	-0.007924754	0.013194905	-0.022986052	0.041043528	-0.106760707	-0.340944821	-0.007925191	0.013194984	0.022985908	0.034070406	-0.112130512	-0.347307273	0.014134208	-0.022347422	-0.000000179	-0.001178739	-0.018069248	-0.018874438	0.001564177	0.008058845	0.000000219	0.002969489	0.000459255	-0.009931148	0.000767984	0.001575495	-0.000000045		A3: R26*s(0)
-0.011607747	0.015360348	0.050151749	-0.191194124	-0.041891343	-0.025309531	-0.016099123	-0.000000299	0.106710832	0.066160652	0.000001390	-0.356554011	-0.225028425	-0.000004708	-0.004725160	-0.000000119	0.000000268	-0.001658109	-0.003394931	0.001226236	0.000000178	-0.000000233	0.003551783	0.008318030	-0.000000219	-0.005264568	-0.003444771	-0.000000020	0.000000193	-0.001046000	0.005706370	-0.001630949	0.003377519	0.003778677	-0.014103585	-0.000458728	0.000556020	-0.000025891	-0.000000213	0.003764954	-0.003680158	-0.000000059	-0.022553444	0.022778741	0.000000527	0.001750498	-0.000000425	-0.000000234	-0.000891196	-0.001321724	0.001043299	0.000000160	0.000000239	0.003401643	-0.002113328	-0.000000040	0.000209890	0.000461105	-0.000000112	-0.000000021	0.000378775	0.000636225	0.004602041	-0.001934622	-0.006428810	-0.858311741	-10.119911272	0.006625642	0.003814577	0.000000162	0.002095890	0.000923661	0.000000060	-0.006598728	-0.002724318	-0.000000290	-0.000974760	0.000000051	0.000000050	0.000918840	0.001517527	-0.003799701	0.000000134	0.000000054	0.002533695	0.006121346	0.000000015	0.001806283	-0.003537934	0.000000012	0.000000015	0.000956816	0.002043988	-0.000130075	0.004295225	0.002204383	-0.020735679	-0.001947815	0.000444400	-0.000623433	0.000000017	-0.003555976	0.005824566	0.000000180	0.011026315	-0.040163457	-0.000001098	0.000615095	-0.000000011	-0.000000034	-0.000994368	-0.000557835	0.000590356	0.000000047	-0.000000027	-0.001906872	0.001575488	0.000000056	0.000295088	0.000591066	0.000000267	0.000000066	0.000485134	0.001773439	0.000674544	-0.001273847	-0.001661664	0.000721072	-0.000039642	-0.000100921	0.000673865	-0.001273266	-0.001661578	0.000721012	-0.000039687	0.000101165	-0.001635493	0.002892923	-0.008487518	0.001068725	0.001410942	-0.000000552	-0.066309597	0.041992190	-0.357148579	-0.000204664	-0.008025269	0.011293916	-0.066309470	0.041992475	-0.357149002	-0.000204482	-0.008025236	-0.011293976	-0.064224816	0.047835816	-0.361606312	-0.010300126	0.008586967	-0.000000025	0.000479070	-0.001215954	-0.004681923	0.000603054	-0.000858857	-0.000000039	-0.002815092	0.002412278	-0.009934970	0.001550814	0.000891499	-0.000000252		A3: R27*s(0)
-0.851263898	0.344481562	0.193887836	0.035207710	0.037281625	-0.207998015	-0.071905650	0.000002446	-0.065379262	0.016676686	0.000000944	0.014279039	0.022574706	0.000000486	-0.215762665	0.000002261	0.000016693	-0.208869135	0.099809422	0.347593503	-0.000003159	-0.000012401	-0.068294245	-0.136049816	-0.000004078	-0.022212980	-0.035591734	-0.000003512	0.000000966	-0.002480626	-0.061809171	0.524778134	0.311186178	-0.061623344	-0.018867440	-0.000556324	-0.192656533	0.115089683	0.000001797	0.004183416	0.019075950	0.000000372	-0.019519012	0.003090159	0.000000114	0.049309816	-0.000000695	-0.000000851	0.013003389	-0.029149828	-0.100835844	-0.000003038	-0.000000089	0.143773906	-0.124630706	0.000001894	-0.028472318	0.057152881	0.000002452	0.000000268	0.085909660	0.025903598	-0.142619195	0.175484942	-0.062508849	-0.030317619	0.006625642	1.701746988	0.082907812	0.000004155	0.513695865	0.031058754	-0.000001034	0.057493615	0.006700022	0.000000183	0.025493143	-0.000000089	-0.000001275	-0.010831738	-0.000668125	-0.109669287	0.000005422	0.000006242	0.200978936	0.529985155	0.000004690	0.270986390	0.013718223	-0.000002732	-0.000002130	0.007956352	-0.006622859	-0.168350383	0.427629053	0.015308693	-0.012990664	-0.001131157	0.098321095	-0.250713740	-0.000006632	-0.045928826	0.079776634	0.000002244	0.006669527	-0.034197188	-0.000000507	0.003454505	-0.000000626	-0.000001167	0.100365236	-0.025810750	-0.031601056	-0.000000531	0.000000205	0.018982255	-0.019765590	0.000003319	0.020288032	0.056858348	0.000007848	-0.000000585	-0.017728649	0.121936854	-0.016278213	0.032179267	0.002453719	-0.023657321	-0.003602720	-0.004129614	-0.016282224	0.032177755	0.002454315	-0.023659436	-0.003599401	0.004129873	0.062698734	-0.004901635	-0.000293096	-0.007511027	0.019937400	0.000001522	0.019709482	-0.067588364	-0.002154328	0.153457842	0.078222038	0.022891935	0.019710883	-0.067588591	-0.002154233	0.153459241	0.078225201	-0.022889123	-0.210232552	0.149113633	-0.020371164	-0.002273378	0.169881021	0.000000129	0.036014309	0.064035268	-0.007166411	0.027049134	-0.050183902	-0.000000722	0.032288063	0.011368047	-0.000681135	0.027492989	-0.072070945	-0.000002109		A3*: R28*p(0)
-0.610446554	0.355942604	0.098887043	0.028014589	0.024446145	-0.012419546	-0.305512084	-0.000005419	-0.000969710	-0.114717425	-0.000001775	0.016461798	-0.003507402	-0.000000050	-0.161405057	0.000001167	0.000000764	0.267376014	-0.136763507	0.224682933	-0.000002339	-0.000005549	-0.191153066	-0.016688025	0.000000991	-0.041132029	-0.001115511	-0.000001020	-0.000000205	-0.050188143	-0.004988535	0.112746059	0.346282466	0.033601157	-0.012368208	-0.000026158	-0.115373468	0.163775806	0.000004704	0.032856530	-0.022602957	-0.000001025	-0.015195396	0.016412240	0.000000115	0.010295527	0.000000988	0.000000756	-0.066768682	0.022351712	-0.073935841	-0.000002604	0.000002560	-0.017326364	-0.111064895	0.000001734	0.003591680	0.031398795	0.000001016	0.000002177	-0.064087929	0.021999127	-0.126911079	0.038574682	-0.055655825	-0.012378607	0.003814577	0.082907812	1.579311680	0.000002064	0.007010047	0.517236791	-0.000000658	0.006105103	0.047570689	0.000000344	-0.005613851	-0.000000751	0.000000732	0.023659451	0.016252009	-0.401535630	0.000007915	0.000004450	0.102699247	0.121752376	-0.000000268	-0.022558145	-0.133314355	-0.000000032	-0.000001157	0.105491542	-0.189229378	0.491319944	0.229867682	-0.050643948	-0.014973469	-0.000105741	-0.046063679	-0.170928638	-0.000004895	0.027182810	0.029997152	0.000000165	-0.003768854	-0.009523118	0.000000129	0.023748053	-0.000000900	-0.000001075	0.008762885	-0.050860659	-0.040649764	0.000000955	0.000004519	-0.056846670	0.023572385	-0.000002637	0.015063291	-0.024362472	0.000000843	0.000001221	-0.036039911	0.074494472	0.028768116	0.032308401	-0.002162788	-0.005930793	0.004687628	0.000868488	0.028770400	0.032308138	-0.002162474	-0.005930456	0.004690206	-0.000866879	0.006000003	0.034030750	0.001203224	-0.057922349	0.047960497	0.000000991	-0.158591797	0.135943720	-0.018271667	0.045791619	0.015758736	0.090737376	-0.158592600	0.135944858	-0.018271589	0.045793059	0.015758175	-0.090737094	0.116760354	-0.151468794	0.012251420	0.215448572	0.056799003	0.000001079	0.040033769	0.000790549	-0.001138207	-0.009682034	-0.000089283	-0.000000470	0.019566336	-0.008493198	0.001491127	0.030330185	-0.020780125	-0.000000202		A3*: R28*p(1)
-0.000010658	0.000001381	0.000003000	0.000000502	0.000000489	-0.000001100	-0.000009500	-0.027105461	0.000003606	-0.000001221	-0.016655743	0.000000718	0.000000003	-0.004650062	-0.000007514	-0.142742097	-0.165562170	0.000003545	0.000001142	0.000006358	0.117089374	0.075662445	-0.000002929	-0.000003998	-0.055884288	0.000003752	0.000001576	0.046550074	0.114227442	0.000003152	-0.000000404	0.000002599	0.000011079	0.000003548	-0.000000064	0.000000001	-0.000002085	0.000004595	-0.014942693	0.000000021	-0.000002876	-0.001754270	-0.000000216	0.000000516	0.001545038	-0.000002573	0.043978029	-0.000478592	0.000001229	0.000002447	-0.000001865	-0.008748442	-0.004881753	0.000001986	0.000001941	-0.006984590	0.000000471	-0.000000896	-0.024763883	0.006964331	0.000002070	0.000002176	0.000004454	-0.000000620	-0.000003589	-0.000000721	0.000000162	0.000004155	0.000002064	1.504369752	0.000000445	0.000001112	0.511177559	0.000000351	0.000000504	0.034963962	0.000004158	0.030089037	-0.005958228	0.000000276	-0.000000225	-0.000003273	0.099493373	-0.301039818	0.000000419	0.000010547	0.024050313	0.000003514	-0.000001381	0.206648515	-0.106326521	-0.000001045	-0.000000769	0.000014468	0.000005094	-0.000001205	-0.000000390	-0.000000033	-0.000000953	-0.000000394	-0.075530771	-0.000002088	-0.000001075	0.024622605	-0.000000509	0.000000112	-0.003598672	-0.000001515	-0.071475825	-0.023244826	-0.000000650	0.000005150	-0.000001357	-0.036413536	-0.002860151	-0.000000786	0.000005226	0.018187680	-0.000003050	-0.000001106	-0.018574950	-0.039653974	-0.000005380	0.000001371	-0.038642855	0.013665348	0.001350351	-0.020723529	0.022282092	-0.011489419	0.038645437	-0.013660188	-0.001350418	0.020724143	-0.022287792	-0.011486345	0.000002567	-0.000000313	-0.000000047	-0.000000519	0.000000200	-0.015099967	0.168512668	-0.193162118	0.026170404	0.049026942	0.115052984	-0.042079870	-0.168513630	0.193160088	-0.026170210	-0.049023088	-0.115048252	-0.042082239	0.000000115	-0.000000182	-0.000000110	0.000001718	0.000001480	0.058464895	0.000001798	0.000001167	-0.000000090	-0.000000153	-0.000001652	0.028172445	0.000000341	-0.000001543	0.000000102	0.000000419	0.000001650	-0.043671857		A3*: R28*p(-1)
-0.015308107	0.041804650	0.011968338	0.051307149	0.061734407	0.100489099	-0.026776801	-0.000001017	-0.070158838	0.059287180	0.000001525	0.066824384	0.069762390	0.000001454	0.061391503	-0.000004550	-0.000003746	0.012355118	-0.152638754	-0.062140427	0.000002947	0.000001338	0.040442672	0.080765048	-0.000002117	-0.103430254	-0.048613861	0.000000672	0.000003530	-0.015583401	0.092912781	-0.273012403	0.039406231	0.146950688	0.016594439	-0.003762141	0.004224857	-0.032838967	0.000000290	0.163727949	0.053476870	-0.000002066	-0.007379417	-0.010505457	0.000000264	0.047747305	0.000000139	-0.000001513	-0.052310346	0.011404323	0.059120038	0.000000656	-0.000002546	-0.016408804	0.015640239	0.000000330	0.046751385	-0.020455573	0.000000659	-0.000003576	0.003295181	0.030518758	0.414952722	0.028629074	-0.195254954	-0.053716066	0.002095890	0.513695865	0.007010047	0.000000445	0.820113792	-0.062576735	-0.000000703	0.109722164	0.017505023	0.000000439	-0.023716222	0.000000367	0.000002439	0.114960152	0.120461701	-0.034824662	-0.000000382	0.000001311	0.139620709	0.053640793	0.000000634	-0.014820561	0.057337886	0.000000765	-0.000001354	-0.035677802	-0.056724231	0.011253048	0.041410344	0.091848843	0.001339452	-0.006481532	-0.028231486	0.008935040	-0.000000362	0.044028773	0.016565620	0.000001388	-0.013024532	-0.006421112	-0.000000150	0.008868561	0.000001225	-0.000001118	-0.005713947	0.021638086	0.030464976	0.000001002	-0.000002660	0.019065470	0.038729421	-0.000001336	0.004991676	-0.020966571	-0.000000671	0.000000438	-0.026286551	0.010896614	0.031024347	-0.002367878	-0.010054306	0.049632331	0.003336957	-0.014486494	0.031026946	-0.002369801	-0.010054167	0.049635408	0.003335906	0.014485847	-0.016252004	0.024611293	-0.018330631	0.026994787	0.027552317	-0.000002222	-0.021612674	-0.030888809	-0.003058813	0.071267559	-0.011584568	-0.015771835	-0.021612921	-0.030888060	-0.003058045	0.071267074	-0.011587085	0.015769535	0.046013668	-0.132950675	-0.050614969	0.181837639	-0.129538611	0.000000246	0.030563453	0.051132671	0.001784186	-0.002092690	-0.003428510	-0.000000460	-0.009677808	0.038931585	-0.003048956	0.000361421	0.028758246	0.000001124		A3*: R29*p(0)
-0.016589880	0.023886668	0.060448788	0.029123558	0.039447092	-0.006550124	0.167192083	0.000001863	0.107719802	-0.114596448	-0.000000444	0.081241322	-0.002722499	0.000000588	0.013334654	-0.000001884	0.000004596	-0.165816913	-0.044903689	-0.012440246	0.000000419	-0.000002567	0.094199185	0.053831809	-0.000004119	-0.006502889	-0.059655496	-0.000001276	0.000000839	0.029167382	0.044806345	-0.074991153	0.028434670	0.026610043	0.001650155	-0.003683172	-0.019051739	-0.022646023	-0.000003359	-0.053294112	-0.067823650	0.000001478	-0.004772664	-0.000103550	-0.000000801	-0.014497408	0.000000893	0.000000759	0.029405520	0.017976008	0.008906955	0.000002273	0.000000320	0.034333663	0.061028384	0.000000983	-0.025466455	-0.013719793	-0.000000908	-0.000000740	0.039803424	-0.007582871	0.259016973	0.029904079	-0.121389584	-0.033052793	0.000923661	0.031058754	0.517236791	0.000001112	-0.062576735	0.841898756	0.000002594	0.019354349	0.093934641	0.000000358	-0.154649588	0.000003007	0.000002166	-0.074353779	0.044588913	-0.134852541	0.000002122	0.000002714	-0.134024394	0.085504478	0.000001096	0.025661600	0.081348254	0.000001353	-0.000002106	0.023028915	0.020925596	-0.244335662	-0.028905419	0.043424595	0.016725326	-0.000525832	0.049389393	0.012880877	0.000000731	0.046871775	0.100923670	0.000001418	-0.010735820	0.003282627	0.000000340	0.055181519	0.000000082	-0.000002625	0.025622974	-0.005250132	0.079910666	0.000000700	-0.000003072	0.032735053	0.033464409	0.000004710	0.021449817	0.065491857	0.000004833	-0.000000406	-0.008647835	0.049591061	-0.000013167	0.031822096	-0.001085126	-0.022741706	-0.021352491	0.003907411	-0.000015261	0.031826013	-0.001085146	-0.022741653	-0.021353861	-0.003905056	0.006736896	0.006882942	0.010921578	0.020996316	-0.028599809	0.000000518	0.056093627	-0.072714627	-0.036801943	-0.014913318	0.142357218	-0.102835466	0.056093836	-0.072713788	-0.036801306	-0.014915357	0.142355671	0.102835324	-0.043308017	0.050529401	0.037752584	-0.074018852	0.152076293	0.000000889	-0.007193184	0.018686454	-0.009519592	0.016194317	-0.015277872	-0.000000693	-0.035815595	-0.010811411	-0.011671679	0.026470294	0.025381368	0.000000644		A3*: R29*p(1)
-0.000000305	0.000001375	-0.000000206	0.000000656	0.000000799	0.000000505	0.000002135	0.131127400	-0.000001228	-0.000002559	-0.122752523	0.000001315	0.000000152	-0.026468596	0.000000781	-0.004144264	0.016891313	-0.000003791	-0.000000714	0.000000221	0.030441055	0.014714981	0.000002383	0.000000026	0.014824353	-0.000003352	-0.000001551	-0.033830670	-0.060276941	-0.000000976	0.000001476	-0.000002962	0.000000517	0.000001917	-0.000000183	-0.000000066	-0.000000458	-0.000000803	-0.001755377	0.000001323	0.000001113	0.071683515	-0.000000119	-0.000000138	-0.004614589	0.000001278	-0.025371202	-0.003056314	-0.000000225	-0.000001134	0.000002797	-0.044637582	0.016523690	0.000000190	-0.000000454	-0.011994054	-0.000000541	0.000000454	0.002294875	0.010196913	-0.000000097	-0.000000069	0.000005120	-0.000000652	-0.000002330	-0.000000739	0.000000060	-0.000001034	-0.000000658	0.511177559	-0.000000703	0.000002594	0.765674130	0.000000366	0.000000319	0.078210618	-0.000001988	0.086001342	-0.084135288	-0.000001811	0.000001864	-0.000000093	0.133226859	0.001171575	-0.000002451	-0.000000468	0.013275032	-0.000001082	0.000000990	-0.065398673	-0.001924590	0.000000632	-0.000000459	-0.000006284	-0.000001256	0.000001275	0.000000750	0.000000021	0.000001397	0.000000002	0.024547771	0.000004660	0.000004093	-0.006607673	-0.000000190	0.000000068	-0.001312266	0.000002208	0.025360175	-0.000074788	0.000000762	-0.000002021	0.000000433	0.055203237	-0.048550249	-0.000000660	-0.000002127	-0.029026598	0.000001562	0.000003902	0.002550627	0.006657101	0.000000674	0.000001310	0.018615631	-0.002150795	0.011594579	0.006700989	-0.008110974	0.004146677	-0.018614014	0.002150315	-0.011594316	-0.006699840	0.008109795	0.004146906	-0.000000429	0.000001417	-0.000000427	0.000000680	-0.000000051	0.017757352	-0.091627384	0.081029632	0.056564179	0.010324032	-0.092657460	0.193666680	0.091626855	-0.081029855	-0.056564389	-0.010326822	0.092656864	0.193667636	-0.000000230	-0.000001313	-0.000000475	0.000000354	-0.000000458	0.060030423	-0.000000235	0.000001097	-0.000000231	0.000000346	0.000000257	0.005318836	-0.000000599	0.000000263	-0.000000324	0.000000277	-0.000000740	0.015970097		A3*: R29*p(-1)
-0.125520293	0.056751042	0.053526850	0.259443081	-0.325659224	-0.015774412	-0.013110354	-0.000000065	0.023140807	0.029657850	0.000000732	0.190384148	0.202061652	0.000004384	-0.043323353	0.000000619	0.000002419	-0.013820650	0.039457559	0.015669857	0.000000752	-0.000000814	0.010395687	0.037340050	-0.000000463	-0.004518735	-0.007311345	-0.000000337	0.000000236	-0.009916651	-0.013450615	0.000015029	0.035208257	-0.002081224	0.028792497	0.022535386	-0.019523977	0.015168269	0.000000091	-0.007390567	0.004768212	0.000000176	0.043944124	-0.014745024	-0.000000470	0.002612325	0.000000195	0.000000075	-0.000261935	0.002650292	-0.010732500	0.000000229	0.000000286	0.005850553	-0.004334727	0.000000641	0.000959949	0.003599661	-0.000000208	-0.000000008	0.005576678	0.015774814	0.063625615	0.034180413	-0.038469998	-0.030691508	-0.006598728	0.057493615	0.006105103	0.000000351	0.109722164	0.019354349	0.000000366	-0.109252488	0.006698394	0.000000086	-0.000887943	0.000000267	0.000000403	0.004437535	0.028494015	-0.020379432	0.000000678	0.000000278	0.014296417	0.016267643	0.000000358	0.010032961	0.011128010	-0.000000011	-0.000000435	-0.003965700	-0.011848298	-0.048339176	0.030663452	0.004641977	0.072709053	0.044717144	0.015690387	-0.027485605	-0.000000988	-0.003117277	0.009267891	0.000000020	-0.024163234	0.073760967	0.000002279	-0.000599042	-0.000000014	0.000000025	0.014304001	-0.000625575	-0.013448630	-0.000000195	0.000001469	-0.015248208	-0.012307587	-0.000000292	0.003497476	0.001966973	-0.000000522	-0.000000896	0.007719300	0.012897083	0.003223653	-0.000244744	0.010905861	-0.001593292	-0.000599052	-0.000026816	0.003223382	-0.000244863	0.010905119	-0.001592809	-0.000599283	0.000026142	0.001356291	0.002514286	0.022445074	0.001310467	0.003038783	0.000000671	0.002574516	-0.010757601	-0.022770192	-0.022359778	0.005058540	0.001185946	0.002573414	-0.010755267	-0.022764772	-0.022359858	0.005058096	-0.001186490	0.059882975	-0.125948680	-0.330990775	0.015225482	-0.024318821	0.000000199	0.000296219	0.002001512	0.023254018	0.001577603	-0.007439235	-0.000000052	0.000270820	-0.006057090	0.018151795	0.000809201	-0.007530014	0.000000143		A3: R30*p(0)
-0.090748185	0.047751468	0.024560917	0.169831522	-0.208132486	-0.015974912	-0.018403278	-0.000000472	0.031012560	-0.010584185	0.000000420	0.197342198	0.004483453	0.000002956	-0.031295357	0.000000554	0.000000593	0.039328207	0.004121900	0.007162655	0.000000797	0.000000185	0.020894399	0.010793491	0.000000004	0.001366824	0.001020738	0.000000046	-0.000000328	0.008399748	0.000201318	-0.025569744	0.019224024	0.008919760	0.036387699	0.022796624	-0.003119092	0.016421520	0.000000298	0.010499242	-0.000091006	-0.000000149	0.014815207	-0.045218626	-0.000001102	0.000076994	0.000000039	0.000000083	-0.003634730	0.002150274	-0.013763262	-0.000000648	0.000000756	-0.004299325	-0.021928294	0.000000753	-0.001141231	0.004036040	-0.000000253	0.000000353	-0.007672787	-0.003419136	0.038291929	0.017649721	-0.026588487	-0.022665401	-0.002724318	0.006700022	0.047570689	0.000000504	0.017505023	0.093934641	0.000000319	0.006698394	-0.115169447	0.000000246	-0.023342030	0.000000457	0.000000183	0.013346310	-0.001615582	-0.003194852	0.000000303	0.000000362	0.002932592	0.020795484	0.000000243	0.004844947	0.008063374	0.000000164	-0.000000325	0.006466411	-0.007163686	0.018413152	0.026011977	-0.010783459	0.012226005	0.007857285	0.004352723	-0.012820324	-0.000000984	0.002202187	-0.013370974	-0.000000658	0.005598731	0.029366152	0.000000201	-0.002277819	-0.000000116	0.000000541	0.005701426	-0.001394192	0.002617057	0.000000210	-0.000000874	0.017081291	0.000414685	-0.000000054	0.000784156	0.006721183	0.000000359	-0.000000186	0.000009542	0.022459239	-0.002701311	0.005151308	0.009398021	-0.001207154	-0.001463114	-0.001764746	-0.002700836	0.005151306	0.009398219	-0.001207262	-0.001463571	0.001765097	0.001934508	-0.004729630	0.001852877	-0.007115317	-0.000056602	0.000000133	0.043363542	-0.092973345	-0.239751481	0.005134909	-0.005829301	-0.029062003	0.043363244	-0.092972759	-0.239749899	0.005134351	-0.005829695	0.029061918	-0.047225544	0.086622046	0.230435626	-0.022318222	-0.002227921	-0.000000041	0.002972664	0.004357007	0.013610490	0.001342530	-0.004205739	-0.000000297	-0.002408339	-0.001134231	0.014952858	0.003338753	-0.000150447	0.000000214		A3: R30*p(1)
-0.000001633	0.000000704	0.000000942	0.000003226	-0.000004284	-0.000000504	-0.000000581	0.005249711	0.000000952	0.000000719	-0.029877229	0.000004035	0.000002797	-0.132472949	-0.000001101	-0.022247377	-0.019501735	0.000000525	0.000000379	-0.000000692	-0.034745169	-0.016433289	0.000000010	0.000001295	0.001663587	-0.000000182	-0.000000016	-0.004057361	-0.000036434	0.000000406	-0.000000021	-0.000000961	0.000000691	0.000000527	0.000000675	0.000000502	0.000000013	0.000000155	0.001545250	0.000000135	-0.000000414	-0.004614475	0.000000787	-0.000000892	0.009476647	-0.000000730	0.001447603	-0.000968510	0.000000150	-0.000000705	-0.000000535	0.004711022	-0.006139256	0.000000016	0.000000227	-0.003214242	0.000000106	0.000000262	-0.002488511	-0.004769671	-0.000000209	-0.000000431	0.000001430	0.000000553	-0.000000756	-0.000000385	-0.000000290	0.000000183	0.000000344	0.034963962	0.000000439	0.000000358	0.078210618	0.000000086	0.000000246	-0.121808057	-0.000000171	0.001299235	-0.027879098	0.000000062	0.000000517	-0.000000162	0.000205524	0.006893934	0.000000086	0.000000421	0.004618125	0.000000034	0.000000322	-0.003395491	-0.003343083	0.000000113	-0.000000210	0.000000831	0.000000750	-0.000000389	0.000000101	-0.000000005	0.000000179	-0.000000263	0.000740792	-0.000000201	-0.000000754	0.011877980	0.000000451	0.000000230	0.009877070	-0.000000485	-0.004339493	-0.002892853	0.000000105	0.000000508	0.000000363	-0.011680602	0.006748503	0.000001137	0.000001448	-0.002926895	0.000001023	0.000000297	-0.007538761	-0.008085134	-0.000001296	0.000000494	0.000068341	-0.002770428	-0.004500523	-0.001098619	0.001919986	0.000584173	-0.000068073	0.002770384	0.004500803	0.001097798	-0.001920910	0.000583058	0.000000228	-0.000000186	0.000000176	0.000000226	-0.000000844	-0.000917362	-0.063849265	0.118965438	0.317207869	0.000613581	-0.028663301	0.010179004	0.063849364	-0.118966402	-0.317209925	-0.000614038	0.028663554	0.010179429	0.000000135	-0.000000380	-0.000001279	0.000000341	0.000000016	-0.031156522	0.000000077	0.000000039	0.000000426	-0.000000082	-0.000000363	0.001038712	-0.000000317	-0.000000075	0.000000413	0.000000011	-0.000000993	-0.001289483		A3: R30*p(-1)
-0.079736719	0.112892766	0.053822144	-0.005304125	-0.000012831	-0.111341145	-0.165355813	-0.000001851	0.047144903	0.079209316	0.000001539	-0.016795140	-0.012738788	-0.000000559	0.118267195	-0.000006374	-0.000002656	0.034505428	0.036947177	0.122317714	-0.000001049	-0.000004378	-0.089064648	-0.101868274	0.000005451	0.097488858	0.092779363	-0.000000458	-0.000007459	0.048168484	-0.154566996	0.166279461	0.092957373	-0.059594991	-0.005342821	0.001752672	-0.049316634	0.010256294	-0.000001654	-0.047737212	-0.014535552	0.000000574	-0.002612325	0.000075670	-0.000000045	-0.016820801	0.000001004	-0.000001140	0.079177459	0.046257463	-0.029227695	-0.000000401	0.000001018	0.047132939	-0.045042992	-0.000002574	-0.012480173	-0.020167669	-0.000001379	-0.000000339	0.024283611	-0.005277167	-0.282588538	0.134884141	0.083526822	0.009566255	-0.000974760	0.025493143	-0.005613851	0.000004158	-0.023716222	-0.154649588	-0.000001988	-0.000887943	-0.023342030	-0.000000171	3.219447706	-0.000007368	-0.000001413	-0.204849084	-0.068503888	-0.864025952	0.000001471	-0.000002403	0.078352500	0.059132801	-0.000001538	-0.073109990	-0.003847791	0.000001442	-0.000000225	0.004011795	0.050084099	0.282195718	0.120167909	-0.054213983	-0.015649031	0.000685179	0.059758334	-0.001175742	0.000001221	-0.104487797	-0.068141129	-0.000002116	0.000863738	-0.000717256	0.000000252	-0.082932416	0.000003610	0.000003336	0.038480599	0.082263257	-0.068985584	0.000000982	0.000001676	-0.020283408	0.030088378	-0.000001215	-0.061014921	-0.012097609	0.000000206	0.000001229	-0.027589522	-0.072413682	-0.003750270	0.003743979	0.001948981	-0.030487219	-0.008202776	0.004195475	-0.003751249	0.003745451	0.001948807	-0.030485450	-0.008202832	-0.004193057	0.010200482	-0.002996884	0.001664970	0.000186023	-0.010072090	0.000000279	0.008917890	0.018068171	0.025566455	-0.003801110	-0.009634100	0.146634185	0.008918160	0.018072382	0.025566994	-0.003803431	-0.009636306	-0.146639268	0.029603317	-0.023457911	-0.033927364	0.064339061	-0.120057074	-0.000000822	0.042480938	0.012083485	0.004259091	0.004352952	-0.042028702	-0.000001518	-0.001640841	-0.050877559	0.002127013	-0.015458284	-0.010771060	-0.000000084		A3*: R31*d(0)
0.000007810	-0.000009452	-0.000001727	-0.000000241	-0.000000060	0.000002286	0.000001631	0.000563309	0.000000516	-0.000001882	-0.022637960	0.000001016	0.000000510	-0.016288989	-0.000003596	-0.101514553	-0.145942456	-0.000002258	0.000001990	-0.000005320	-0.004878541	0.024576615	0.000002678	0.000005040	0.054455084	-0.000007887	-0.000002628	-0.072711102	-0.112069780	-0.000000756	0.000009095	-0.000004548	0.000002074	0.000003766	0.000000298	-0.000000027	-0.000001439	-0.000002288	-0.043977858	0.000000616	-0.000000041	0.025372792	-0.000000137	-0.000000193	-0.001447310	-0.000000802	0.040864980	0.019330190	0.000002491	-0.000001303	0.000001867	-0.022994499	0.041110330	-0.000000272	0.000002251	-0.036692993	-0.000000242	0.000002518	-0.087943663	0.036930712	0.000001646	0.000002567	0.000009430	-0.000005679	-0.000002622	-0.000000245	0.000000051	-0.000000089	-0.000000751	0.030089037	0.000000367	0.000003007	0.086001342	0.000000267	0.000000457	0.001299235	-0.000007368	2.832138771	0.039555988	0.000003664	0.000005279	0.000001264	-0.832125567	-0.076088848	-0.000002516	-0.000000480	0.032432990	0.000000232	0.000000286	-0.039681228	-0.026265259	0.000000080	-0.000001251	0.000003039	-0.000005945	-0.000000074	0.000000234	0.000000073	-0.000001954	0.000000519	-0.015129546	0.000000923	0.000000591	0.028269508	-0.000000110	0.000000150	-0.004150719	0.000000833	0.017179908	-0.023066789	-0.000002732	-0.000000946	0.000001221	-0.011833210	-0.014918972	0.000000305	0.000003109	-0.051058749	-0.000003066	0.000004999	-0.001139947	-0.067439917	-0.000004504	0.000000589	-0.010580071	-0.035424096	0.005479931	-0.007171990	0.013948188	0.017067821	0.010583543	0.035422938	-0.005479914	0.007177889	-0.013951810	0.017071842	0.000001702	0.000000677	0.000000008	0.000003101	0.000001090	0.025774864	0.016464813	0.001941470	-0.006724709	0.152406534	0.072700874	-0.026524585	-0.016464643	-0.001943117	0.006723779	-0.152406203	-0.072697935	-0.026522508	-0.000000507	0.000000314	0.000000292	-0.000000899	0.000001004	-0.064123959	0.000000735	0.000000580	0.000000130	-0.000000845	0.000000299	0.006380878	-0.000000243	0.000000939	0.000000063	0.000000158	0.000001410	0.000342007		A3*: R31*d(1)
-0.000000905	-0.000000070	-0.000001118	0.000000136	-0.000000017	0.000002569	0.000004512	0.037660798	-0.000002247	-0.000001629	0.039471030	0.000000688	0.000000144	-0.014422288	-0.000001046	-0.093200118	0.099167888	0.000000749	0.000000006	-0.000004482	-0.003742521	-0.059862558	0.000001257	0.000002013	0.046585087	-0.000005668	-0.000002169	-0.016810041	-0.113295050	0.000000737	0.000002393	-0.000007526	0.000000159	0.000001205	0.000000641	-0.000000099	0.000001995	0.000001186	-0.000512930	0.000001000	0.000000205	-0.003036539	-0.000000401	0.000000679	-0.000970596	-0.000001365	-0.019265067	-0.041720951	-0.000001799	-0.000000922	-0.000001114	0.004091702	-0.033663594	-0.000002228	0.000000700	-0.023344566	-0.000001310	0.000001400	0.013362089	-0.038424762	-0.000001630	0.000000142	0.000008778	-0.000003823	-0.000002435	-0.000000335	0.000000050	-0.000001275	0.000000732	-0.005958228	0.000002439	0.000002166	-0.084135288	0.000000403	0.000000183	-0.027879098	-0.000001413	0.039555988	3.245790790	0.000000229	0.000002007	-0.000001726	-0.046142338	-0.937196453	-0.000000272	-0.000001155	0.029309812	0.000000012	-0.000001254	0.009362937	-0.050804199	0.000000570	-0.000000249	-0.000011215	-0.000005709	0.000002408	0.000000187	-0.000000088	-0.000000412	0.000001313	0.014757289	0.000003599	0.000002976	-0.019698345	0.000000123	0.000000121	0.003171917	0.000005587	0.023823652	0.028466815	0.000000713	-0.000007553	0.000001982	-0.005885685	-0.021523243	0.000000215	-0.000000547	-0.016397496	0.000000777	0.000000477	0.065138668	-0.040790045	-0.000001084	-0.000000536	-0.018966520	0.010426378	-0.001112734	-0.002952494	0.005439599	-0.004680691	0.018962850	-0.010425550	0.001113416	0.002950297	-0.005440713	-0.004683068	0.000000043	-0.000001400	0.000000181	-0.000002096	-0.000000034	-0.024198275	0.013727366	-0.055379656	-0.052188395	0.010039199	0.171671584	-0.200608658	-0.013728423	0.055381252	0.052188529	-0.010035929	-0.171671859	-0.200608732	0.000000142	-0.000000703	-0.000000165	0.000001694	0.000000300	0.046108406	-0.000001888	-0.000000777	-0.000000379	0.000001102	0.000003351	-0.012136749	-0.000000033	0.000001885	-0.000000239	0.000001136	0.000000527	-0.001292174		A3*: R31*d(-1)
0.138551644	-0.177984336	-0.032380754	0.000855371	-0.000254985	0.055867874	0.063246268	0.000001762	-0.056408966	0.058631032	0.000001478	-0.001772549	0.034831831	0.000000475	0.031449648	-0.000000785	-0.000001476	-0.016873002	0.054147439	-0.115223098	0.000002110	0.000002546	0.027326895	0.073354822	-0.000003324	-0.113683074	-0.080353678	0.000000961	0.000006821	-0.224169768	0.136660873	0.062953521	-0.100752814	0.003327835	0.000529281	-0.000891245	-0.012907072	-0.066742705	0.000002678	0.052268912	0.029474327	-0.000000881	0.000259524	-0.003631679	0.000000578	0.079250715	-0.000002395	-0.000001928	-0.098646790	-0.064145599	0.063770053	0.000001059	-0.000003814	0.021974535	0.006082218	-0.000000777	0.048129936	0.020989174	0.000000484	-0.000004789	0.034674344	-0.008517324	0.163784971	-0.080449756	-0.037666982	-0.005924012	0.000918840	-0.010831738	0.023659451	0.000000276	0.114960152	-0.074353779	-0.000001811	0.004437535	0.013346310	0.000000062	-0.204849084	0.000003664	0.000000229	3.108975313	0.019043783	0.108464512	-0.000002436	-0.000000540	-0.871439430	0.008011808	0.000000310	0.029513016	-0.018920348	-0.000001466	-0.000000077	-0.057106133	-0.069396118	-0.026768907	0.138736002	0.050931115	0.000265923	0.000971496	-0.012499157	0.010301531	0.000000587	-0.029979431	-0.028787958	-0.000000391	0.000653459	0.001906178	0.000000042	-0.089596739	0.000005962	0.000003331	-0.019156777	0.169114920	-0.029601798	-0.000001582	-0.000000480	0.027624810	-0.044982449	-0.000006047	-0.036388105	-0.087273969	-0.000002464	-0.000001854	0.037978372	0.002680681	0.039209978	-0.042030865	-0.002599205	0.055573444	0.024099779	-0.004911197	0.039214450	-0.042035054	-0.002599878	0.055574064	0.024098963	0.004907114	-0.001861931	0.036699866	-0.001033506	0.029231497	0.033528952	-0.000003653	0.035376061	-0.009072769	-0.020984879	0.060966062	0.111019354	-0.049421391	0.035376649	-0.009071887	-0.020984832	0.060968231	0.111019474	0.049422075	-0.060517161	-0.008025537	0.024263155	-0.223549441	-0.073909367	-0.000002035	0.017622614	0.021808357	0.003798737	-0.039637448	-0.030027508	-0.000001362	0.012090021	-0.004615781	0.000177600	-0.041277795	-0.021992815	-0.000000530		A3*: R31*d(2)
0.287126339	-0.383720082	-0.067235666	-0.001654771	-0.000357596	0.186539969	0.128013654	0.000001720	-0.032520188	-0.018010778	-0.000000612	0.038004219	0.008028879	0.000000811	0.061923616	0.000000592	-0.000000275	0.062375805	0.044731126	-0.248499391	0.000005237	0.000006687	0.110957379	0.234869626	-0.000006588	-0.187885678	-0.109262473	0.000007478	0.000007245	0.057063879	0.358053531	-0.064803925	-0.087482872	0.013483839	0.009773344	0.001319287	-0.029153917	-0.022480232	-0.000002987	0.011501120	-0.017920219	0.000000835	0.002654780	-0.002155562	-0.000000359	-0.046131192	-0.000000705	0.000000947	0.064023405	-0.021442780	0.050046801	0.000002502	0.000000017	-0.013230273	0.075103541	0.000000112	0.005475283	-0.025464803	0.000000800	-0.000000558	0.034324975	0.022129809	0.395313395	-0.215965773	-0.112783799	-0.009081808	0.001517527	-0.000668125	0.016252009	-0.000000225	0.120461701	0.044588913	0.000001864	0.028494015	-0.001615582	0.000000517	-0.068503888	0.000005279	0.000002007	0.019043783	3.382565473	0.022331650	-0.000000906	-0.000000090	-0.018764669	-0.974925364	0.000001839	0.088276387	0.013696413	-0.000000414	-0.000002183	0.080446001	-0.097785339	0.091734972	-0.125264613	0.025643577	0.005157395	0.000375357	-0.036684039	-0.011607445	0.000000504	0.019747131	0.031773002	0.000000233	-0.002508823	0.002760872	0.000000479	0.030964975	-0.000000850	0.000001716	-0.094789220	-0.039201751	0.049479749	0.000001740	-0.000003926	0.028571734	0.057275792	0.000001275	0.027946573	0.005985280	0.000002654	0.000001183	-0.026161824	0.036090718	0.006123201	0.040343087	-0.001729520	-0.045691296	-0.000501270	0.020346438	0.006120794	0.040346192	-0.001729491	-0.045689748	-0.000505073	-0.020345864	-0.010478196	0.005365679	0.001213140	0.005432362	-0.019932939	0.000000331	-0.028255589	0.005984065	0.006639204	-0.038329600	-0.005363987	0.015389714	-0.028256087	0.005982533	0.006638344	-0.038329468	-0.005360751	-0.015386738	0.016304795	-0.047545149	-0.052167932	0.226893762	-0.133254983	0.000001349	0.027916041	0.039801217	-0.000121425	-0.038744460	0.025308124	0.000000307	-0.003811037	0.028773211	0.002722024	0.009816199	0.047593553	0.000001609		A3*: R31*d(-2)
0.702766118	-0.452160983	-0.106651189	-0.011605781	0.001032522	0.113249020	0.034170954	0.000003175	0.042402736	0.148380835	0.000001939	0.020517613	0.007034159	0.000001282	0.291198831	-0.000003886	-0.000008912	0.020831110	0.166803036	-0.348838378	0.000006630	0.000012177	0.080598931	0.065388806	-0.000007227	-0.191157870	-0.060727032	0.000011863	0.000010064	0.038553188	0.198155824	0.105270316	-0.271694278	-0.104048495	0.010707650	0.001042349	0.100895573	-0.073855235	-0.000000947	-0.059124856	0.008858367	0.000001777	0.010743930	-0.013754988	-0.000000959	-0.029227902	-0.000002126	-0.000000751	0.063849639	-0.049945762	0.068585742	0.000001808	-0.000002437	-0.033200235	0.072332247	-0.000002664	-0.005769422	-0.004141840	0.000001164	0.000000309	-0.035426575	-0.008943823	-0.490831517	-0.153800982	0.181015594	0.025948913	-0.003799701	-0.109669287	-0.401535630	-0.000003273	-0.034824662	-0.134852541	-0.000000093	-0.020379432	-0.003194852	-0.000000162	-0.864025952	0.000001264	-0.000001726	0.108464512	0.022331650	1.891723920	-0.000007913	-0.000001825	-0.213198824	-0.123002629	0.000001690	-0.004337770	0.110599678	-0.000003415	-0.000000639	0.005713408	0.248487812	0.194314370	-0.244719708	-0.052819628	0.000199635	-0.001094664	-0.003136617	0.089931433	0.000004540	-0.054106851	-0.101003772	-0.000003005	-0.006642951	0.017895754	0.000000754	-0.052657775	0.000001064	0.000005650	-0.112526697	0.037055232	-0.046994628	-0.000000901	0.000001003	-0.028379181	-0.047387921	-0.000004031	-0.023631055	-0.071063090	-0.000006131	-0.000002888	0.087680782	-0.140429481	-0.000241693	-0.023746618	0.003450281	0.000741938	0.016452494	0.008448164	-0.000241109	-0.023747692	0.003450284	0.000741841	0.016449019	-0.008452797	-0.026938550	0.001842375	0.003127673	0.014901330	-0.015628749	-0.000001149	0.189913706	-0.164687504	-0.055252887	-0.035226468	0.195300697	-0.024468417	0.189917414	-0.164691145	-0.055253802	-0.035234238	0.195302731	0.024471414	-0.148568816	0.204617321	0.046772828	-0.287855828	-0.020160899	-0.000003223	-0.002165092	-0.013423477	0.010853484	-0.026438953	0.059460602	0.000002231	0.005949355	0.005830971	0.002060036	-0.028645068	0.007203626	0.000000271		A3*: R32*d(0)
-0.000016656	0.000012403	0.000004046	-0.000000100	-0.000000054	-0.000004806	-0.000006077	0.137852016	0.000000687	-0.000004630	-0.055322371	-0.000000520	-0.000000771	0.033433513	-0.000009285	-0.137090910	-0.179032136	0.000000267	0.000000641	0.000011623	0.153010262	0.141812924	-0.000002568	-0.000007248	-0.238565905	0.000012087	0.000009844	0.051633826	0.296851372	0.000004320	-0.000008192	-0.000005054	0.000008907	0.000004972	-0.000000415	-0.000000008	-0.000002910	0.000002771	0.008751670	0.000000803	-0.000001382	0.044624317	0.000000139	0.000000173	-0.004706233	0.000000485	-0.022958899	-0.004083357	-0.000000453	0.000001763	-0.000001465	-0.028291256	-0.000744424	0.000002618	-0.000000816	-0.006448305	-0.000000022	-0.000000970	-0.001785741	0.002297644	0.000001195	0.000000956	0.000014090	0.000003118	-0.000004845	-0.000000689	0.000000134	0.000005422	0.000007915	0.099493373	-0.000000382	0.000002122	0.133226859	0.000000678	0.000000303	0.000205524	0.000001471	-0.832125567	-0.046142338	-0.000002436	-0.000000906	-0.000007913	1.508728309	0.036829065	0.000003732	0.000007248	0.112765504	-0.000003540	-0.000004112	-0.104903010	-0.131293960	0.000000563	-0.000003372	0.000009853	0.000009675	-0.000001577	0.000000178	0.000000203	-0.000000033	-0.000002997	0.002207610	-0.000001422	0.000000817	0.056813930	0.000000187	0.000000110	-0.013717610	0.000001259	-0.028042983	-0.000954695	0.000003005	0.000001985	-0.000002315	0.004634567	-0.061162672	-0.000001180	0.000001205	0.004948828	0.000001014	0.000001784	-0.006714651	0.007221048	-0.000002229	0.000004350	-0.018850312	-0.006771527	0.007743121	0.002756896	0.010216695	-0.016874024	0.018852074	0.006774210	-0.007743520	-0.002754851	-0.010222961	-0.016872082	0.000002412	-0.000000102	-0.000000120	-0.000000202	-0.000000164	-0.000870375	-0.008933458	0.002732416	-0.002490551	0.253020288	0.033593701	0.019462414	0.008926587	-0.002726758	0.002492838	-0.253018328	-0.033597283	0.019454027	0.000000490	-0.000002103	-0.000000300	0.000004496	0.000000879	-0.172450844	0.000001232	0.000000569	0.000000093	0.000000117	-0.000002807	0.036811526	-0.000000251	-0.000000959	0.000000265	0.000001395	0.000000012	-0.006803980		A3*: R32*d(1)
-0.000017973	0.000011718	0.000002371	0.000000408	0.000000005	-0.000002005	0.000001193	-0.004812018	-0.000002003	-0.000003624	0.038487408	-0.000000625	-0.000000091	0.010864250	-0.000003243	-0.090787444	0.163062438	0.000002382	-0.000003554	0.000007622	0.092443348	-0.026733953	-0.000002885	-0.000003342	-0.079130707	0.000007303	-0.000000229	0.173967264	0.027241935	-0.000005948	-0.000008656	-0.000008753	0.000002065	0.000002329	-0.000000950	-0.000000016	0.000000323	0.000003482	-0.004874991	0.000001901	-0.000000642	0.016558625	0.000000218	0.000000155	-0.006142734	0.000000690	-0.041101932	-0.033699220	-0.000003846	0.000000543	-0.000002404	0.000755418	-0.042720036	0.000000388	-0.000000634	0.011874287	0.000000141	-0.000002466	0.052419030	-0.035186328	0.000000251	-0.000001554	0.000011080	0.000006124	-0.000003303	-0.000000615	0.000000054	0.000006242	0.000004450	-0.301039818	0.000001311	0.000002714	0.001171575	0.000000278	0.000000362	0.006893934	-0.000002403	-0.076088848	-0.937196453	-0.000000540	-0.000000090	-0.000001825	0.036829065	1.886488094	0.000000624	0.000001953	0.128538184	-0.000006041	0.000001602	-0.393609745	-0.034621444	0.000007252	0.000000674	-0.000006594	0.000003357	0.000001292	0.000000615	-0.000000024	-0.000000176	-0.000003131	0.028154949	0.000002390	0.000003683	-0.026919753	0.000000190	-0.000000721	0.003950949	0.000002941	0.033921547	0.011461407	0.000002517	-0.000002579	0.000000864	0.005423640	-0.012357102	0.000000057	-0.000002691	0.008199455	0.000002040	-0.000001483	0.042606379	0.002659191	0.000000352	0.000001855	-0.021557436	0.021178385	-0.000380522	-0.013731601	0.006245289	-0.006522919	0.021552735	-0.021175112	0.000379402	0.013727815	-0.006245243	-0.006524698	0.000000788	-0.000001493	-0.000000256	-0.000001326	-0.000000721	-0.017818696	-0.295094311	0.299243446	0.077383521	-0.045971046	-0.127266501	0.231042540	0.295091636	-0.299242942	-0.077383112	0.045968336	0.127264131	0.231044694	-0.000001536	0.000000131	0.000000496	0.000002038	0.000002530	0.120626774	-0.000001363	-0.000000264	0.000000138	0.000001203	-0.000001616	0.001249190	-0.000000125	0.000000381	-0.000000069	0.000000663	-0.000001098	0.008218270		A3*: R32*d(-1)
-0.447081319	0.252352551	0.087912731	0.002367147	-0.001689955	-0.039345376	-0.142785833	-0.000000646	-0.158677813	0.127907686	0.000003175	-0.003878618	-0.023039368	0.000000122	-0.085567220	0.000000974	0.000008471	-0.256418862	0.116273139	0.200283341	0.000000268	-0.000010024	0.109916072	-0.119673580	0.000001608	-0.032360865	0.094900731	0.000000663	-0.000005583	0.359181824	-0.190342042	0.284517276	0.209937531	-0.072457379	-0.001725232	0.003397254	-0.143560975	-0.017617422	0.000002009	0.016354212	0.034442706	-0.000000845	-0.005842066	-0.004339203	-0.000000163	0.047061640	0.000000063	-0.000002025	0.021964115	0.013147109	-0.033084677	-0.000001606	0.000000558	0.079831705	-0.125378027	0.000003500	-0.007914301	0.065904108	0.000002650	-0.000000181	0.038855791	0.057909293	0.261980562	0.134128261	-0.075181071	-0.016245501	0.002533695	0.200978936	0.102699247	0.000000419	0.139620709	-0.134024394	-0.000002451	0.014296417	0.002932592	0.000000086	0.078352500	-0.000002516	-0.000000272	-0.871439430	-0.018764669	-0.213198824	0.000003732	0.000000624	1.796378478	0.051641586	0.000000416	0.029281357	-0.120876911	-0.000004228	0.000004290	-0.290450175	-0.203002244	-0.476607496	0.185431905	0.153634578	-0.014504292	-0.002630587	0.030482468	-0.066865751	-0.000002609	-0.011008375	0.020277288	0.000001551	0.024692399	-0.017186403	-0.000000156	-0.006245726	-0.000002542	-0.000002894	0.074870972	-0.076300732	-0.004017866	0.000001461	-0.000001715	0.021042152	0.048885307	0.000003516	0.005311590	0.050128751	0.000002244	0.000001461	-0.057801732	0.019986056	0.032746596	-0.052592111	0.000217987	0.016438464	-0.007738368	-0.010109865	0.032748632	-0.052595044	0.000218593	0.016443140	-0.007737380	0.010111049	0.009532396	0.005166706	0.002130922	0.002013266	0.040844463	-0.000001088	-0.078115905	0.075576774	0.026878120	0.081333658	0.066557357	0.146906055	-0.078115277	0.075575772	0.026877389	0.081342107	0.066560100	-0.146902625	0.051987101	-0.076596915	-0.011922535	-0.115068828	-0.227066370	-0.000000836	0.017849488	0.053406642	-0.010695846	0.027357454	0.014923083	0.000001328	0.033444573	0.034089580	-0.002187268	-0.004744600	-0.022489803	-0.000000993		A3*: R32*d(2)
-0.775518896	0.393540472	0.155933188	-0.006597006	-0.002704632	-0.171655371	-0.204357176	-0.000002458	-0.033410255	-0.096452258	-0.000001680	-0.026365415	-0.010162743	-0.000000810	-0.063062927	-0.000002962	0.000006070	0.030269867	0.004243783	0.339305456	-0.000004827	-0.000012052	-0.193850703	-0.160342139	0.000002430	0.109406264	0.017864468	-0.000008211	-0.000006043	-0.088861999	-0.298570788	0.003777233	0.316653595	0.056537212	-0.008428057	0.002119044	-0.124945966	0.110938206	-0.000002848	0.015712166	-0.060959151	0.000000229	-0.004363468	0.021919236	-0.000000086	0.045118826	0.000002708	0.000000204	-0.006168213	0.075115163	-0.072384640	-0.000000771	0.000000955	0.125569344	-0.040345226	0.000000555	0.021077859	-0.042046728	-0.000000122	-0.000003938	0.090234913	0.035579595	0.671595232	0.196701554	-0.241633816	-0.030878191	0.006121346	0.529985155	0.121752376	0.000010547	0.053640793	0.085504478	-0.000000468	0.016267643	0.020795484	0.000000421	0.059132801	-0.000000480	-0.000001155	0.008011808	-0.974925364	-0.123002629	0.000007248	0.000001953	0.051641586	2.098910046	0.000005312	0.335067762	0.087316677	0.000003762	-0.000006513	0.225886185	-0.008857335	0.350653061	0.421733132	-0.005799782	-0.013718821	0.004267273	0.019314994	-0.158969794	-0.000003765	-0.108627428	0.053662490	0.000000294	0.014586938	-0.018862452	-0.000000113	0.009830805	0.000002397	-0.000002437	0.109121279	0.050830617	-0.017487126	0.000001636	0.000000223	0.006742746	0.063149650	0.000005552	-0.005326155	0.080814567	0.000008826	0.000002273	-0.119100236	0.106960455	0.008942313	0.076830685	-0.008857868	-0.029634256	-0.037249327	-0.008425386	0.008938537	0.076834124	-0.008857149	-0.029634019	-0.037245362	0.008430010	0.022668547	-0.015700544	0.001359494	0.002417251	-0.002074121	0.000000863	-0.014669499	-0.041785393	0.007994478	0.002063574	0.090787714	0.000777943	-0.014676745	-0.041777176	0.007995576	0.002061943	0.090784919	-0.000784265	-0.333487486	0.292201324	0.088251920	-0.129581656	0.193439127	0.000000088	0.061238480	0.049153574	-0.009174674	0.033623457	-0.094655093	-0.000003116	0.001842410	-0.041185392	0.006605373	0.040680705	-0.014551800	-0.000000231		A3*: R32*d(-2)
-0.000001033	-0.000002734	-0.000001981	-0.000000239	-0.000000166	-0.000000210	-0.000002631	0.112090027	-0.000004584	-0.000001032	0.056022499	-0.000000357	0.000000254	0.002287766	0.000002367	0.019511310	0.039164062	-0.000004035	-0.000007525	0.000010173	0.230782994	0.126632652	-0.000006685	-0.000006570	-0.251941324	0.000012712	0.000008664	0.084466607	0.138808676	-0.000002869	0.000001536	-0.000001769	0.000001179	-0.000000253	-0.000000521	0.000000061	-0.000002117	0.000002099	-0.006984349	0.000000070	0.000000479	-0.011994216	-0.000000064	0.000000018	-0.003214842	-0.000002717	0.036711724	-0.023315746	-0.000000170	0.000000333	-0.000002563	0.006439476	0.011879341	0.000003737	0.000000674	0.021298530	0.000000827	-0.000004191	-0.008015082	0.015331307	0.000004799	-0.000001295	0.000011851	0.000004805	-0.000000527	-0.000000890	0.000000015	0.000004690	-0.000000268	0.024050313	0.000000634	0.000001096	0.013275032	0.000000358	0.000000243	0.004618125	-0.000001538	0.032432990	0.029309812	0.000000310	0.000001839	0.000001690	0.112765504	0.128538184	0.000000416	0.000005312	3.289911408	0.000000688	0.000003999	-0.104770792	-0.127064763	0.000000149	0.000001061	-0.000001465	0.000001937	0.000003171	0.000000375	-0.000000030	-0.000001149	0.000001898	0.003426458	0.000003078	0.000002556	-0.016476267	0.000000283	0.000000354	-0.002380788	0.000005834	-0.008200132	0.054405521	0.000002211	-0.000002359	0.000001538	0.002098612	-0.020006180	0.000001594	-0.000001199	0.028815367	0.000000405	-0.000003649	0.026223498	-0.002874076	0.000000305	0.000002019	-0.007684657	-0.001977189	0.001917249	-0.025291506	0.024353924	-0.002415725	0.007684327	0.001977840	-0.001917791	0.025289751	-0.024356992	-0.002413485	0.000000122	-0.000001499	-0.000000027	0.000000636	-0.000000786	-0.003892925	-0.040658798	0.043723076	0.003894155	0.033882297	-0.241832424	-0.166941956	0.040664129	-0.043725801	-0.003894664	-0.033892212	0.241835348	-0.166942193	-0.000002971	0.000002556	0.000000339	-0.000001424	0.000002450	0.294607693	0.000001064	0.000001190	-0.000000168	-0.000000091	0.000001370	0.017196553	0.000001180	0.000001574	-0.000000084	0.000001735	0.000001318	-0.005314379		A3*: R33*f(0)
0.054750321	-0.201003105	-0.093720505	-0.013073020	-0.005887200	-0.056672591	-0.029510733	-0.000004360	-0.130325803	-0.078501630	-0.000003524	-0.004914395	-0.004538979	-0.000000459	0.106321249	-0.000005508	-0.000004206	-0.121974197	-0.213098232	0.172220226	-0.000013411	-0.000010822	-0.019603006	-0.124714021	0.000012641	0.114158336	0.152973436	-0.000000536	-0.000011390	0.030980994	0.149789541	-0.006994973	0.021325446	0.029997787	0.000265180	-0.000210437	-0.028424506	-0.003640236	-0.000000973	0.046715243	0.025514684	0.000000399	0.000961960	0.001140353	0.000000399	0.012495856	0.000000094	0.000001258	-0.048154346	0.005378447	0.005773136	-0.000000081	-0.000000193	0.007828696	0.021057326	-0.000000569	-0.007488919	-0.023889229	-0.000001930	-0.000002159	0.067287040	0.007952645	0.250130020	0.009989889	-0.032055382	-0.011653274	0.001806283	0.270986390	-0.022558145	0.000003514	-0.014820561	0.025661600	-0.000001082	0.010032961	0.004844947	0.000000034	-0.073109990	0.000000232	0.000000012	0.029513016	0.088276387	-0.004337770	-0.000003540	-0.000006041	0.029281357	0.335067762	0.000000688	3.449017420	0.049005645	0.000006582	0.000002035	0.002433791	0.098371219	-0.060259699	0.040077170	0.018075521	-0.001933140	-0.000050100	-0.032169379	-0.043682432	-0.000001948	0.049700311	0.019469353	0.000000415	0.007962567	-0.004893062	-0.000000346	-0.025834005	0.000001851	0.000004907	-0.001050957	0.002061992	0.013164121	0.000002240	-0.000001642	0.022800210	0.060191380	0.000000178	-0.029744685	0.018003476	-0.000000325	0.000005340	-0.069488378	-0.022558745	0.014900474	0.004251378	-0.000742981	-0.002163069	-0.006234658	-0.005963498	0.014899504	0.004252829	-0.000742966	-0.002163975	-0.006232948	0.005965519	0.002035934	-0.007772485	-0.000606358	0.030527418	0.000813804	0.000000566	0.018058073	0.006468545	0.000848653	-0.302497679	0.011362967	0.007622986	0.018049947	0.006476350	0.000849419	-0.302497580	0.011357324	-0.007628309	-0.234845121	0.223919170	0.027417201	-0.083464879	0.112150437	-0.000004658	0.012815746	-0.009593068	-0.003297457	0.005512948	-0.033206741	-0.000002502	0.001188035	-0.017095793	0.000576343	-0.007454931	0.022022971	0.000001480		A3*: R33*f(1)
-0.192205037	0.006865340	0.045227649	0.003467133	-0.001913605	0.105242504	0.047474895	-0.000002106	0.001499360	0.030554794	-0.000001186	0.000483932	0.006677376	0.000000026	0.001796118	-0.000004286	-0.000000964	-0.086572435	-0.109903455	0.160178826	-0.000009587	-0.000002624	-0.178597569	-0.065612264	0.000008009	0.202649535	-0.046329860	-0.000011733	-0.000002574	-0.073289488	0.000421313	-0.137371182	0.159427520	0.044723312	-0.002461574	0.000460604	-0.057200606	0.031350369	-0.000000595	0.020502164	-0.013682502	0.000000315	-0.003599750	0.004034431	0.000000042	-0.020157865	-0.000003053	0.000001300	0.020910715	0.025502635	-0.004137510	0.000000795	-0.000002444	0.065843551	0.042167636	-0.000002969	0.023939207	-0.071214537	-0.000001482	-0.000006889	0.094272175	0.009052010	0.524789115	0.535988587	0.033869371	-0.061553345	-0.003537934	0.013718223	-0.133314355	-0.000001381	0.057337886	0.081348254	0.000000990	0.011128010	0.008063374	0.000000322	-0.003847791	0.000000286	-0.000001254	-0.018920348	0.013696413	0.110599678	-0.000004112	0.000001602	-0.120876911	0.087316677	0.000003999	0.049005645	3.828274759	0.000001223	-0.000007865	0.009744899	-0.206355734	-0.022681710	0.097301359	0.055639934	0.005078217	-0.000479038	0.024597191	-0.005013831	-0.000001274	-0.003476296	0.040895498	0.000002143	0.001916464	0.003171739	-0.000000302	0.059381089	0.000000716	-0.000004784	0.057701360	-0.001353630	0.039422588	0.000001608	-0.000002215	0.044766101	0.038061321	-0.000001105	-0.012239759	0.017548132	0.000002508	0.000005572	-0.055331933	0.071522621	0.012868087	0.012348517	-0.002653714	-0.011737803	-0.015085848	-0.017677148	0.012868381	0.012348913	-0.002653333	-0.011739174	-0.015083876	0.017680445	-0.001604689	-0.006033915	-0.000848586	0.031879209	-0.005669495	-0.000001041	0.315096664	-0.264066683	-0.036646921	0.043521952	0.218678987	-0.036247449	0.315099644	-0.264067464	-0.036646890	0.043513435	0.218674528	0.036251995	0.141172767	-0.067110400	-0.017568371	0.179287093	0.132997173	0.000003609	0.052891124	0.043864609	-0.003223385	0.006899793	0.004681957	-0.000000781	0.006390894	0.010291924	0.000285708	0.038625986	0.035073025	0.000001219		A3*: R33*f(-1)
-0.000011502	0.000000973	0.000004426	0.000000594	0.000000168	0.000001543	0.000002339	-0.069199931	0.000002526	0.000002531	-0.038845184	0.000000163	0.000000279	0.000600939	-0.000005007	-0.065434737	0.019330057	-0.000001254	-0.000000380	-0.000002185	-0.116549445	-0.164037811	-0.000004413	0.000010059	0.089459341	-0.000000240	-0.000010496	0.195202505	-0.250669025	-0.000009875	-0.000001355	-0.000001175	0.000004025	0.000000144	0.000001236	-0.000000124	-0.000003043	0.000000517	-0.024753517	-0.000000256	-0.000000618	0.002310762	-0.000001520	0.000000753	-0.002495772	-0.000001532	0.087874544	0.013370348	0.000000566	-0.000000683	0.000000998	0.001741318	0.052365073	0.000002655	0.000000433	-0.007990734	0.000001911	-0.000002000	0.024518647	0.046218713	0.000003000	0.000000054	0.000000270	0.000000447	-0.000001767	-0.000000061	0.000000012	-0.000002732	-0.000000032	0.206648515	0.000000765	0.000001353	-0.065398673	-0.000000011	0.000000164	-0.003395491	0.000001442	-0.039681228	0.009362937	-0.000001466	-0.000000414	-0.000003415	-0.104903010	-0.393609745	-0.000004228	0.000003762	-0.104770792	0.000006582	0.000001223	3.595877820	-0.013683412	0.000000383	0.000001382	0.000000005	0.000000872	0.000000130	-0.000000251	-0.000000036	-0.000001461	-0.000002090	0.012492697	0.000000499	0.000000515	0.004634471	-0.000000347	-0.000000133	0.006649946	-0.000004180	0.012901891	-0.075542479	-0.000002087	-0.000000020	0.000001498	-0.018098710	0.024762648	0.000001592	0.000002519	-0.004751031	-0.000005902	0.000002680	-0.034363156	-0.083867168	-0.000003957	0.000005117	0.022874283	-0.015835167	0.000055426	-0.023729414	0.004676937	0.016850363	-0.022874098	0.015833740	-0.000053398	0.023727613	-0.004672717	0.016849903	-0.000000156	0.000000944	0.000000733	0.000001720	0.000000700	0.034523895	0.244403896	-0.224897317	-0.024535586	-0.024780482	-0.136552093	-0.228476187	-0.244403027	0.224894223	0.024535604	0.024793386	0.136556870	-0.228474645	0.000001313	-0.000000415	-0.000000089	0.000002454	0.000000137	-0.168274868	0.000000547	-0.000000482	-0.000000239	-0.000000063	-0.000000838	-0.004449698	-0.000000996	-0.000000165	-0.000000239	0.000000622	0.000000616	0.008778149		A3*: R33*f(2)
0.000002804	0.000004770	0.000001258	0.000000293	0.000000173	-0.000000833	-0.000000854	-0.105490548	0.000001576	0.000003341	-0.042311253	0.000000045	0.000000227	-0.005941750	-0.000004227	-0.001343535	-0.051701316	0.000000248	0.000009034	-0.000011025	-0.280579444	-0.114681441	0.000006299	0.000009014	0.152140987	-0.000012298	-0.000001602	-0.269491961	-0.183743808	0.000003049	0.000003730	0.000011255	-0.000006489	-0.000005150	-0.000000668	0.000000090	-0.000000551	-0.000002802	-0.007003471	-0.000002925	0.000000759	-0.010193331	0.000000139	-0.000000270	0.004765212	0.000000819	0.037039604	0.038475053	0.000004113	-0.000001079	-0.000000256	0.002273163	0.035271483	-0.000000432	-0.000004181	-0.015343933	-0.000002162	0.000006914	-0.046162023	-0.011061343	-0.000002826	0.000000282	-0.000017443	-0.000008379	0.000001292	0.000001542	0.000000015	-0.000002130	-0.000001157	-0.106326521	-0.000001354	-0.000002106	-0.001924590	-0.000000435	-0.000000325	-0.003343083	-0.000000225	-0.026265259	-0.050804199	-0.000000077	-0.000002183	-0.000000639	-0.131293960	-0.034621444	0.000004290	-0.000006513	-0.127064763	0.000002035	-0.000007865	-0.013683412	3.377481151	-0.000004509	0.000003711	-0.000006555	-0.000000713	0.000001281	-0.000000008	0.000000043	0.000001026	0.000005215	-0.018010803	0.000000108	-0.000001322	-0.000906817	0.000000397	0.000000205	0.001863469	0.000002495	0.057337430	0.064475215	0.000001766	-0.000005887	0.000001507	0.013584008	0.007049639	0.000001202	-0.000003098	-0.045158041	0.000002486	0.000004118	-0.014657349	0.034106036	0.000004669	-0.000000754	0.005130657	-0.009139823	-0.000111991	-0.003704920	-0.005937407	0.029840722	-0.005131166	0.009135543	0.000111953	0.003705695	0.005942897	0.029838614	-0.000001298	0.000000788	-0.000000218	-0.000000281	0.000001522	0.025565067	-0.036424546	0.020176670	0.003458978	0.269485422	-0.047069626	0.007635401	0.036416404	-0.020170317	-0.003458118	-0.269485874	0.047064197	0.007628439	-0.000001875	0.000000486	0.000000219	-0.000003823	-0.000000817	0.286787791	-0.000001109	-0.000000422	0.000000169	0.000000048	0.000003632	-0.044865832	0.000001710	0.000001469	-0.000000431	-0.000000963	-0.000002280	0.024220623		A3*: R33*f(-2)
0.117817442	-0.059058334	-0.049581851	-0.006082803	-0.001511636	-0.082622124	0.053909013	-0.000001924	-0.028763249	0.015057841	-0.000000757	-0.003408628	-0.000123781	-0.000000196	0.084573443	-0.000003255	-0.000004816	0.105348483	-0.051439392	-0.036323010	-0.000005109	0.000006484	-0.400470100	0.088652718	-0.000001795	0.022457591	-0.109043079	-0.000008491	0.000003935	-0.438342611	-0.009221162	-0.211021035	-0.019402428	0.055647264	0.002189586	-0.000380179	0.085920277	0.064104363	-0.000002835	0.003400805	-0.039780513	0.000000316	0.005611954	0.007686552	-0.000000107	-0.024271215	0.000001809	0.000001852	-0.034708595	0.034321927	0.035447422	0.000000422	-0.000000590	-0.039138193	0.090256733	-0.000004601	0.067379800	-0.094239073	-0.000002859	-0.000002377	0.009424788	-0.029002342	-0.011161141	-0.100509862	-0.019290266	0.005925065	0.000956816	0.007956352	0.105491542	-0.000001045	-0.035677802	0.023028915	0.000000632	-0.003965700	0.006466411	0.000000113	0.004011795	0.000000080	0.000000570	-0.057106133	0.080446001	0.005713408	0.000000563	0.000007252	-0.290450175	0.225886185	0.000000149	0.002433791	0.009744899	0.000000383	-0.000004509	3.618846713	0.091034687	0.398044233	-0.069391937	-0.064026059	-0.000538302	0.000304538	-0.032988234	0.005443199	0.000001476	-0.017791874	-0.011525798	-0.000000992	-0.005693581	0.006200393	0.000000399	0.028870777	0.000006587	-0.000000572	0.001330279	0.139419994	-0.063131784	-0.000001583	0.000004679	-0.054472016	-0.052714057	-0.000005854	0.002280333	-0.065758196	-0.000002892	-0.000001395	0.027910355	-0.019595831	-0.001449518	0.038919276	-0.002024490	-0.021979898	-0.010412116	0.007705513	-0.001449258	0.038922367	-0.002024079	-0.021982125	-0.010412315	-0.007702362	0.007376400	-0.028083501	-0.001368151	-0.025836763	-0.040494117	0.000001651	-0.029828728	0.013795036	0.003250047	0.038157531	0.011147310	0.026496488	-0.029823136	0.013790758	0.003249608	0.038154246	0.011143612	-0.026492362	-0.107202059	0.104533035	0.011730464	-0.149221650	-0.206920270	0.000001930	0.001209056	-0.003709132	0.007031826	-0.013303673	-0.033658482	-0.000002438	-0.029205726	-0.028546634	0.004000456	0.013966604	0.012355134	0.000001422		A3*: R33*f(3)
-0.243063029	0.122383543	0.150715314	0.021676970	0.009797310	0.029164092	0.079746903	0.000004579	0.107175329	0.111405951	0.000002638	0.005346252	0.005449444	-0.000000126	-0.259473175	0.000003270	0.000008267	0.049350491	0.102438398	-0.051090722	0.000009338	0.000001939	0.110373295	0.394648775	0.000000123	0.102492939	0.071725358	-0.000000191	0.000004789	-0.112472950	0.103086710	0.061372596	-0.043906209	-0.043643312	-0.007617684	0.000635715	-0.025715477	0.022131933	0.000002124	-0.030505251	-0.007701364	-0.000000256	-0.015757133	-0.003413233	0.000000399	-0.005335126	-0.000002760	0.000000354	-0.008565913	-0.022061168	-0.008859419	-0.000000826	-0.000001385	0.057873544	-0.035272728	-0.000002476	-0.007798724	0.008820943	-0.000000122	0.000000276	0.028901295	0.051898400	-0.491814754	-0.331070598	-0.047743227	0.047229475	0.002043988	-0.006622859	-0.189229378	-0.000000769	-0.056724231	0.020925596	-0.000000459	-0.011848298	-0.007163686	-0.000000210	0.050084099	-0.000001251	-0.000000249	-0.069396118	-0.097785339	0.248487812	-0.000003372	0.000000674	-0.203002244	-0.008857335	0.000001061	0.098371219	-0.206355734	0.000001382	0.000003711	0.091034687	3.677436257	0.022665968	-0.041331135	-0.030587541	-0.002868303	-0.000589627	-0.061844072	-0.084285550	-0.000002481	-0.006249948	-0.016061037	-0.000000150	-0.018833062	-0.007264742	-0.000000667	-0.040456364	0.000000289	0.000006829	-0.050865302	0.028973258	-0.059860769	-0.000000411	0.000002472	-0.036051319	-0.032841370	-0.000000846	-0.024340581	-0.017192326	0.000001688	0.000000266	0.090646559	0.056128456	-0.005537511	-0.018737228	0.001524064	-0.029616344	0.028967543	0.019480814	-0.005536457	-0.018738470	0.001524016	-0.029619951	0.028967049	-0.019483426	-0.014446662	0.013529882	-0.000977334	-0.016955818	0.018362641	-0.000000198	-0.040951141	-0.026960004	0.006245812	-0.064038522	0.108203812	0.087944274	-0.040950055	-0.026960490	0.006245684	-0.064031627	0.108203198	-0.087943124	-0.304232250	0.232171983	0.036045162	0.038181728	0.233285998	0.000000310	-0.039737660	-0.034986970	0.003837148	-0.016223840	-0.033886344	-0.000000899	-0.021560170	0.015855000	-0.001535792	-0.006259654	-0.026219261	-0.000000724		A3*: R33*f(-3)
0.447562210	0.542554497	-0.303569467	0.140435133	0.003087290	0.000970717	-2.440753588	-0.000072150	-0.000017399	0.037444725	0.000000380	0.000066969	-0.167170133	-0.000004354	0.676793043	0.000000704	-0.000086642	1.934901708	0.001554930	-1.034634683	0.000000081	0.000113211	-2.405175766	-0.001932427	0.000049327	-0.000298642	0.745245545	0.000069310	-0.000000081	-0.001241349	1.033040439	0.042048445	-0.049972948	0.164498497	0.044260093	-0.000129877	0.167965211	0.491457039	0.000016136	-0.011056749	-0.244331826	-0.000006307	0.048325087	0.018452659	0.000001141	0.282192212	-0.000002675	-0.000009613	-0.026625966	-0.091778244	0.194312837	-0.000009205	-0.000008621	-0.476061536	-0.351410525	-0.000001593	0.060275700	-0.022631928	0.000000709	0.000005519	-0.398098828	0.021719220	0.042050668	-0.049973636	0.164499947	0.044258911	-0.000130075	-0.168350383	0.491319944	0.000014468	0.011253048	-0.244335662	-0.000006284	-0.048339176	0.018413152	0.000000831	0.282195718	0.000003039	-0.000011215	-0.026768907	0.091734972	0.194314370	0.000009853	-0.000006594	-0.476607496	0.350653061	-0.000001465	-0.060259699	-0.022681710	0.000000005	-0.000006555	0.398044233	0.022665968	20.483003433	3.304262040	-0.497314204	-0.395551007	0.004992347	-0.000516509	1.292520714	0.000033217	0.000147185	-0.365467362	-0.000008556	0.000012678	-0.031446063	-0.000000714	-0.806481125	0.000001598	0.000041923	-0.215314748	-0.000179082	-0.055125662	0.000000670	-0.000017925	0.773342029	0.000616234	-0.000011785	0.000073555	-0.181531062	-0.000015240	-0.000000280	0.000278404	-0.231433242	0.049141756	0.043089358	0.002770357	0.128414189	0.056863290	-0.024139776	0.049133745	0.043082227	0.002770807	0.128397323	0.056875988	0.024114726	-0.064172185	-0.024981279	0.017741082	-0.050655659	0.124334011	-0.000010332	0.049136338	0.043084657	0.002770196	-0.128441176	0.056774209	0.024115880	0.049139591	0.043088736	0.002769724	-0.128454242	0.056765431	-0.024134474	-0.064180887	-0.024973569	0.017741201	0.050552591	0.124371986	-0.000006932	0.073188298	0.210489839	0.147462446	-0.159619281	0.081624960	0.000002049	0.073188337	0.210494910	0.147462707	0.159555322	0.081749098	0.000002430		A4*: R34*s(0)
-3.254979715	1.824530671	0.454524486	0.131402836	0.022085650	0.000251599	-0.624865140	-0.000011337	-0.000010289	0.026922784	0.000000730	0.000001753	-0.002917543	-0.000000516	-0.286299408	0.000000046	-0.000003359	0.317295348	0.000254065	0.603395253	-0.000000035	-0.000012914	-0.443546554	-0.000355110	0.000021697	-0.000150769	0.378356453	0.000012970	0.000000036	0.000142783	-0.120816909	0.695335328	0.786143573	-0.144242621	-0.033792901	0.004295118	-0.427810735	0.229529145	0.000005517	-0.041395728	-0.028933658	-0.000001426	-0.030685576	0.025987181	0.000001177	0.120171272	0.000006025	-0.000004636	0.138534326	0.125488345	-0.244720970	-0.000010064	0.000002642	0.186103032	-0.421439665	0.000000724	-0.040154972	0.097270302	0.000001283	0.000001366	0.069489962	-0.041164612	0.695364144	0.786118679	-0.144202598	-0.033793627	0.004295225	0.427629053	0.229867682	0.000005094	0.041410344	-0.028905419	-0.000001256	0.030663452	0.026011977	0.000000750	0.120167909	-0.000005945	-0.000005709	0.138736002	-0.125264613	-0.244719708	0.000009675	0.000003357	0.185431905	0.421733132	0.000001937	0.040077170	0.097301359	0.000000872	-0.000000713	-0.069391937	-0.041331135	3.304262040	2.425442322	-0.420345843	-0.095063872	0.005136781	-0.000005774	0.018510960	-0.000001581	-0.000005830	0.014649712	0.000000880	0.000014965	-0.035373708	-0.000001103	0.142738251	0.000000388	-0.000020016	0.378697619	0.000301879	-0.173486041	0.000000583	0.000002801	0.229325333	0.000182571	0.000002777	-0.000020892	0.052648503	-0.000002567	-0.000000340	0.000117173	-0.099346609	0.052045977	0.015037565	0.004490912	-0.019889974	0.026921517	-0.036783176	0.052039602	0.015035625	0.004490478	-0.019892971	0.026935080	0.036782558	-0.015952703	0.029246859	0.008138088	-0.083570852	0.043895392	0.000000550	0.052039446	0.015036849	0.004490949	0.019872380	0.026949290	0.036783188	0.052044314	0.015038261	0.004490981	0.019869087	0.026939801	-0.036783181	-0.015949657	0.029250009	0.008137154	0.083535810	0.043960404	0.000000885	0.082765335	0.053143003	0.019124209	0.101290297	-0.186249542	-0.000005476	0.082764334	0.053146457	0.019123323	-0.101141562	-0.186331742	-0.000005856		A4*: R35*s(0)
0.183351325	-0.058887128	-0.194463631	-0.042499113	-0.048306926	-0.000094842	0.240277849	0.000005898	-0.000088634	0.222214012	0.000004998	-0.000044345	0.110611067	0.000003181	0.024761460	-0.000000026	0.000001505	-0.129381087	-0.000104433	0.111898235	-0.000000002	-0.000010738	0.208119856	0.000167707	-0.000006165	0.000038485	-0.096632958	-0.000008668	0.000000088	0.000134364	-0.111236978	0.220073657	-0.007449641	-0.138129492	-0.019310710	0.002204345	-0.015267449	-0.050657472	-0.000001355	-0.091882945	0.043349660	0.000001151	-0.004634976	-0.010787751	-0.000000511	-0.054212501	0.000000439	0.000002705	0.050972406	-0.025562266	-0.052818420	0.000001908	0.000002197	0.153627047	0.006043952	0.000002950	-0.018118878	0.055624910	-0.000000240	-0.000001296	0.064099464	-0.030436334	0.220078738	-0.007451124	-0.138129716	-0.019311104	0.002204383	0.015308693	-0.050643948	-0.000001205	0.091848843	0.043424595	0.000001275	0.004641977	-0.010783459	-0.000000389	-0.054213983	-0.000000074	0.000002408	0.050931115	0.025643577	-0.052819628	-0.000001577	0.000001292	0.153634578	-0.005799782	0.000003171	0.018075521	0.055639934	0.000000130	0.000001281	-0.064026059	-0.030587541	-0.497314204	-0.420345843	1.268006286	0.130011188	-0.007285628	-0.000010259	0.023678743	-0.000000029	-0.000048425	0.121665395	0.000004187	-0.000018214	0.045472305	0.000001115	0.113894174	-0.000000089	-0.000007773	0.036617130	0.000029924	0.184330510	-0.000000209	-0.000010558	0.026077986	0.000020728	-0.000001135	0.000007063	-0.019082283	-0.000003011	0.000000035	0.000079106	-0.066128287	0.016385194	-0.057014266	0.003326871	0.004583185	-0.026827387	-0.001167777	0.016383017	-0.057012151	0.003326948	0.004584468	-0.026826224	0.001171890	-0.010858342	-0.023066940	0.012036833	0.029657116	0.002947518	-0.000000175	0.016383021	-0.057011521	0.003327097	-0.004562949	-0.026830378	0.001171782	0.016385472	-0.057012905	0.003327157	-0.004562185	-0.026831449	-0.001169054	-0.010860495	-0.023065670	0.012035601	-0.029659816	0.002924277	-0.000000032	0.057798986	0.010703783	-0.043699798	0.148020320	-0.020088881	-0.000000559	0.057796416	0.010704731	-0.043699434	-0.148004165	-0.020206437	-0.000000868		A4*: R36*s(0)
0.126540327	-0.078205944	-0.023122537	-0.355823012	0.304657096	-0.000020691	0.055796108	0.000001423	-0.000013294	0.033988444	0.000000945	-0.000179933	0.448970379	0.000012191	0.020723744	-0.000000107	0.000000156	-0.030369439	-0.000024436	0.025568896	0.000000086	-0.000004975	0.129228817	0.000105623	-0.000001679	0.000010903	-0.027538158	-0.000002097	0.000000091	0.000026642	-0.022542076	0.030984018	-0.019051712	-0.015089739	-0.049197485	-0.020735887	0.013000941	-0.014962094	-0.000000649	-0.001352841	0.016724484	0.000000567	-0.072719251	0.012167953	-0.000000207	-0.015648773	-0.000000102	0.000000383	0.000274073	-0.005157439	0.000197876	0.000000122	0.000000446	-0.014524595	0.013694090	0.000000355	0.001928114	0.005075525	-0.000000320	-0.000000159	0.000546760	-0.002870778	0.030983727	-0.019051289	-0.015090140	-0.049197030	-0.020735679	-0.012990664	-0.014973469	-0.000000390	0.001339452	0.016725326	0.000000750	0.072709053	0.012226005	0.000000101	-0.015649031	0.000000234	0.000000187	0.000265923	0.005157395	0.000199635	0.000000178	0.000000615	-0.014504292	-0.013718821	0.000000375	-0.001933140	0.005078217	-0.000000251	-0.000000008	-0.000538302	-0.002868303	-0.395551007	-0.095063872	0.130011188	-0.237767745	-0.847872579	-0.000006832	0.015417880	0.000000443	-0.000035040	0.088050158	0.000002236	-0.000032074	0.080089772	0.000002252	0.044526379	-0.000000114	-0.000002441	0.013684524	0.000011736	0.016563216	-0.000000061	-0.000000026	-0.028540273	-0.000022976	0.000000258	-0.000002219	0.005156847	0.000002070	0.000000053	-0.000064761	0.054064810	0.002113510	-0.000100492	-0.013257343	0.000199401	-0.004764827	-0.002248088	0.002113617	-0.000100265	-0.013257425	0.000201616	-0.004764965	0.002249164	0.007338604	-0.010742210	-0.020493672	0.005118776	-0.006255409	0.000000311	0.002113648	-0.000100359	-0.013257357	-0.000194963	-0.004764360	0.002248181	0.002113449	-0.000100456	-0.013257233	-0.000195295	-0.004763246	-0.002247225	0.007337652	-0.010743218	-0.020493325	-0.005114215	-0.006259342	0.000000023	0.037537984	-0.093423986	-0.348037348	0.028704948	-0.010614882	-0.000000284	0.037540330	-0.093423235	-0.348037290	-0.028696787	-0.010637449	-0.000000350		A4: R37*s(0)
-0.013595347	0.022216280	0.078390784	-0.310976063	-0.057767893	-0.000014648	0.036817661	0.000001073	0.000068331	-0.170456187	-0.000004684	-0.000231254	0.577190126	0.000015822	-0.005514180	0.000000036	0.000000061	0.003413927	0.000002631	-0.001525558	-0.000000009	0.000000601	-0.016364421	-0.000013178	0.000000308	-0.000002106	0.005403834	0.000000384	-0.000000024	-0.000005495	0.004525847	0.000261997	0.001534336	0.001697938	-0.023954743	-0.001947890	0.001131258	-0.000104590	0.000000079	0.006481965	-0.000520691	0.000000042	-0.044723453	0.007821489	-0.000000028	0.000685190	-0.000000124	-0.000000089	0.000972212	-0.000373576	-0.001094801	-0.000000254	-0.000000172	-0.002623646	-0.004271065	-0.000000146	0.000051086	-0.000478792	0.000000047	0.000000014	-0.000303360	-0.000590231	0.000261886	0.001534373	0.001698058	-0.023954520	-0.001947815	-0.001131157	-0.000105741	-0.000000033	-0.006481532	-0.000525832	0.000000021	0.044717144	0.007857285	-0.000000005	0.000685179	0.000000073	-0.000000088	0.000971496	0.000375357	-0.001094664	0.000000203	-0.000000024	-0.002630587	0.004267273	-0.000000030	-0.000050100	-0.000479038	-0.000000036	0.000000043	0.000304538	-0.000589627	0.004992347	0.005136781	-0.007285628	-0.847872579	-10.098760427	0.000002477	-0.005744829	-0.000000126	0.000000792	-0.002049404	-0.000000042	-0.000019831	0.049231162	0.000001280	-0.008858658	0.000000028	0.000000485	-0.000486938	-0.000000350	-0.000060768	0.000000002	0.000000028	-0.000231144	-0.000000122	-0.000000010	0.000000017	-0.000003748	0.000000197	0.000000011	-0.000006743	0.005653461	-0.002470117	0.001701168	-0.010883718	-0.000643424	0.001382984	-0.000529479	-0.002469989	0.001700787	-0.010883556	-0.000644124	0.001383471	0.000529311	-0.000192012	-0.001876392	-0.004450896	-0.000933601	-0.000632896	-0.000000040	-0.002469864	0.001700619	-0.010883490	0.000641432	0.001383709	0.000528817	-0.002469863	0.001700744	-0.010883700	0.000641062	0.001383773	-0.000529017	-0.000192194	-0.001876291	-0.004450677	0.000934055	-0.000632052	-0.000000022	-0.062634526	0.048825087	-0.354870957	-0.012776623	0.006722001	0.000000183	-0.062635957	0.048823310	-0.354870860	0.012771207	0.006732160	0.000000214		A4: R38*s(0)
-0.000339380	0.000050868	0.000067911	0.000015554	0.000022146	-0.187130575	0.000113659	0.000000027	-0.031044819	0.000044875	0.000000015	-0.012219663	-0.000023525	0.000000270	-0.000076218	0.000009472	-0.000000621	-0.000378006	0.437623361	0.000162480	-0.000005988	-0.000000049	0.000205356	-0.210605901	-0.000000096	0.020028162	0.000014367	-0.000000537	0.000001724	-0.057709175	-0.000075636	-0.164524586	-0.074709645	0.010549332	0.005466211	-0.000443409	0.098084347	0.046279122	0.000000666	-0.028182556	-0.049420324	-0.000001043	0.015670932	-0.004330475	0.000000257	-0.059758996	-0.000002132	-0.000000190	0.012548389	-0.036673326	0.003063101	-0.000000328	-0.000000140	-0.030460019	0.019138821	0.000002663	-0.032186216	-0.024619062	0.000001423	0.000000721	-0.033130615	0.061833888	0.164962738	0.075001494	-0.010593302	-0.005483894	0.000444400	0.098321095	-0.046063679	-0.000000953	-0.028231486	0.049389393	0.000001397	0.015690387	0.004352723	0.000000179	0.059758334	-0.000001954	-0.000000412	-0.012499157	-0.036684039	-0.003136617	-0.000000033	-0.000000176	0.030482468	0.019314994	-0.000001149	-0.032169379	0.024597191	-0.000001461	0.000001026	-0.032988234	-0.061844072	-0.000516509	-0.000005774	-0.000010259	-0.000006832	0.000002477	1.879611612	-0.000142898	0.000000481	0.293308551	0.000016000	-0.000000149	0.060676247	-0.000013623	0.000000345	0.000010745	0.000000116	-0.000000247	-0.000014409	0.028785532	-0.000022179	0.000005725	0.000000467	-0.000393686	0.207783827	0.000000706	0.360260757	-0.000024123	-0.000000650	-0.000024732	0.195958066	0.000321940	-0.051917218	-0.000057453	-0.000691733	0.020082172	-0.040443048	-0.012512271	-0.051926460	-0.000057187	-0.000691466	0.020080671	-0.040434866	0.012514919	0.063396409	-0.026290710	-0.002455450	0.047794526	-0.019898230	0.000000941	0.051909931	0.000088881	0.000692972	0.020107596	0.040483461	-0.012517829	0.051903706	0.000089415	0.000693518	0.020108246	0.040488600	0.012516299	-0.063358358	0.026352307	0.002455036	0.047788140	0.019952220	-0.000000365	-0.344088199	0.247106710	-0.018756477	-0.113051940	0.098711438	0.000002903	0.343882017	-0.247052496	0.018739371	-0.112867949	-0.098816596	-0.000003265		A4*: R39*p(0)
0.853250558	-0.127687787	-0.170741141	-0.038750481	-0.055392329	0.000110065	-0.465528015	-0.000017935	0.000044461	-0.143275513	-0.000005051	-0.000023709	0.046683604	0.000002109	0.191102008	0.000000387	-0.000015979	0.071032924	0.000234146	-0.403835078	0.000000211	0.000022642	-0.095096614	-0.000160915	0.000001110	0.000014086	-0.017141054	0.000001124	0.000000060	-0.000039493	0.015066823	-0.530863030	-0.369131683	0.060179898	0.022378668	-0.000623749	0.250929243	-0.170692911	-0.000000309	-0.008963404	0.012831667	-0.000000053	0.027508936	-0.012803207	-0.000000758	-0.001221797	0.000000540	0.000002082	0.010294603	0.011593119	0.089933923	0.000003084	-0.000002848	-0.067143964	0.158878519	0.000002136	0.043660116	-0.004998926	-0.000002143	-0.000005779	-0.005269941	-0.084250355	-0.530744102	-0.369054888	0.060151674	0.022376211	-0.000623433	-0.250713740	-0.170928638	-0.000000394	0.008935040	0.012880877	0.000000002	-0.027485605	-0.012820324	-0.000000263	-0.001175742	0.000000519	0.000001313	0.010301531	-0.011607445	0.089931433	-0.000002997	-0.000003131	-0.066865751	-0.158969794	0.000001898	-0.043682432	-0.005013831	-0.000002090	0.000005215	0.005443199	-0.084285550	1.292520714	0.018510960	0.023678743	0.015417880	-0.005744829	-0.000142898	2.227959893	0.000020609	0.000015804	0.256773267	-0.000004670	-0.000014690	0.096285547	0.000002066	-0.027508641	0.000000161	-0.000000291	-0.020538214	-0.000005535	0.054592454	0.000000654	-0.000014321	0.571931487	0.000538237	0.000025864	-0.000024704	0.418264553	0.000005600	-0.000000834	0.000334361	-0.214121337	0.018370144	-0.038584748	-0.002032189	0.073006989	-0.040263463	-0.004701964	0.018378075	-0.038587883	-0.002032000	0.073007300	-0.040266759	0.004699792	-0.042210175	-0.065289542	0.002107825	0.010178176	-0.018116744	-0.000003523	0.018419020	-0.038587592	-0.002030924	-0.072958133	-0.040292727	0.004689237	0.018412299	-0.038584300	-0.002030450	-0.072958563	-0.040290325	-0.004691676	-0.042271631	-0.065263167	0.002110390	-0.010126633	-0.018109069	-0.000003163	0.265291509	-0.051122267	0.019182507	0.132995672	0.017818042	-0.000002125	0.265567498	-0.051308413	0.019197631	-0.133100686	0.017633808	-0.000002235		A4*: R39*p(1)
0.000024516	-0.000005052	-0.000004439	-0.000001084	-0.000001500	0.000000057	-0.000010737	-0.001656883	0.000000034	-0.000004511	-0.004792461	0.000000011	0.000001867	-0.021498198	0.000013609	-0.000069160	0.172198963	0.000005100	0.000000005	-0.000017811	0.000052847	-0.132030394	-0.000006132	0.000000004	-0.024682011	0.000000089	0.000003271	-0.059727791	-0.000047473	-0.000000115	0.000002578	-0.000013034	-0.000010087	0.000001808	0.000000445	-0.000000035	0.000006445	-0.000005755	-0.075531883	0.000000390	0.000001009	0.024546544	0.000001117	-0.000000660	0.000740898	0.000001187	0.015117949	0.014769776	0.000000585	-0.000000451	0.000004720	-0.002229900	0.028153984	-0.000002959	0.000003435	0.003426418	0.000001921	-0.000001341	0.012463575	0.018030573	-0.000001892	-0.000002449	-0.000013663	-0.000010441	0.000001856	0.000000264	0.000000017	-0.000006632	-0.000004895	-0.075530771	-0.000000362	0.000000731	0.024547771	-0.000000988	-0.000000984	0.000740792	0.000001221	-0.015129546	0.014757289	0.000000587	0.000000504	0.000004540	0.002207610	0.028154949	-0.000002609	-0.000003765	0.003426458	-0.000001948	-0.000001274	0.012492697	-0.018010803	0.000001476	-0.000002481	0.000033217	-0.000001581	-0.000000029	0.000000443	-0.000000126	0.000000481	0.000020609	1.442279996	-0.000000208	-0.000005305	0.459353601	0.000000046	0.000002030	0.017720057	-0.000001548	0.000013366	-0.033521373	-0.000001364	0.000000078	-0.000006614	0.000066090	-0.164901784	0.000010948	0.000000480	0.161445122	0.000000231	-0.000006271	0.172394382	0.000137911	-0.000000015	-0.000012032	0.044486227	-0.024454247	0.000670143	-0.002321069	-0.017574380	0.014444348	-0.044486117	0.024450065	-0.000670336	0.002325653	0.017575294	0.014444802	-0.000002996	-0.000000182	0.000000066	0.000001934	0.000001265	0.032910255	-0.044485439	0.024450067	-0.000670721	-0.002340241	0.017573023	0.014444731	0.044486429	-0.024453011	0.000669765	0.002335412	-0.017573008	0.014443990	-0.000002521	-0.000000480	0.000000069	-0.000001461	0.000000526	0.032909835	0.000006885	-0.000001240	0.000000522	0.000003684	-0.000002026	0.081414194	0.000007501	-0.000001716	0.000000570	-0.000004187	-0.000002129	0.081414690		A4*: R39*p(-1)
0.000077455	0.000002501	0.000001402	0.000035883	0.000037546	0.173496154	-0.000037456	0.000000012	-0.388532794	-0.000144884	0.000000009	-0.085535555	-0.000092310	-0.000000166	0.000031412	-0.000002942	0.000000437	0.000258515	-0.224476134	-0.000101374	0.000003450	-0.000000255	-0.000234730	0.139643536	0.000000003	-0.056591509	0.000035501	0.000000170	-0.000001993	0.115253180	0.000198211	0.122096272	-0.023954761	-0.077712406	0.000469118	0.003551292	-0.045845188	-0.027239889	0.000002995	0.044078186	-0.046917354	-0.000005747	-0.003108378	-0.002193622	0.000000820	0.104541409	0.000000909	-0.000002797	0.029969813	0.019820104	0.054186160	-0.000001301	-0.000001870	0.011163377	-0.108568526	-0.000004671	0.049714388	0.003483958	-0.000000494	0.000000474	-0.017816901	0.006219788	-0.122314018	0.023875575	0.077785072	-0.000454709	-0.003555976	-0.045928826	0.027182810	-0.000002088	0.044028773	0.046871775	0.000004660	-0.003117277	0.002202187	-0.000000201	-0.104487797	0.000000923	0.000003599	-0.029979431	0.019747131	-0.054106851	-0.000001422	0.000002390	-0.011008375	-0.108627428	0.000003078	0.049700311	-0.003476296	0.000000499	0.000000108	-0.017791874	-0.006249948	0.000147185	-0.000005830	-0.000048425	-0.000035040	0.000000792	0.293308551	0.000015804	-0.000000208	1.149231638	0.000177818	0.000000477	0.076737762	-0.000020619	-0.000000249	-0.000030193	-0.000001947	0.000000218	0.000042761	-0.097536334	-0.000023813	-0.000002892	0.000000091	0.000144082	-0.148572526	-0.000000074	-0.081854319	-0.000003370	0.000000161	0.000005524	-0.020584840	-0.000074833	-0.003693357	-0.077041955	-0.002929594	-0.015912990	0.056079234	0.009833010	-0.003687206	-0.077047682	-0.002929236	-0.015912753	0.056075236	-0.009840131	-0.040703071	0.014534341	-0.018028840	-0.036822776	0.014140077	-0.000001580	0.003679314	0.077043414	0.002922783	-0.015880887	-0.056081395	0.009834807	0.003682241	0.077039129	0.002923711	-0.015880388	-0.056083877	-0.009830476	0.040696552	-0.014524792	0.018026371	-0.036808979	-0.014169831	0.000001026	0.090704136	-0.205534810	-0.034779899	0.269633306	-0.021555955	-0.000000633	-0.090661992	0.205421994	0.034745584	0.269518147	0.021669895	0.000001106		A4*: R40*p(0)
-0.194875209	-0.007736696	-0.001477698	-0.090219085	-0.093749946	-0.000034742	0.262444825	0.000006294	-0.000143550	-0.024208636	0.000001742	-0.000092824	0.146112606	0.000005903	-0.079146819	-0.000000079	0.000011092	-0.196754204	-0.000248048	0.254507336	-0.000000096	-0.000022128	0.307242106	0.000301537	-0.000011727	0.000035525	-0.144010237	-0.000015034	-0.000000019	0.000225539	-0.149230994	0.269756289	0.100371803	-0.091691660	-0.018209916	0.005827310	-0.079837158	0.029909140	-0.000001650	-0.016611278	0.100872753	0.000004596	-0.009260158	-0.013380175	-0.000000863	-0.068057300	-0.000000855	0.000002268	-0.028713007	-0.031801891	-0.100959652	-0.000001157	0.000003165	0.020372811	-0.053715723	0.000002457	-0.019462589	0.040882142	0.000000298	0.000001548	0.011549911	-0.016027329	0.269664504	0.100385772	-0.091625275	-0.018210526	0.005824566	0.079776634	0.029997152	-0.000001075	0.016565620	0.100923670	0.000004093	0.009267891	-0.013370974	-0.000000754	-0.068141129	0.000000591	0.000002976	-0.028787958	0.031773002	-0.101003772	0.000000817	0.000003683	0.020277288	0.053662490	0.000002556	0.019469353	0.040895498	0.000000515	-0.000001322	-0.011525798	-0.016061037	-0.365467362	0.014649712	0.121665395	0.088050158	-0.002049404	0.000016000	0.256773267	-0.000005305	0.000177818	0.701310364	0.000002197	-0.000020028	0.126746505	0.000001237	0.074852037	0.000000031	-0.000005086	0.089123217	0.000032605	0.058113122	-0.000000101	-0.000000182	-0.061070124	-0.000107212	-0.000004192	-0.000003130	-0.072677679	0.000002416	0.000000316	-0.000155856	0.123611257	0.011496872	0.004600548	0.007695607	-0.015399528	-0.008837861	-0.004782644	0.011492992	0.004604229	0.007695033	-0.015399976	-0.008835275	0.004786612	0.007033751	-0.021525110	0.003748235	0.003628555	-0.000204184	0.000001532	0.011495999	0.004664972	0.007697435	0.015394338	-0.008867980	0.004793975	0.011499463	0.004662415	0.007697969	0.015393996	-0.008870003	-0.004791041	0.007064482	-0.021538867	0.003762556	-0.003657141	-0.000218825	0.000001187	-0.055268292	0.135830280	0.043816280	-0.123173627	0.126689559	0.000003363	-0.055342099	0.135991045	0.043843915	0.123287497	0.126805091	0.000003629		A4*: R40*p(1)
-0.000006152	0.000000442	-0.000000164	-0.000002217	-0.000002586	0.000000071	0.000003287	0.087046131	-0.000000275	0.000004451	-0.110075753	-0.000000047	0.000005921	-0.064490973	-0.000005545	0.000036730	-0.091310116	-0.000007068	-0.000000103	0.000010252	-0.000035079	0.087307366	0.000010684	0.000000091	0.058431110	-0.000000061	-0.000012776	0.117178846	0.000093766	0.000000019	-0.000008234	0.000005552	0.000002984	-0.000000687	-0.000000841	0.000000178	-0.000002387	0.000000385	0.024623045	-0.000001672	0.000001135	-0.006607073	0.000000288	-0.000000555	0.011877994	-0.000001800	-0.028253993	-0.019720439	-0.000000261	-0.000000553	-0.000002767	-0.056792970	-0.026964599	0.000001916	-0.000000797	-0.016476072	-0.000000492	0.000002042	0.004633276	0.000914146	0.000001002	-0.000000086	0.000006090	0.000002892	-0.000001232	-0.000000746	0.000000180	0.000002244	0.000000165	0.024622605	0.000001388	0.000001418	-0.006607673	0.000000020	-0.000000658	0.011877980	-0.000002116	0.028269508	-0.019698345	-0.000000391	0.000000233	-0.000003005	0.056813930	-0.026919753	0.000001551	0.000000294	-0.016476267	0.000000415	0.000002143	0.004634471	-0.000906817	-0.000000992	-0.000000150	-0.000008556	0.000000880	0.000004187	0.000002236	-0.000000042	-0.000000149	-0.000004670	0.459353601	0.000000477	0.000002197	0.615572987	-0.000000022	0.000001125	0.082259264	0.000000020	0.000013755	-0.034536889	0.000001743	-0.000000026	-0.000000403	0.000017916	-0.044768126	-0.000002076	-0.000000045	-0.047080988	-0.000000056	0.000002714	-0.045896661	-0.000036695	0.000000006	0.000004936	-0.027086270	0.024326636	-0.005109659	-0.003005791	0.002113223	-0.009995583	0.027088739	-0.024326550	0.005109412	0.003005322	-0.002116373	-0.009995086	0.000001187	-0.000002071	0.000000621	0.000000784	-0.000000700	-0.002056770	0.027088513	-0.024326452	0.005109389	-0.003003192	-0.002118376	-0.009995298	-0.027086644	0.024326268	-0.005109659	0.003003888	0.002115932	-0.009995556	0.000000854	-0.000001664	0.000000516	-0.000000599	-0.000000595	-0.002056592	-0.000001041	0.000004262	0.000001177	-0.000003288	0.000003542	0.007415909	-0.000001209	0.000004744	0.000001282	0.000003847	0.000003584	0.007415828		A4*: R40*p(-1)
-0.000057423	0.000026547	0.000031799	0.000162303	-0.000215350	0.006053307	0.000016840	0.000000006	-0.041263056	-0.000046779	-0.000000029	-0.187248328	-0.000215889	0.000000076	-0.000018766	0.000001666	0.000000077	-0.000061879	0.060542092	0.000000772	0.000001020	0.000000025	-0.000063838	0.035111674	0.000000069	-0.001906487	0.000004583	0.000000003	-0.000000546	0.018102489	0.000021020	0.034695010	-0.004155106	-0.009438607	-0.031040497	-0.010994279	0.006637122	0.003784010	0.000000076	-0.013038446	0.010722978	-0.000000105	-0.024099812	-0.005640800	-0.000000700	-0.000862874	-0.000000097	-0.000000247	-0.000651253	-0.002508196	0.006625640	0.000000238	0.000000257	-0.024699846	0.014530392	-0.000000081	0.007960481	-0.001914795	0.000000301	-0.000000318	-0.005731997	0.018819602	-0.034704497	0.004182283	0.009436368	0.031086575	0.011026315	0.006669527	-0.003768854	-0.000000509	-0.013024532	-0.010735820	-0.000000190	-0.024163234	0.005598731	0.000000451	0.000863738	-0.000000110	0.000000123	0.000653459	-0.002508823	-0.006642951	0.000000187	0.000000190	0.024692399	0.014586938	0.000000283	0.007962567	0.001916464	-0.000000347	0.000000397	-0.005693581	-0.018833062	0.000012678	0.000014965	-0.000018214	-0.000032074	-0.000019831	0.060676247	-0.000014690	0.000000046	0.076737762	-0.000020028	-0.000000022	-0.053627603	0.000007418	0.000000096	-0.000000903	0.000000189	0.000000015	-0.000011347	0.006382251	-0.000005380	-0.000000700	0.000000018	0.000027000	-0.029173158	-0.000000032	0.039375067	-0.000003443	-0.000000192	-0.000002468	0.020231645	0.000022361	-0.002278965	-0.000916246	-0.000759011	0.002244392	-0.000349324	-0.003124439	-0.002278507	-0.000917045	-0.000759685	0.002244501	-0.000349437	0.003124688	0.002507839	0.001273844	0.005015922	0.001035532	-0.002237354	0.000000026	0.002276359	0.000918875	0.000774899	0.002250749	0.000352894	-0.003124866	0.002276375	0.000918075	0.000774301	0.002249982	0.000353706	0.003125657	-0.002508402	-0.001271832	-0.004992777	0.001039617	0.002238513	0.000000056	0.075834005	-0.145209396	-0.360992699	0.024699072	-0.026856343	-0.000000736	-0.075811456	0.145135364	0.360811196	0.024654349	0.026882935	0.000000875		A4: R41*p(0)
0.146831389	-0.067591111	-0.078047987	-0.404501721	0.537517731	0.000016788	-0.040892884	-0.000001761	-0.000045955	0.074545948	0.000002729	-0.000215710	0.352271075	0.000016359	0.046562937	0.000000076	-0.000003869	0.034660918	0.000052494	0.002856547	-0.000000105	-0.000004355	0.085836881	0.000079740	-0.000000796	0.000004662	-0.012627516	-0.000000723	-0.000000068	0.000008229	-0.000413277	0.011501451	-0.031342837	0.002345194	-0.057882271	-0.040172116	0.034212207	-0.009494692	-0.000000076	0.006409194	0.003295447	0.000000193	-0.073803335	0.029302864	0.000000484	-0.000718440	-0.000000160	-0.000000163	0.001911049	-0.002759321	0.017903325	-0.000000393	0.000000124	-0.017237540	0.018850512	0.000000330	0.004899085	0.003178326	-0.000000636	0.000000075	-0.006188773	-0.007261259	0.011473029	-0.031340930	0.002350450	-0.057857201	-0.040163457	-0.034197188	-0.009523118	0.000000112	-0.006421112	0.003282627	0.000000068	0.073760967	0.029366152	0.000000230	-0.000717256	0.000000150	0.000000121	0.001906178	0.002760872	0.017895754	0.000000110	-0.000000721	-0.017186403	-0.018862452	0.000000354	-0.004893062	0.003171739	-0.000000133	0.000000205	0.006200393	-0.007264742	-0.031446063	-0.035373708	0.045472305	0.080089772	0.049231162	-0.000013623	0.096285547	0.000002030	-0.000020619	0.126746505	0.000001125	0.000007418	-0.072918046	0.000001299	0.001632160	0.000000012	-0.000000566	0.017452034	0.000016103	0.012732041	-0.000000023	-0.000000140	-0.009831063	-0.000018971	0.000001889	-0.000003671	0.048114984	0.000001808	-0.000000104	0.000001403	0.005552621	0.003163299	-0.001798646	-0.019012684	0.006753510	-0.004007797	-0.001731407	0.003164001	-0.001798719	-0.019011638	0.006752946	-0.004009100	0.001732344	0.000220178	-0.002456607	-0.029584955	0.005678205	-0.000903743	-0.000000440	0.003165814	-0.001798515	-0.019010848	-0.006749959	-0.004014034	0.001729683	0.003165312	-0.001797941	-0.019011812	-0.006749397	-0.004014436	-0.001730568	0.000217679	-0.002457877	-0.029589184	-0.005676647	-0.000905490	-0.000000147	-0.032291807	0.090896037	0.227314013	-0.029412060	-0.009631743	0.000000513	-0.032354837	0.091010478	0.227601510	0.029439961	-0.009586577	0.000000635		A4: R41*p(1)
0.000004048	-0.000001986	-0.000002135	-0.000011270	0.000014805	-0.000000311	-0.000001447	0.009407790	0.000000083	0.000002532	-0.024751041	-0.000000072	0.000016554	-0.246402497	0.000002782	-0.000012414	0.030667445	0.000001621	0.000000473	0.000002454	-0.000019946	0.049772977	0.000003750	-0.000000911	0.002933508	0.000000125	-0.000000835	0.003031066	0.000002517	0.000000162	-0.000000121	0.000000400	-0.000000945	0.000000120	-0.000001699	-0.000001067	0.000000459	-0.000000460	-0.003598868	-0.000000097	0.000000130	-0.001312407	-0.000002443	0.000000039	0.009877311	0.000000222	0.004147933	0.003175502	0.000000080	-0.000000278	0.000000815	0.013714759	0.003961977	-0.000000726	0.000000396	-0.002380745	-0.000000173	0.000000447	0.006653410	-0.001852527	-0.000000385	0.000000752	0.000000069	-0.000000897	0.000000019	-0.000001711	-0.000001098	-0.000000507	0.000000129	-0.003598672	-0.000000150	0.000000340	-0.001312266	0.000002279	0.000000201	0.009877070	0.000000252	-0.004150719	0.003171917	0.000000042	0.000000479	0.000000754	-0.013717610	0.003950949	-0.000000156	-0.000000113	-0.002380788	-0.000000346	-0.000000302	0.006649946	0.001863469	0.000000399	-0.000000667	-0.000000714	-0.000001103	0.000001115	0.000002252	0.000001280	0.000000345	0.000002066	0.017720057	-0.000000249	0.000001237	0.082259264	0.000000096	0.000001299	-0.113842998	-0.000000364	0.000002328	-0.005821187	0.000000341	-0.000000247	0.000000091	0.000002592	-0.006331126	-0.000000422	-0.000000360	0.053057626	-0.000000303	-0.000002913	0.018662676	0.000015140	-0.000000019	-0.000000431	0.002722899	-0.002696178	0.013006585	-0.000089441	-0.000322786	0.001576534	-0.002722406	0.002695959	-0.013008055	0.000090779	0.000322711	0.001577940	-0.000000026	0.000000084	-0.000001167	0.000000292	0.000000199	0.001024417	-0.002722686	0.002695770	-0.013008084	-0.000088558	0.000323929	0.001577079	0.002722826	-0.002696148	0.013006535	0.000090843	-0.000321995	0.001576520	0.000000043	-0.000000139	-0.000000944	-0.000000316	-0.000000121	0.001024739	-0.000001062	0.000002489	0.000006192	-0.000000751	0.000000440	-0.030383475	-0.000001120	0.000002731	0.000006976	0.000001427	0.000000393	-0.030383521		A4: R41*p(-1)
0.063493157	-0.040477546	-0.013501396	-0.024547223	-0.004817701	-0.000114283	0.289429979	0.000010283	0.000012154	-0.026972234	-0.000000964	-0.000010037	0.025867717	0.000002006	0.145030727	-0.000000044	-0.000017157	0.029509958	0.000022027	0.228177523	0.000000017	-0.000030003	0.307385403	0.000246807	-0.000019713	0.000065790	-0.162389752	-0.000025001	-0.000000241	0.000146105	-0.120742903	0.132204686	-0.013427320	-0.055982218	-0.003401350	0.000614521	-0.003474261	0.023743168	-0.000001988	-0.008911022	0.055173581	0.000002395	0.000600816	-0.002277775	-0.000000148	-0.082932024	-0.000001026	0.000004875	-0.089545942	-0.031106134	-0.052656636	-0.000001737	0.000002993	-0.006229570	-0.009839135	0.000005457	0.025787893	0.059399055	-0.000004767	-0.000002200	-0.028772993	-0.040525747	0.132217852	-0.013432209	-0.055985334	-0.003400861	0.000615095	0.003454505	0.023748053	-0.000001515	0.008868561	0.055181519	0.000002208	-0.000599042	-0.002277819	-0.000000485	-0.082932416	0.000000833	0.000005587	-0.089596739	0.030964975	-0.052657775	0.000001259	0.000002941	-0.006245726	0.009830805	0.000005834	-0.025834005	0.059381089	-0.000004180	0.000002495	0.028870777	-0.040456364	-0.806481125	0.142738251	0.113894174	0.044526379	-0.008858658	0.000010745	-0.027508641	-0.000001548	-0.000030193	0.074852037	0.000000020	-0.000000903	0.001632160	-0.000000364	3.104156902	-0.000000763	-0.000008936	0.057058725	0.000046730	-0.931818051	0.000000079	-0.000000056	-0.014966896	-0.000010881	0.000011331	-0.000074400	0.185680583	0.000002852	-0.000000317	0.000002875	-0.003810470	0.001430035	0.009298488	0.001283944	-0.001853547	-0.021253677	0.009604078	0.001428899	0.009302600	0.001283617	-0.001857801	-0.021252797	-0.009599611	0.052573582	-0.000457900	0.001471052	-0.003643601	-0.004494773	0.000001481	0.001428625	0.009301855	0.001284530	0.001874650	-0.021250672	-0.009600441	0.001429304	0.009298807	0.001284357	0.001870804	-0.021251785	0.009603689	0.052575334	-0.000466424	0.001471390	0.003646548	-0.004492140	0.000001017	0.063914357	-0.050340070	-0.038222927	0.175945509	-0.067130931	-0.000000944	0.063915858	-0.050339367	-0.038222871	-0.175892156	-0.067269270	-0.000001072		A4*: R42*d(0)
-0.000000679	0.000000153	0.000000200	0.000000061	0.000000006	0.000006230	-0.000000078	-0.000014146	0.000001049	0.000000063	0.000001137	0.000001120	0.000000032	-0.000011586	-0.000000255	0.133373355	0.000136053	0.000000339	-0.000012387	0.000000122	0.007606368	0.000098069	-0.000000408	-0.000006025	0.000071234	-0.000005727	-0.000000017	0.000215171	-0.130168325	-0.000013601	-0.000000019	-0.000013803	0.000013069	0.000005780	0.000000129	0.000000013	-0.000000599	0.000001962	0.071494595	0.000000968	-0.000000409	-0.025358032	0.000000053	-0.000000022	0.004341627	-0.000003838	0.017180240	-0.023832044	-0.000005955	-0.000000562	-0.000000994	-0.028017583	-0.033952774	0.000003110	0.000001898	0.008157632	0.000001868	-0.000000525	-0.012932220	0.057368710	0.000006602	-0.000000193	0.000013980	-0.000012225	-0.000005537	-0.000000365	-0.000000011	-0.000000626	-0.000000900	-0.071475825	0.000001225	0.000000082	0.025360175	-0.000000014	-0.000000116	-0.004339493	0.000003610	0.017179908	0.023823652	0.000005962	-0.000000850	0.000001064	-0.028042983	0.033921547	-0.000002542	0.000002397	-0.008200132	0.000001851	0.000000716	0.012901891	0.057337430	0.000006587	0.000000289	0.000001598	0.000000388	-0.000000089	-0.000000114	0.000000028	0.000000116	0.000000161	0.000013366	-0.000001947	0.000000031	0.000013755	0.000000189	0.000000012	0.000002328	-0.000000763	2.709845378	-0.000089009	0.000000559	0.000016449	0.000000112	-0.884212515	0.000022358	0.000000220	-0.000002716	0.000008859	0.000002263	-0.000000164	0.000021593	0.026684269	-0.000000860	0.000000289	0.001417778	0.036102109	-0.003537611	0.016566663	-0.022060905	-0.031835989	-0.001413336	-0.036101661	0.003536946	-0.016568228	0.022051711	-0.031834618	0.000001496	-0.000001918	0.000000128	0.000001705	0.000000149	-0.018108898	0.001407327	0.036092901	-0.003536458	-0.016569083	-0.022070590	0.031824579	-0.001410006	-0.036093286	0.003536757	0.016567726	0.022077656	0.031826190	-0.000001503	0.000001437	-0.000000116	0.000001471	-0.000000312	0.018107637	-0.000000473	0.000000543	-0.000001257	0.000003103	-0.000006368	-0.073123529	0.000000659	-0.000000261	0.000001393	0.000003897	0.000006497	0.073111194		A4*: R42*d(1)
0.000021360	-0.000022585	-0.000003032	0.000000659	0.000000213	-0.000000187	-0.000022147	0.035497831	-0.000000260	0.000000859	-0.003303254	-0.000000127	-0.000003382	0.028862731	-0.000013374	0.000135558	-0.206621497	-0.000011312	-0.000000150	-0.000033214	0.000097812	-0.236617780	-0.000031337	0.000000208	-0.179126116	0.000000017	0.000035745	-0.277783592	-0.000274828	0.000000025	0.000025119	-0.000002890	-0.000009488	0.000000948	0.000000995	-0.000000011	0.000000907	-0.000001504	-0.023187676	0.000001080	-0.000002468	-0.000095698	0.000000434	0.000000452	-0.002889058	0.000003286	0.023058622	0.028464545	0.000003091	-0.000001344	0.000005704	0.000922917	0.011435047	-0.000003249	0.000002096	0.054411748	-0.000004685	-0.000004395	-0.075451354	-0.064549471	0.000000713	0.000006801	-0.000004073	-0.000006599	0.000002129	0.000001041	-0.000000034	-0.000001167	-0.000001075	-0.023244826	-0.000001118	-0.000002625	-0.000074788	0.000000025	0.000000541	-0.002892853	0.000003336	-0.023066789	0.028466815	0.000003331	0.000001716	0.000005650	-0.000954695	0.011461407	-0.000002894	-0.000002437	0.054405521	0.000004907	-0.000004784	-0.075542479	0.064475215	-0.000000572	0.000006829	0.000041923	-0.000020016	-0.000007773	-0.000002441	0.000000485	-0.000000247	-0.000000291	-0.033521373	0.000000218	-0.000005086	-0.034536889	0.000000015	-0.000000566	-0.005821187	-0.000008936	-0.000089009	2.932283754	-0.000009584	0.000000110	-0.000000243	0.000022420	-0.940497047	-0.000003394	-0.000000164	-0.021957164	-0.000000046	-0.000008395	-0.108164097	-0.000075529	0.000000286	-0.000002394	-0.008084279	-0.011420978	0.000753484	0.022888696	-0.006267710	0.012637931	0.008077879	0.011422174	-0.000753092	-0.022888328	0.006275213	0.012636240	-0.000001568	0.000002161	-0.000000155	0.000000063	0.000002820	0.001532798	0.008079303	0.011451017	-0.000756061	0.022870057	0.006274682	0.012662250	-0.008084047	-0.011450216	0.000756230	-0.022870751	-0.006269337	0.012663198	-0.000001317	0.000001742	0.000000036	-0.000000387	0.000002421	0.001547236	-0.000006185	0.000002086	0.000001302	-0.000005063	0.000004361	0.015629254	-0.000006047	0.000002185	0.000001346	0.000005247	0.000004945	0.015687168		A4*: R42*d(-1)
-1.100191642	0.861839744	0.200266016	0.020687212	0.002871586	-0.000219958	0.233897050	0.000010143	-0.000004849	-0.046000255	-0.000001812	-0.000052093	0.048413949	0.000001971	-0.197154068	0.000000283	-0.000001618	0.142396411	0.000347466	0.522859104	-0.000000039	-0.000042033	0.439397195	0.000495302	-0.000019686	0.000113819	-0.190919318	-0.000029235	-0.000000053	0.000759546	-0.409945272	-0.022131565	0.282739700	-0.028745071	-0.015528269	-0.000995398	-0.100330717	0.008601971	-0.000000538	0.005656509	0.025619681	0.000000693	-0.014308032	0.005688435	-0.000000117	0.038612837	0.000002380	0.000000868	-0.019037041	0.094823409	-0.112468352	-0.000003613	0.000002093	0.074922711	-0.109085183	0.000001306	0.001002509	0.057701312	-0.000001993	-0.000001287	-0.001433954	-0.050822729	-0.022698638	0.283050202	-0.028600434	-0.015518220	-0.000994368	0.100365236	0.008762885	-0.000000650	-0.005713947	0.025622974	0.000000762	0.014304001	0.005701426	0.000000105	0.038480599	-0.000002732	0.000000713	-0.019156777	-0.094789220	-0.112526697	0.000003005	0.000002517	0.074870972	0.109121279	0.000002211	-0.001050957	0.057701360	-0.000002087	0.000001766	0.001330279	-0.050865302	-0.215314748	0.378697619	0.036617130	0.013684524	-0.000486938	-0.000014409	-0.020538214	-0.000001364	0.000042761	0.089123217	0.000001743	-0.000011347	0.017452034	0.000000341	0.057058725	0.000000559	-0.000009584	3.189417429	-0.000089619	-0.050879888	0.000000154	-0.000000082	-0.864242366	0.000097297	0.000013768	-0.000111554	0.211839088	0.000014537	-0.000000024	-0.000271547	0.258065820	0.007878626	-0.012681503	-0.000045939	-0.029002835	0.019486560	0.006754394	0.007879532	-0.012681516	-0.000045551	-0.029006113	0.019490582	-0.006753622	-0.034492248	-0.006904095	-0.002233575	-0.057660498	-0.022512684	0.000002160	0.007867686	-0.012662172	-0.000051559	0.029016780	0.019427085	-0.006755122	0.007867144	-0.012662262	-0.000051780	0.029014292	0.019424414	0.006756450	-0.034458297	-0.006946725	-0.002233775	0.057686147	-0.022449558	0.000001505	0.068054768	-0.012287245	0.020983964	-0.121187727	-0.076934215	-0.000001819	0.068018922	-0.012235787	0.020910659	0.121078046	-0.077318736	-0.000001684		A4*: R42*d(2)
-0.000882336	0.000690357	0.000160211	0.000016519	0.000002302	0.157664117	0.000251213	-0.000000262	0.028852681	-0.000024744	0.000000013	0.040929383	0.000054960	-0.000000131	-0.000157220	-0.000014695	0.000000041	0.000345009	-0.291624440	0.000417708	-0.000005708	-0.000000012	0.000495986	-0.178480992	0.000000198	-0.046804311	-0.000170825	0.000000094	0.000017684	-0.334113272	-0.000729635	-0.354490545	0.194884952	0.081710594	0.006581517	0.000555845	-0.026010754	0.050849753	-0.000006262	0.021642537	0.005309357	0.000002283	-0.000649454	0.001402685	-0.000000313	-0.082200405	-0.000000800	0.000007012	-0.169082676	-0.039317862	-0.037234686	0.000001658	0.000003091	0.076341105	0.050778242	0.000003627	0.002062772	0.001445614	0.000000062	-0.000005543	0.139489512	-0.028724532	0.354451034	-0.194437829	-0.081763139	-0.006606910	-0.000557835	-0.025810750	-0.050860659	0.000005150	0.021638086	-0.005250132	-0.000002021	-0.000625575	-0.001394192	0.000000508	0.082263257	-0.000000946	-0.000007553	0.169114920	-0.039201751	0.037055232	0.000001985	-0.000002579	-0.076300732	0.050830617	-0.000002359	0.002061992	-0.001353630	-0.000000020	-0.000005887	0.139419994	0.028973258	-0.000179082	0.000301879	0.000029924	0.000011736	-0.000000350	0.028785532	-0.000005535	0.000000078	-0.097536334	0.000032605	-0.000000026	0.006382251	0.000016103	-0.000000247	0.000046730	0.000016449	0.000000110	-0.000089619	3.302528934	-0.000040352	-0.000003224	-0.000000028	0.000097563	-0.987201851	0.000000121	0.034644480	0.000183987	0.000000111	-0.000002099	-0.046721836	0.000149778	-0.007035659	0.012104977	-0.003537667	-0.016686726	-0.053806352	0.001295450	-0.007040168	0.012113255	-0.003538142	-0.016683006	-0.053810412	-0.001285872	0.022767543	-0.029865449	-0.000039793	-0.004495362	0.010740267	0.000002105	0.007052895	-0.012133216	0.003537695	-0.016679709	0.053828098	0.001276341	0.007049946	-0.012126102	0.003537875	-0.016682815	0.053824672	-0.001283256	-0.022819977	0.029858891	0.000036016	-0.004394047	-0.010779143	-0.000001745	-0.023406092	0.031387468	-0.045430471	0.107162627	-0.301703901	-0.000006098	0.023514242	-0.031405200	0.045464252	0.107115702	0.301666415	0.000006356		A4*: R42*d(-2)
0.206689857	-0.067828644	-0.014938219	0.020455708	0.002491466	-0.000027029	0.071187475	-0.000008459	0.000068435	-0.168041681	-0.000006316	0.000016942	-0.042302326	-0.000003263	0.176431415	-0.000000145	-0.000011458	-0.204205258	-0.000164557	-0.199482226	0.000000069	0.000028546	-0.064410250	-0.000051648	0.000025757	-0.000065586	0.163832191	0.000023352	0.000000088	-0.000009229	0.008610649	0.131621779	-0.081778808	-0.076204820	0.002061280	0.000590704	0.031632993	-0.040627444	-0.000002000	-0.030526773	0.079884282	0.000000831	0.013446289	0.002627817	0.000000424	-0.068984207	-0.000001046	0.000001543	-0.029522343	-0.049525893	-0.046993390	0.000002276	0.000000781	-0.004044024	0.017481798	0.000001355	-0.013196150	0.039411357	0.000001360	-0.000001463	0.063274884	-0.059710278	0.131626649	-0.081779777	-0.076209887	0.002059751	0.000590356	-0.031601056	-0.040649764	-0.000001357	0.030464976	0.079910666	0.000000433	-0.013448630	0.002617057	0.000000363	-0.068985584	0.000001221	0.000001982	-0.029601798	0.049479749	-0.046994628	-0.000002315	0.000000864	-0.004017866	-0.017487126	0.000001538	0.013164121	0.039422588	0.000001498	0.000001507	-0.063131784	-0.059860769	-0.055125662	-0.173486041	0.184330510	0.016563216	-0.000060768	-0.000022179	0.054592454	-0.000006614	-0.000023813	0.058113122	-0.000000403	-0.000005380	0.012732041	0.000000091	-0.931818051	0.000000112	-0.000000243	-0.050879888	-0.000040352	1.787686744	-0.000000769	-0.000005594	0.068739152	0.000057028	-0.000002253	-0.000034503	0.084615611	0.000000462	0.000000425	-0.000385834	0.323086913	0.013428787	-0.004275386	0.002427888	0.027201834	-0.025099552	-0.005147441	0.013432004	-0.004272591	0.002427461	0.027205153	-0.025099885	0.005149013	0.019369597	-0.021973326	0.005640178	0.024576902	-0.005542001	-0.000003263	0.013431673	-0.004273363	0.002427173	-0.027184641	-0.025121468	0.005148318	0.013428821	-0.004274745	0.002427275	-0.027182367	-0.025121408	-0.005148056	0.019367686	-0.021977777	0.005639220	-0.024572977	-0.005562285	-0.000003037	-0.084528589	0.190124700	0.046719890	-0.141593828	0.180087469	0.000009636	-0.084534910	0.190120378	0.046720547	0.141450418	0.180201266	0.000010861		A4*: R43*d(0)
-0.000000712	0.000000354	0.000000227	0.000000058	0.000000010	-0.000002672	-0.000000143	0.000073906	0.000001400	0.000000133	0.000008417	-0.000000680	-0.000000025	0.000018984	-0.000000224	0.153145392	0.000124947	-0.000000042	-0.000013694	-0.000000014	-0.094440592	-0.000186936	-0.000000025	0.000010365	-0.000119349	0.000011499	-0.000000074	-0.000285762	0.180164301	0.000019525	-0.000000034	-0.000013926	0.000002364	0.000006918	-0.000000269	-0.000000079	-0.000000657	-0.000000782	0.036416635	0.000000691	-0.000001086	-0.055162607	-0.000000220	-0.000000150	0.011674955	-0.000001003	-0.011850175	0.005894169	0.000001697	0.000001839	0.000000660	0.004589829	-0.005409616	-0.000001301	0.000001537	-0.002082624	0.000002301	-0.000001638	0.018057282	0.013618229	-0.000001499	0.000000840	0.000013289	-0.000002228	-0.000006481	0.000000240	0.000000047	-0.000000531	0.000000955	-0.036413536	0.000001002	0.000000700	0.055203237	-0.000000195	0.000000210	-0.011680602	0.000000982	-0.011833210	-0.005885685	-0.000001582	0.000001740	-0.000000901	0.004634567	0.005423640	0.000001461	0.000001636	0.002098612	0.000002240	0.000001608	-0.018098710	0.013584008	-0.000001583	-0.000000411	0.000000670	0.000000583	-0.000000209	-0.000000061	0.000000002	0.000005725	0.000000654	0.000066090	-0.000002892	-0.000000101	0.000017916	-0.000000700	-0.000000023	0.000002592	0.000000079	-0.884212515	0.000022420	0.000000154	-0.000003224	-0.000000769	1.308494665	-0.000164686	0.000000830	0.000030228	0.000065839	0.000010289	0.000000326	0.000086521	0.040881024	-0.000006931	-0.000000634	-0.002611213	0.021680174	-0.005831782	0.000159381	0.003550459	-0.004837191	0.002615843	-0.021677211	0.005831199	-0.000158523	-0.003553658	-0.004836164	-0.000000284	-0.000000588	0.000000192	0.000003254	-0.000000989	0.001251651	-0.002636814	0.021672968	-0.005829970	-0.000147363	0.003562527	0.004844799	0.002633162	-0.021675746	0.005830610	0.000148513	-0.003559538	0.004845266	0.000000075	0.000000098	-0.000000123	0.000002867	0.000000883	-0.001214387	-0.000006625	0.000008110	0.000002194	-0.000009250	0.000001361	-0.226668002	0.000007481	-0.000009009	-0.000002517	-0.000010367	-0.000002691	0.226587252		A4*: R43*d(1)
0.000002178	-0.000006895	-0.000002942	-0.000003892	-0.000000444	0.000000026	0.000006768	-0.184634795	-0.000000286	0.000014821	-0.021830332	-0.000000064	0.000005688	-0.047280264	-0.000009821	0.000125049	-0.159093726	0.000007277	0.000000081	0.000029673	-0.000186931	0.372575877	0.000021648	0.000000016	0.297987580	-0.000000028	-0.000042055	0.352886415	0.000354772	0.000000039	-0.000015289	-0.000003868	0.000001754	0.000002035	-0.000000494	0.000000104	-0.000000046	0.000004951	-0.002830102	0.000003071	-0.000003079	-0.048594615	-0.000001272	-0.000001607	0.006757920	0.000001457	0.014926199	-0.021506966	-0.000000661	0.000004347	0.000000205	0.061177108	-0.012313538	-0.000001651	0.000000559	-0.020008353	0.000001754	-0.000002306	0.024789051	-0.006999423	-0.000004504	0.000002252	-0.000004636	0.000002443	0.000002931	0.000000048	-0.000000027	0.000000205	0.000004519	-0.002860151	-0.000002660	-0.000003072	-0.048550249	0.000001469	-0.000000874	0.006748503	0.000001676	-0.014918972	-0.021523243	-0.000000480	-0.000003926	0.000001003	-0.061162672	-0.012357102	-0.000001715	0.000000223	-0.020006180	-0.000001642	-0.000002215	0.024762648	0.007049639	0.000004679	0.000002472	-0.000017925	0.000002801	-0.000010558	-0.000000026	0.000000028	0.000000467	-0.000014321	-0.164901784	0.000000091	-0.000000182	-0.044768126	0.000000018	-0.000000140	-0.006331126	-0.000000056	0.000022358	-0.940497047	-0.000000082	-0.000000028	-0.000005594	-0.000164686	1.719445086	-0.000013591	0.000000434	-0.164064900	0.000000303	0.000011044	-0.298163712	-0.000221967	0.000000260	-0.000007500	-0.026639962	-0.005762315	0.001610036	-0.017272354	0.011101765	-0.010035866	0.026633505	0.005766791	-0.001611241	0.017266533	-0.011098500	-0.010037575	0.000001018	0.000001701	-0.000000936	-0.000003391	-0.000001103	-0.046376949	0.026631312	0.005783768	-0.001614971	-0.017257105	-0.011108604	-0.010034166	-0.026637025	-0.005780416	0.001615280	0.017262613	0.011112483	-0.010032098	0.000000674	0.000001599	-0.000000711	0.000002606	-0.000000428	-0.046378032	-0.000002134	-0.000006251	-0.000000690	0.000006147	-0.000003402	0.101656817	-0.000001578	-0.000007056	-0.000000938	-0.000007103	-0.000003142	0.101836472		A4*: R43*d(-1)
-0.510567570	0.408024790	0.142659453	0.109108590	0.013175121	0.000167847	-0.200399929	-0.000011245	0.000075725	-0.299469008	-0.000009868	0.000051240	-0.089504070	-0.000003669	-0.272020921	0.000000171	0.000008952	-0.079292846	0.000198416	-0.053696750	0.000000091	0.000019692	-0.270751733	-0.000448766	0.000004309	-0.000088800	-0.054886805	0.000010431	0.000000229	-0.000532179	0.111025235	-0.021405701	0.038023075	-0.023999897	-0.000632266	-0.001904536	-0.018905519	-0.056823940	-0.000000833	-0.019154040	0.032772591	-0.000000857	0.015254658	0.017092616	0.000000436	-0.020234666	0.000000110	0.000000234	0.027597593	-0.028619577	-0.028456609	0.000001129	-0.000000140	0.021131839	-0.006811942	0.000001213	-0.022932502	0.044809029	0.000001706	-0.000000997	0.054642387	-0.035974854	-0.022111002	0.038107476	-0.023743976	-0.000636550	-0.001906872	0.018982255	-0.056846670	-0.000000786	0.019065470	0.032735053	-0.000000660	-0.015248208	0.017081291	0.000001137	-0.020283408	0.000000305	0.000000215	0.027624810	0.028571734	-0.028379181	-0.000001180	0.000000057	0.021042152	0.006742746	0.000001594	0.022800210	0.044766101	0.000001592	0.000001202	-0.054472016	-0.036051319	0.773342029	0.229325333	0.026077986	-0.028540273	-0.000231144	-0.000393686	0.571931487	0.000010948	0.000144082	-0.061070124	-0.000002076	0.000027000	-0.009831063	-0.000000422	-0.014966896	0.000000220	-0.000003394	-0.864242366	0.000097563	0.068739152	0.000000830	-0.000013591	2.079599978	-0.000233553	0.000019697	-0.000363574	0.347146952	0.000009204	-0.000000502	0.000138119	0.088336475	0.026470209	-0.021416005	0.002947573	0.022152208	-0.018508714	-0.010646298	0.026472396	-0.021418396	0.002948509	0.022155077	-0.018508257	0.010645578	-0.017597765	-0.014913000	0.008726384	-0.020716974	0.001766104	-0.000002136	0.026533498	-0.021349180	0.002935447	-0.022162314	-0.018598237	0.010663679	0.026531615	-0.021346971	0.002935548	-0.022160206	-0.018598308	-0.010664500	-0.017609288	-0.014877674	0.008723184	0.020603713	0.001755163	-0.000001946	0.201281792	-0.130482239	-0.050985772	0.011768422	-0.295979962	-0.000005510	0.200912989	-0.129984579	-0.050858362	-0.010992069	-0.296269186	-0.000006014		A4*: R43*d(2)
-0.000413246	0.000328473	0.000114705	0.000087485	0.000010648	-0.108033829	-0.000202061	-0.000000150	0.053886218	-0.000217795	-0.000000061	-0.019030492	-0.000078926	-0.000000075	-0.000218391	-0.000013809	0.000000199	0.000197990	-0.326577998	-0.000043573	0.000011813	-0.000000093	-0.000449105	0.289971632	-0.000000104	0.138050883	0.000011371	0.000000280	-0.000027673	0.497942245	0.000687353	-0.440338245	0.052203435	0.158044865	-0.003154170	-0.001578347	-0.019776613	-0.023679468	-0.000006217	0.038724767	-0.033381840	0.000002753	-0.012282844	-0.000398394	-0.000000101	-0.030121171	0.000003044	0.000000624	0.044938426	0.057300459	0.047343739	0.000001429	0.000003903	-0.048952062	0.063062626	0.000002343	0.060184509	-0.037941758	-0.000002682	-0.000003676	-0.052705287	0.032659901	0.440300766	-0.052145774	-0.158081608	0.003153302	0.001575488	-0.019765590	0.023572385	0.000005226	0.038729421	0.033464409	-0.000002127	-0.012307587	0.000414685	0.000001448	0.030088378	0.000003109	-0.000000547	-0.044982449	0.057275792	-0.047387921	0.000001205	-0.000002691	0.048885307	0.063149650	-0.000001199	0.060191380	0.038061321	0.000002519	-0.000003098	-0.052714057	-0.032841370	0.000616234	0.000182571	0.000020728	-0.000022976	-0.000000122	0.207783827	0.000538237	0.000000480	-0.148572526	-0.000107212	-0.000000045	-0.029173158	-0.000018971	-0.000000360	-0.000010881	-0.000002716	-0.000000164	0.000097297	-0.987201851	0.000057028	0.000030228	0.000000434	-0.000233553	2.372565878	0.000001000	0.283985255	0.000390145	-0.000000251	-0.000003798	-0.306296291	-0.000295452	0.038128389	0.042730309	-0.008228174	0.013750825	-0.044795343	-0.011128880	0.038127763	0.042738882	-0.008230074	0.013752518	-0.044796510	0.011134340	-0.005265969	0.020589708	-0.001867104	0.069750055	-0.016804861	-0.000001695	-0.038085568	-0.042772406	0.008233376	0.013680367	0.044777525	-0.011116113	-0.038085350	-0.042765814	0.008233746	0.013679322	0.044776490	0.011112344	0.005233633	-0.020614406	0.001881679	0.069771589	0.016863843	0.000001204	-0.234877753	0.309170265	0.079934597	-0.339725569	-0.175658201	0.000001151	0.235207166	-0.309369433	-0.080016419	-0.339883660	0.174917473	-0.000002130		A4*: R43*d(-2)
-0.000041908	0.000039525	0.000013493	0.000002661	0.000000543	-0.000000020	-0.000008294	0.136853058	-0.000000146	-0.000014835	0.098498391	0.000000149	-0.000001014	0.002416942	-0.000018616	0.000031012	-0.076375967	-0.000023739	-0.000000005	-0.000024426	0.000142014	-0.355455138	-0.000016408	0.000000217	-0.225770102	-0.000000158	0.000030149	-0.023514140	-0.000018723	0.000000056	-0.000024685	0.000003458	0.000003145	-0.000002202	-0.000000063	-0.000000038	-0.000003485	-0.000002414	0.018188231	0.000001383	0.000004704	-0.029026080	-0.000000187	0.000001153	-0.002927135	-0.000001352	0.051071833	-0.016355928	-0.000006222	-0.000001325	-0.000004141	-0.004955484	0.008196072	0.000003381	-0.000005995	0.028816296	-0.000000204	-0.000001388	-0.004822967	0.045150662	0.000005494	-0.000000773	0.000003227	0.000002605	-0.000002263	-0.000000792	0.000000056	0.000003319	-0.000002637	0.018187680	-0.000001336	0.000004710	-0.029026598	-0.000000292	-0.000000054	-0.002926895	-0.000001215	-0.051058749	-0.016397496	-0.000006047	0.000001275	-0.000004031	0.004948828	0.008199455	0.000003516	0.000005552	0.028815367	0.000000178	-0.000001105	-0.004751031	-0.045158041	-0.000005854	-0.000000846	-0.000011785	0.000002777	-0.000001135	0.000000258	-0.000000010	0.000000706	0.000025864	0.161445122	-0.000000074	-0.000004192	-0.047080988	-0.000000032	0.000001889	0.053057626	0.000011331	0.000008859	-0.021957164	0.000013768	0.000000121	-0.000002253	0.000065839	-0.164064900	0.000019697	0.000001000	3.162365454	0.000000630	0.000018023	0.172255869	0.000138151	0.000000024	-0.000009650	0.019162516	0.004445445	-0.001377136	0.002688323	-0.009489339	-0.008696518	-0.019162017	-0.004445501	0.001378076	-0.002689713	0.009490933	-0.008696334	0.000000146	0.000001505	0.000000192	0.000001534	0.000001196	0.013541589	-0.019161985	-0.004445561	0.001376880	0.002681558	0.009493061	-0.008696928	0.019162146	0.004445990	-0.001377869	-0.002680383	-0.009490925	-0.008696674	0.000000052	0.000001576	0.000000010	-0.000000975	0.000000662	0.013541108	0.000008959	-0.000009541	-0.000001319	0.000007040	-0.000009735	0.296387171	0.000010214	-0.000010429	-0.000001344	-0.000008541	-0.000010577	0.296387876		A4*: R44*f(0)
0.000252835	-0.000234418	-0.000084385	-0.000016380	-0.000003359	-0.015570968	0.000021936	0.000000058	-0.001241811	0.000072749	0.000000057	0.005673550	0.000007861	-0.000000001	0.000090526	0.000006435	0.000000005	0.000122261	0.007335262	0.000037931	-0.000011829	-0.000000002	0.000140371	-0.127103231	-0.000000105	-0.209425099	-0.000165799	0.000000001	0.000029219	-0.053219642	0.000089598	0.064123044	-0.011929842	-0.001640529	0.002800622	-0.000295047	0.020343941	-0.015024907	0.000003620	0.004992459	-0.021498226	-0.000001524	0.003499758	-0.000789643	0.000000714	0.061023831	-0.000003035	-0.000000452	0.036412291	0.028009189	0.023686547	0.000001259	-0.000002019	-0.005343123	-0.005271495	-0.000000720	-0.029739813	0.012203526	0.000005986	0.000002572	0.002168195	0.024361083	-0.064167984	0.011894327	0.001677701	-0.002797927	0.000295088	0.020288032	0.015063291	-0.000003050	0.004991676	0.021449817	0.000001562	0.003497476	0.000784156	0.000001023	-0.061014921	-0.000003066	0.000000777	-0.036388105	0.027946573	-0.023631055	0.000001014	0.000002040	0.005311590	-0.005326155	0.000000405	-0.029744685	-0.012239759	-0.000005902	0.000002486	0.002280333	-0.024340581	0.000073555	-0.000020892	0.000007063	-0.000002219	0.000000017	0.360260757	-0.000024704	0.000000231	-0.081854319	-0.000003130	-0.000000056	0.039375067	-0.000003671	-0.000000303	-0.000074400	0.000002263	-0.000000046	-0.000111554	0.034644480	-0.000034503	0.000010289	0.000000303	-0.000363574	0.283985255	0.000000630	3.289965315	-0.000099999	-0.000000478	-0.000004353	0.100236798	0.000134078	-0.001551843	-0.006916212	0.000746861	0.003528362	0.025018254	0.006353285	-0.001551480	-0.006919839	0.000746810	0.003527521	0.025020127	-0.006357958	0.000716474	0.016951262	-0.001990824	0.013312539	-0.009003203	-0.000000430	0.001556886	0.006915703	-0.000750331	0.003535150	-0.025035188	0.006364754	0.001556996	0.006912973	-0.000747764	0.003535908	-0.025033056	-0.006362066	-0.000719950	-0.016972454	0.001990321	0.013294383	0.009014113	0.000000180	-0.215712531	0.172665979	0.027118753	-0.134836133	0.148621313	0.000018003	0.215609378	-0.172548006	-0.027104104	-0.134632181	-0.148712019	-0.000020683		A4*: R44*f(1)
-0.636333526	0.587787580	0.213451267	0.041669415	0.008533434	0.000023699	-0.072214862	-0.000017626	0.000074021	-0.184455717	-0.000016309	0.000007656	-0.012971282	-0.000000715	-0.229854012	0.000000119	0.000028073	-0.316475945	-0.000249932	-0.089845017	-0.000000047	0.000053402	-0.099930181	-0.000130478	0.000031329	-0.000165150	0.203120252	0.000007547	-0.000000001	0.000439130	-0.383494273	0.057454836	0.049998692	-0.046304459	-0.005165776	0.000591085	-0.056823392	-0.024421231	-0.000000929	0.020918038	0.065490061	0.000003972	-0.001969516	0.006715302	0.000000998	-0.012047474	-0.000005218	-0.000000096	-0.087233704	-0.006099745	-0.071043636	-0.000002181	-0.000001632	0.050253593	-0.080739070	-0.000004115	-0.018040605	0.017542333	0.000002505	-0.000003749	0.065800888	-0.017016614	0.057408406	0.050007789	-0.046301909	-0.005165735	0.000591066	0.056858348	-0.024362472	-0.000001106	-0.020966571	0.065491857	0.000003902	0.001966973	0.006721183	0.000000297	-0.012097609	0.000004999	0.000000477	-0.087273969	0.005985280	-0.071063090	0.000001784	-0.000001483	0.050128751	0.080814567	-0.000003649	0.018003476	0.017548132	0.000002680	0.000004118	-0.065758196	-0.017192326	-0.181531062	0.052648503	-0.019082283	0.005156847	-0.000003748	-0.000024123	0.418264553	-0.000006271	-0.000003370	-0.072677679	0.000002714	-0.000003443	0.048114984	-0.000002913	0.185680583	-0.000000164	-0.000008395	0.211839088	0.000183987	0.084615611	0.000000326	0.000011044	0.347146952	0.000390145	0.000018023	-0.000099999	3.538391689	0.000000057	-0.000000490	0.000079371	-0.034945394	-0.006877847	0.004660058	0.000508275	-0.015809035	0.021381372	0.009817026	-0.006873618	0.004658162	0.000507761	-0.015806201	0.021378517	-0.009817145	0.002314258	0.025426148	0.001366313	-0.014376105	0.000542600	-0.000002245	-0.006872652	0.004663154	0.000509939	0.015792342	0.021371496	-0.009811655	-0.006876899	0.004664994	0.000509530	0.015794861	0.021373841	0.009811719	0.002317905	0.025411805	0.001367821	0.014387444	0.000561418	-0.000002377	0.136780611	-0.141267760	-0.018361312	0.107503827	-0.021571751	-0.000011068	0.136956045	-0.141401698	-0.018383217	-0.107594342	-0.021775002	-0.000012546		A4*: R44*f(-1)
-0.000057073	0.000047276	0.000018062	0.000003847	0.000000727	0.000000251	0.000003272	0.166373160	0.000000303	-0.000014295	0.105932220	0.000000347	-0.000001294	0.006012666	-0.000025383	-0.000070600	-0.083782199	-0.000020802	-0.000000494	-0.000016950	0.000362338	-0.501109631	-0.000029420	0.000000026	-0.061461446	0.000000101	0.000013699	-0.228124301	-0.000514643	0.000000106	-0.000008830	0.000008426	0.000008163	-0.000004735	0.000000209	-0.000000065	-0.000007976	0.000000389	-0.018638857	0.000000843	0.000004806	0.002560834	-0.000001223	0.000002435	-0.007551725	0.000000232	0.001196550	0.065073386	-0.000002375	-0.000002651	-0.000005918	0.006669533	0.042615807	0.000001790	-0.000009249	0.026218613	0.000000439	0.000002435	-0.034521283	0.014547630	0.000002686	0.000001451	0.000008787	0.000007847	-0.000004840	-0.000001711	0.000000267	0.000007848	0.000000843	-0.018574950	-0.000000671	0.000004833	0.002550627	-0.000000522	0.000000359	-0.007538761	0.000000206	-0.001139947	0.065138668	-0.000002464	0.000002654	-0.000006131	-0.006714651	0.042606379	0.000002244	0.000008826	0.026223498	-0.000000325	0.000002508	-0.034363156	-0.014657349	-0.000002892	0.000001688	-0.000015240	-0.000002567	-0.000003011	0.000002070	0.000000197	-0.000000650	0.000005600	0.172394382	0.000000161	0.000002416	-0.045896661	-0.000000192	0.000001808	0.018662676	0.000002852	0.000021593	-0.108164097	0.000014537	0.000000111	0.000000462	0.000086521	-0.298163712	0.000009204	-0.000000251	0.172255869	-0.000000478	0.000000057	3.238978759	-0.000029860	0.000000061	0.000030286	0.014420257	-0.023641363	0.000226793	0.011966863	-0.005204725	0.032314877	-0.014420883	0.023641286	-0.000224587	-0.011968362	0.005210985	0.032315739	-0.000000406	0.000001571	0.000000380	0.000000514	0.000001879	0.048284906	-0.014415530	0.023636818	-0.000223960	0.011974509	0.005243582	0.032312533	0.014415156	-0.023636456	0.000222233	-0.011973225	-0.005239261	0.032311715	-0.000000085	0.000001362	-0.000000441	0.000000467	0.000001351	0.048310589	-0.000006275	0.000000476	0.000000618	0.000001686	0.000005552	-0.215302867	-0.000006981	0.000001046	0.000000917	-0.000001375	0.000006921	-0.214779397		A4*: R44*f(2)
0.000000518	-0.000000115	-0.000000155	0.000000072	0.000000013	-0.000005848	0.000000680	0.000132581	-0.000003147	0.000000229	0.000084779	-0.000000385	0.000000084	0.000004988	0.000000427	0.129056023	-0.000015827	-0.000000142	-0.000000525	-0.000000056	-0.201626049	-0.000481663	0.000000008	0.000028362	-0.000048789	0.000031206	-0.000000032	-0.000514640	0.414494207	0.000024434	0.000000158	-0.000014055	0.000001912	0.000003615	-0.000000637	0.000000065	-0.000000529	-0.000001358	0.039624155	0.000000269	0.000000482	-0.006651931	-0.000000052	-0.000000280	0.008072814	-0.000001280	-0.067471187	0.040842230	0.000001955	0.000000857	0.000003385	0.007233884	-0.002584861	-0.000001323	0.000002076	0.002916406	0.000005178	-0.000005441	0.083757622	0.034261712	-0.000001578	-0.000000195	0.000014486	-0.000002000	-0.000003566	-0.000000097	0.000000066	-0.000000585	0.000001221	-0.039653974	0.000000438	-0.000000406	0.006657101	-0.000000896	-0.000000186	-0.008085134	0.000001229	-0.067439917	-0.040790045	-0.000001854	0.000001183	-0.000002888	0.007221048	0.002659191	0.000001461	0.000002273	-0.002874076	0.000005340	0.000005572	-0.083867168	0.034106036	-0.000001395	0.000000266	-0.000000280	-0.000000340	0.000000035	0.000000053	0.000000011	-0.000024732	-0.000000834	0.000137911	0.000005524	0.000000316	-0.000036695	-0.000002468	-0.000000104	0.000015140	-0.000000317	0.026684269	-0.000075529	-0.000000024	-0.000002099	0.000000425	0.040881024	-0.000221967	-0.000000502	-0.000003798	0.000138151	-0.000004353	-0.000000490	-0.000029860	3.276279780	-0.000015946	0.000001096	-0.003246433	0.002900413	-0.001646802	0.007039964	-0.015137872	-0.002184376	0.003250164	-0.002899035	0.001645833	-0.007039193	0.015134030	-0.002180793	-0.000001230	-0.000000898	-0.000000178	0.000003839	-0.000000777	0.015974913	-0.003273079	0.002937027	-0.001646433	-0.007008219	-0.015131241	0.002232824	0.003269808	-0.002938545	0.001646364	0.007008710	0.015135424	0.002236558	0.000001070	0.000000849	-0.000000241	0.000003028	0.000000727	-0.015897271	0.000009725	-0.000007758	-0.000001377	0.000013478	-0.000007370	0.328394221	-0.000011168	0.000008822	0.000001547	0.000014753	0.000007528	-0.328736095		A4*: R44*f(-2)
0.001086752	-0.000792819	-0.000322668	-0.000074638	-0.000012833	0.213297164	-0.000294619	0.000000066	0.088703037	0.000159310	-0.000000038	0.001274493	0.000022797	-0.000000068	0.000423620	0.000001848	-0.000000328	0.000289819	-0.154871223	-0.000374374	-0.000021401	0.000000135	0.000748725	-0.473976761	0.000000032	-0.091548200	0.000292069	-0.000000023	0.000025387	-0.252920756	-0.000310159	0.340091017	-0.070330375	-0.095232284	0.001409500	-0.000489582	-0.017463982	0.035846824	0.000006264	-0.026267572	0.008508760	-0.000000847	0.007749621	-0.000056536	0.000000590	0.027762978	-0.000004471	0.000001199	-0.037945735	-0.026135232	-0.087343417	-0.000002401	-0.000001076	0.057943213	-0.118752270	-0.000001669	-0.069586060	0.055106750	0.000004015	0.000005440	0.028078644	-0.090713179	-0.340465308	0.069976697	0.095422775	-0.001366041	0.000485134	-0.017728649	-0.036039911	-0.000005380	-0.026286551	-0.008647835	0.000000674	0.007719300	0.000009542	-0.000001296	-0.027589522	-0.000004504	-0.000001084	0.037978372	-0.026161824	0.087680782	-0.000002229	0.000000352	-0.057801732	-0.119100236	0.000000305	-0.069488378	-0.055331933	-0.000003957	0.000004669	0.027910355	0.090646559	0.000278404	0.000117173	0.000079106	-0.000064761	-0.000006743	0.195958066	0.000334361	-0.000000015	-0.020584840	-0.000155856	0.000000006	0.020231645	0.000001403	-0.000000019	0.000002875	-0.000000860	0.000000286	-0.000271547	-0.046721836	-0.000385834	-0.000006931	0.000000260	0.000138119	-0.306296291	0.000000024	0.100236798	0.000079371	0.000000061	-0.000015946	3.619707309	-0.000661898	-0.039600131	-0.023266056	0.005386353	-0.029691013	0.054430229	0.024666202	-0.039599454	-0.023271213	0.005386628	-0.029694508	0.054433957	-0.024671361	0.008046439	-0.002918192	0.003506283	-0.049293452	0.009494125	0.000001058	0.039619027	0.023254387	-0.005386371	-0.029724827	-0.054440649	0.024648577	0.039618874	0.023250558	-0.005387073	-0.029722336	-0.054437525	-0.024645282	-0.008067253	0.002965213	-0.003506675	-0.049430759	-0.009564597	-0.000000869	-0.033729842	-0.007687673	0.005486732	-0.223808238	-0.232551377	0.000004771	0.034603176	0.007222375	-0.005596018	-0.224218262	0.232337141	-0.000004699		A4*: R44*f(3)
-0.903085835	0.659509677	0.268296413	0.061985082	0.010633314	0.000131497	0.315751425	0.000005229	0.000148675	-0.102832668	-0.000006331	0.000008717	-0.018393669	-0.000000809	-0.351752857	-0.000000516	0.000021282	-0.138224821	-0.000299785	0.311671857	-0.000000091	0.000012845	-0.307672484	-0.000814787	-0.000017504	0.000000442	-0.273452281	-0.000003911	0.000000093	-0.000312511	0.005989692	0.157872546	0.148374124	-0.079540101	-0.017789432	0.001772207	-0.122039761	0.074483464	0.000000817	-0.011001482	0.049603687	0.000001678	-0.012895392	0.022451737	0.000000970	-0.072347383	-0.000001064	-0.000001143	0.002644620	-0.036148749	-0.140641719	-0.000004888	0.000000768	0.020297825	-0.107214266	0.000001287	0.022333690	0.071673255	0.000005312	0.000001472	0.019530940	0.055955759	0.157060122	0.148537023	-0.079303566	-0.017795693	0.001773439	0.121936854	0.074494472	0.000001371	0.010896614	0.049591061	0.000001310	0.012897083	0.022459239	0.000000494	-0.072413682	0.000000589	-0.000000536	0.002680681	0.036090718	-0.140429481	0.000004350	0.000001855	0.019986056	0.106960455	0.000002019	-0.022558745	0.071522621	0.000005117	-0.000000754	-0.019595831	0.056128456	-0.231433242	-0.099346609	-0.066128287	0.054064810	0.005653461	0.000321940	-0.214121337	-0.000012032	-0.000074833	0.123611257	0.000004936	0.000022361	0.005552621	-0.000000431	-0.003810470	0.000000289	-0.000002394	0.258065820	0.000149778	0.323086913	-0.000000634	-0.000007500	0.088336475	-0.000295452	-0.000009650	0.000134078	-0.034945394	0.000030286	0.000001096	-0.000661898	4.173758932	-0.008077876	0.006636718	0.000402311	-0.031012931	-0.006736777	-0.008866107	-0.008076932	0.006635398	0.000402283	-0.031011432	-0.006733569	0.008865373	0.008839869	-0.019138239	0.000247779	-0.059993889	0.013255779	0.000000871	-0.007982706	0.006690519	0.000388239	0.030945003	-0.006839528	0.008924584	-0.007983175	0.006692131	0.000387152	0.030946277	-0.006841937	-0.008925968	0.008817531	-0.019132957	0.000238922	0.059862644	0.013278513	0.000000219	-0.365261870	0.195090411	0.045772991	-0.094269823	0.014739241	0.000007745	-0.365186164	0.195098660	0.045760088	0.093723046	0.015368214	0.000008754		A4*: R44*f(-3)
0.003115287	0.003095485	0.024830337	0.000818495	0.001892449	-0.136751979	0.077287402	-0.018322415	0.008935594	0.074283657	0.018113758	0.001367211	0.006572029	-0.003858870	0.022544821	-0.020425738	0.103737510	-0.020950062	-0.020216161	-0.040142189	-0.039940448	-0.038182910	-0.060844241	0.002410606	-0.005479740	0.031612154	-0.009363706	0.015862395	-0.001219109	0.022004032	0.011844964	0.096798069	0.330317788	0.089284744	0.041042730	-0.066308940	-0.019586866	-0.158609149	-0.168510761	0.021569273	0.056107987	0.091621784	-0.002607120	0.043360586	0.063847339	0.008917583	0.016475964	-0.013717115	0.035332821	0.028312845	0.189911094	-0.009157071	0.295083263	-0.078140630	0.014555618	0.040656394	-0.018295558	0.315078335	-0.244346968	-0.036799783	0.029918998	-0.040881497	0.125874579	-0.036561786	-0.058327102	-0.001868720	0.000674544	-0.016278213	0.028768116	-0.038642855	0.031024347	-0.000013167	0.018615631	0.003223653	-0.002701311	0.000068341	-0.003750270	-0.010580071	-0.018966520	0.039209978	0.006123201	-0.000241693	-0.018850312	-0.021557436	0.032746596	0.008942313	-0.007684657	0.014900474	0.012868087	0.022874283	0.005130657	-0.001449518	-0.005537511	0.049141756	0.052045977	0.016385194	0.002113510	-0.002470117	-0.051917218	0.018370144	0.044486227	-0.003693357	0.011496872	-0.027086270	-0.002278965	0.003163299	0.002722899	0.001430035	0.001417778	-0.008084279	0.007878626	-0.007035659	0.013428787	-0.002611213	-0.026639962	0.026470209	0.038128389	0.019162516	-0.001551843	-0.006877847	0.014420257	-0.003246433	-0.039600131	-0.008077876	1.809334940	-0.819108971	-0.132833985	0.000869380	-0.035824577	-0.044105282	0.000675533	0.018281529	-0.008088187	0.016964888	0.029448657	0.048611750	0.036427076	0.053538810	-0.008787228	0.015432478	0.028172845	0.055236241	-0.007594419	-0.015153671	0.002538672	0.019550310	0.018236858	-0.016165155	-0.021015316	-0.016067170	-0.000084460	-0.014232032	0.017565939	0.003308190	-0.020775393	-0.015252545	0.002132613	0.000064608	0.005758049	0.003387091	0.018579821	0.024563242	0.001209973	0.001361437	-0.005407074	-0.006738611	0.022784067	0.026677860	-0.000585060	0.009540795	0.015845287	-0.002063243		A5*: R45*s(0)
0.002421879	-0.039148701	-0.051502887	0.006070641	0.002036965	-0.068048915	0.020824308	0.024815439	0.097964695	-0.104970797	-0.045869957	0.011704257	-0.001808705	0.005704010	-0.001463200	0.000095243	-0.068877814	-0.002334237	0.080448894	-0.004588785	0.001561894	0.021666485	-0.003660985	-0.033208542	-0.020022683	0.062265112	-0.027710184	0.007031560	-0.047659287	0.029113814	0.048737172	0.281683108	-0.074220702	-0.081073314	-0.106761116	0.041993396	0.067480394	0.136004705	0.193162044	0.030947298	-0.072688253	-0.081026483	0.010828104	-0.092966004	-0.118966448	0.018073693	0.001899010	0.055384796	-0.009063565	-0.005996118	-0.164687877	0.002960446	-0.299246496	0.075513086	0.041894609	-0.043719216	-0.006269898	-0.264074987	0.224868854	0.020523853	-0.013725907	-0.026988856	0.107048468	0.052920509	-0.043164232	-0.006979214	-0.001273847	0.032179267	0.032308401	0.013665348	-0.002367878	0.031822096	-0.002150795	-0.000244744	0.005151308	-0.002770428	0.003743979	-0.035424096	0.010426378	-0.042030865	0.040343087	-0.023746618	-0.006771527	0.021178385	-0.052592111	0.076830685	-0.001977189	0.004251378	0.012348517	-0.015835167	-0.009139823	0.038919276	-0.018737228	0.043089358	0.015037565	-0.057014266	-0.000100492	0.001701168	-0.000057453	-0.038584748	-0.024454247	-0.077041955	0.004600548	0.024326636	-0.000916246	-0.001798646	-0.002696178	0.009298488	0.036102109	-0.011420978	-0.012681503	0.012104977	-0.004275386	0.021680174	-0.005762315	-0.021416005	0.042730309	0.004445445	-0.006916212	0.004660058	-0.023641363	0.002900413	-0.023266056	0.006636718	-0.819108971	0.935274024	0.235239370	-0.006063140	-0.143934950	-0.181398284	0.018282255	0.025022480	0.017731349	-0.005456006	-0.040682271	0.008634182	0.007731158	-0.002109887	0.013627843	0.032141919	-0.008325410	-0.025645412	-0.015149590	0.002574242	0.000262832	0.000660151	0.013181434	0.004733185	-0.016066856	-0.030978213	0.012167577	-0.003337484	0.028134170	-0.006208158	0.017850829	0.002453079	0.002838475	0.022715999	0.015058673	0.008645801	0.009283110	-0.010001762	-0.001271949	0.000973778	-0.020600089	-0.014299777	-0.015262461	-0.028264181	0.002620459	0.017555206	0.022492771	0.013158452		A5*: R46*s(0)
0.000514721	-0.007962686	0.013995501	-0.019408284	0.000088666	0.001150678	0.003774847	0.000617961	-0.038206904	0.010587954	-0.005409810	0.055216782	-0.028405808	0.010321426	0.007152090	0.008035394	-0.000764337	0.001280600	0.006202679	-0.008126340	-0.014173678	0.002218025	-0.005981640	-0.001555614	-0.003435909	0.003382319	-0.004881983	0.006347540	-0.001228631	0.001245484	0.002655465	0.123673772	-0.004725426	-0.014887137	-0.340944882	-0.357149179	0.002168490	-0.018269490	-0.026169240	0.003087089	-0.036799536	-0.056564472	0.022952778	-0.239734770	-0.317207695	0.025566408	-0.006764475	0.052183881	-0.020975067	-0.006671257	-0.055252419	-0.002432312	-0.077385115	0.026890714	-0.007953505	-0.003893967	-0.000820969	-0.036647085	0.024530353	0.003496422	-0.003264422	0.006238072	-0.005785982	0.009334276	0.012176462	-0.006470958	-0.001661664	0.002453719	-0.002162788	0.001350351	-0.010054306	-0.001085126	0.011594579	0.010905861	0.009398021	-0.004500523	0.001948981	0.005479931	-0.001112734	-0.002599205	-0.001729520	0.003450281	0.007743121	-0.000380522	0.000217987	-0.008857868	0.001917249	-0.000742981	-0.002653714	0.000055426	-0.000111991	-0.002024490	0.001524064	0.002770357	0.004490912	0.003326871	-0.013257343	-0.010883718	-0.000691733	-0.002032189	0.000670143	-0.002929594	0.007695607	-0.005109659	-0.000759011	-0.019012684	0.013006585	0.001283944	-0.003537611	0.000753484	-0.000045939	-0.003537667	0.002427888	-0.005831782	0.001610036	0.002947573	-0.008228174	-0.001377136	0.000746861	0.000508275	0.000226793	-0.001646802	0.005386353	0.000402311	-0.132833985	0.235239370	0.038993003	-0.005507213	0.024788016	0.030800732	-0.008088658	0.017731098	-0.041836088	-0.000644529	-0.000457895	0.012657726	-0.003716900	0.016213596	-0.044438962	0.004751638	0.009510521	0.006495111	0.002538305	0.000263062	-0.006058620	-0.003456726	0.000387968	0.000627163	-0.000084311	0.012167970	-0.007229582	-0.000200185	-0.001323295	-0.000174963	0.002269854	0.002759534	-0.004104569	-0.003881489	0.000584157	-0.000201880	0.000816699	-0.001176533	-0.007374223	-0.001352742	0.003168751	0.000802157	0.003081871	0.003581053	-0.007048488	-0.000966840	-0.001960267	-0.000104598		A5: R47*s(0)
0.233217820	-0.190828064	-0.056338083	-0.005452943	-0.002735543	-0.089920043	0.078796507	0.079543009	-0.004764100	0.032823246	0.018473967	0.003319061	-0.003239892	-0.008671914	0.093328605	0.063459205	-0.048523323	0.078013662	0.047386542	-0.106399636	-0.028475677	0.014187586	-0.035909857	-0.094640575	-0.082499942	-0.019127048	0.022320875	-0.050577222	-0.116230851	0.094257367	0.075177746	-0.084265445	-0.092915989	0.046669758	0.007914934	0.000210778	0.153556934	-0.045684746	0.049114180	0.071249784	0.014859262	0.010254630	-0.022351540	-0.005147435	0.000591393	0.003811771	-0.152470942	0.010049761	-0.060995809	-0.038432861	0.035083893	-0.253009170	-0.046268914	-0.081401993	0.002002172	0.033705217	-0.302448504	-0.043922751	-0.024480015	-0.269492733	0.038012976	0.064034298	0.059318834	-0.102048254	-0.048764388	0.000500690	0.000721072	-0.023657321	-0.005930793	-0.020723529	0.049632331	-0.022741706	0.006700989	-0.001593292	-0.001207154	-0.001098619	-0.030487219	-0.007171990	-0.002952494	0.055573444	-0.045691296	0.000741938	0.002756896	-0.013731601	0.016438464	-0.029634256	-0.025291506	-0.002163069	-0.011737803	-0.023729414	-0.003704920	-0.021979898	-0.029616344	0.128414189	-0.019889974	0.004583185	0.000199401	-0.000643424	0.020082172	0.073006989	-0.002321069	-0.015912990	-0.015399528	-0.003005791	0.002244392	0.006753510	-0.000089441	-0.001853547	0.016566663	0.022888696	-0.029002835	-0.016686726	0.027201834	0.000159381	-0.017272354	0.022152208	0.013750825	0.002688323	0.003528362	-0.015809035	0.011966863	0.007039964	-0.029691013	-0.031012931	0.000869380	-0.006063140	-0.005507213	2.326284265	-0.088595548	-0.049715822	0.016963353	-0.005456000	-0.000644627	-0.003370762	0.028041274	-0.012281355	-0.027645341	0.041135316	-0.006825703	-0.022692622	-0.078621890	-0.162306589	-0.019564120	-0.000670201	0.003455414	0.032894861	-0.004684102	-0.021664004	0.014217352	0.003316347	0.000200890	0.021451549	0.000305007	0.011496461	-0.013804160	-0.029316754	0.001961508	0.008756920	-0.029111971	-0.002309071	0.016038797	0.010546620	0.000207918	0.006626069	0.026905718	-0.011205620	0.005738035	-0.000045481	0.001976597	0.020200985	0.017882430	0.012870596		A5*: R48*p(0)
-0.107934110	0.032806608	0.028925405	-0.002472591	0.000939940	0.039730297	-0.072894270	-0.079535448	-0.051010220	-0.038579305	-0.002802052	-0.004730577	-0.003868085	-0.002862275	0.035636508	-0.070000384	0.008760831	-0.014944575	-0.063414041	0.052869734	0.036655258	-0.002289842	0.010363340	0.055765990	0.059597104	0.006556148	-0.017742824	-0.011397229	0.110217977	-0.074901617	-0.042223521	0.044430813	0.137339390	0.071836101	0.013201463	-0.008025166	-0.078116964	0.015656636	-0.115011022	0.011529794	0.142378725	0.092663276	-0.005070709	-0.005837093	0.028664322	-0.009633131	0.072712358	-0.171606771	0.110963859	0.005505815	0.195327823	0.033299451	0.127261219	0.066638528	-0.090677511	0.241854608	-0.011765795	0.218639197	0.136605640	-0.047059453	-0.011368184	0.108227126	-0.013873275	0.069418164	0.029137115	-0.000490627	-0.000039642	-0.003602720	0.004687628	0.022282092	0.003336957	-0.021352491	-0.008110974	-0.000599052	-0.001463114	0.001919986	-0.008202776	0.013948188	0.005439599	0.024099779	-0.000501270	0.016452494	0.010216695	0.006245289	-0.007738368	-0.037249327	0.024353924	-0.006234658	-0.015085848	0.004676937	-0.005937407	-0.010412116	0.028967543	0.056863290	0.026921517	-0.026827387	-0.004764827	0.001382984	-0.040443048	-0.040263463	-0.017574380	0.056079234	-0.008837861	0.002113223	-0.000349324	-0.004007797	-0.000322786	-0.021253677	-0.022060905	-0.006267710	0.019486560	-0.053806352	-0.025099552	0.003550459	0.011101765	-0.018508714	-0.044795343	-0.009489339	0.025018254	0.021381372	-0.005204725	-0.015137872	0.054430229	-0.006736777	-0.035824577	-0.143934950	0.024788016	-0.088595548	2.523138344	0.334673334	0.029448506	-0.040684124	-0.000458138	0.028042348	0.105034846	0.094447319	-0.035162189	0.004483371	-0.009839182	0.022581346	-0.109333115	-0.108834391	0.018220109	0.013182519	0.000391793	0.004713960	-0.007285414	0.006286706	0.017577122	0.028136577	-0.001321784	-0.000270109	-0.023509272	-0.007475276	0.005193183	0.009135767	-0.000766611	-0.016466447	-0.001931778	-0.001162053	-0.024354535	-0.037956300	0.000533895	0.000738310	-0.008366256	0.008300517	0.028645766	0.011942223	-0.000158820	-0.007818509	-0.026738989	-0.012920655		A5*: R48*p(1)
-0.064313927	0.001268365	-0.003555075	-0.002553401	-0.000547861	-0.047851940	0.001036507	-0.019823257	0.002704694	0.003429980	-0.000034472	-0.000428424	-0.009821090	-0.007794265	-0.009886453	0.044580488	0.048914120	-0.017423377	0.017644447	0.012349815	-0.006777854	0.003777807	0.017841761	0.025696890	0.034642556	-0.040205404	0.026980668	-0.005874797	0.032827635	-0.054583415	-0.019533415	0.019481808	0.105830022	0.129720834	0.022985533	-0.011293864	0.022961178	-0.090720692	-0.042083380	-0.015850511	0.102821238	0.193664098	0.001163922	0.029063030	0.010178856	-0.146636215	0.026679988	-0.200587646	0.049398681	0.015464098	0.024464355	-0.019633990	0.231026583	-0.146905868	0.000554172	-0.166946715	0.007600810	0.036247906	-0.228460683	-0.007986192	0.026700150	-0.087884653	-0.091130423	0.034774679	0.026144103	0.001532500	-0.000100921	-0.004129614	0.000868488	-0.011489419	-0.014486494	0.003907411	0.004146677	-0.000026816	-0.001764746	0.000584173	0.004195475	0.017067821	-0.004680691	-0.004911197	0.020346438	0.008448164	-0.016874024	-0.006522919	-0.010109865	-0.008425386	-0.002415725	-0.005963498	-0.017677148	0.016850363	0.029840722	0.007705513	0.019480814	-0.024139776	-0.036783176	-0.001167777	-0.002248088	-0.000529479	-0.012512271	-0.004701964	0.014444348	0.009833010	-0.004782644	-0.009995583	-0.003124439	-0.001731407	0.001576534	0.009604078	-0.031835989	0.012637931	0.006754394	0.001295450	-0.005147441	-0.004837191	-0.010035866	-0.010646298	-0.011128880	-0.008696518	0.006353285	0.009817026	0.032314877	-0.002184376	0.024666202	-0.008866107	-0.044105282	-0.181398284	0.030800732	-0.049715822	0.334673334	2.654123274	-0.048611670	-0.008633463	-0.012658005	0.012276828	-0.094454380	-0.203092145	0.003317765	-0.032152475	-0.005403179	-0.035669164	-0.038037464	0.017450415	0.016162710	-0.004733196	-0.000627828	-0.021660136	-0.006302707	0.021076069	0.003308973	-0.006209398	-0.000173790	-0.011490801	-0.007483161	-0.026920040	-0.000899509	0.005062755	-0.001592450	-0.015402086	0.009136928	-0.004070998	-0.012364662	-0.010975588	0.000359241	-0.001394614	0.002366330	0.006816496	0.002253303	0.002590939	-0.000700613	-0.008189688	0.000092499	-0.010448280		A5*: R48*p(-1)
0.003105567	0.003093016	0.024833093	0.000818022	0.001892503	-0.136755914	0.077281817	0.018326622	0.008930984	0.074284146	-0.018113137	0.001366625	0.006572474	0.003859511	0.022544228	0.020428003	-0.103741056	-0.020950943	-0.020223335	-0.040141318	0.039939613	0.038188115	-0.060843593	0.002413455	0.005479899	0.031612870	-0.009365149	-0.015861017	0.001212970	0.022001738	0.011843874	0.096785105	0.330319052	0.089285308	0.041044454	-0.066309810	-0.019587386	-0.158606769	0.168515791	0.021568289	0.056106794	-0.091624499	-0.002608723	0.043361160	-0.063849818	0.008916284	-0.016476478	0.013717413	0.035332235	0.028311913	0.189918466	0.009165642	-0.295087157	-0.078135783	0.014545072	-0.040664906	-0.018307238	0.315084901	0.244342777	0.036810677	0.029925996	-0.040877195	0.125874744	-0.036562917	-0.058328263	-0.001869008	0.000673865	-0.016282224	0.028770400	0.038645437	0.031026946	-0.000015261	-0.018614014	0.003223382	-0.002700836	-0.000068073	-0.003751249	0.010583543	0.018962850	0.039214450	0.006120794	-0.000241109	0.018852074	0.021552735	0.032748632	0.008938537	0.007684327	0.014899504	0.012868381	-0.022874098	-0.005131166	-0.001449258	-0.005536457	0.049133745	0.052039602	0.016383017	0.002113617	-0.002469989	-0.051926460	0.018378075	-0.044486117	-0.003687206	0.011492992	0.027088739	-0.002278507	0.003164001	-0.002722406	0.001428899	-0.001413336	0.008077879	0.007879532	-0.007040168	0.013432004	0.002615843	0.026633505	0.026472396	0.038127763	-0.019162017	-0.001551480	-0.006873618	-0.014420883	0.003250164	-0.039599454	-0.008076932	0.000675533	0.018282255	-0.008088658	0.016963353	0.029448506	-0.048611670	1.809361538	-0.819095079	-0.132837737	0.000870241	-0.035819712	0.044100252	0.036426661	0.053540017	-0.008787776	0.015431433	0.028171411	-0.055238013	-0.021012557	-0.016069188	-0.000084262	-0.014228379	0.017564865	-0.003308894	-0.007593395	-0.015149260	0.002538712	0.019549750	0.018235440	0.016163098	-0.020778020	-0.015253315	0.002132374	0.000064288	0.005756877	-0.003388624	0.018573208	0.024561119	0.001210282	0.001360817	-0.005406278	0.006736496	0.022782829	0.026677580	-0.000585447	0.009540219	0.015842096	0.002065807		A6*: R49*s(0)
0.002422378	-0.039145761	-0.051507864	0.006071110	0.002037010	-0.068051940	0.020832474	-0.024815110	0.097972445	-0.104969431	0.045867495	0.011704815	-0.001809290	-0.005703860	-0.001460316	-0.000097944	0.068875111	-0.002336315	0.080448073	-0.004590985	-0.001560902	-0.021664675	-0.003661252	-0.033208204	0.020021291	0.062269786	-0.027711849	-0.007031560	0.047654789	0.029116405	0.048738537	0.281680498	-0.074215701	-0.081069460	-0.106759966	0.041991850	0.067481181	0.135996138	-0.193164064	0.030948231	-0.072686694	0.081025298	0.010831060	-0.092963640	0.118965956	0.018069356	-0.001896583	-0.055381342	-0.009063056	-0.005997864	-0.164690356	-0.002967566	0.299237741	0.075506789	0.041905903	0.043727997	-0.006259895	-0.264073249	-0.224860011	-0.020531731	-0.013730589	-0.026994837	0.107049201	0.052915231	-0.043168009	-0.006978630	-0.001273266	0.032177755	0.032308138	-0.013660188	-0.002369801	0.031826013	0.002150315	-0.000244863	0.005151306	0.002770384	0.003745451	0.035422938	-0.010425550	-0.042035054	0.040346192	-0.023747692	0.006774210	-0.021175112	-0.052595044	0.076834124	0.001977840	0.004252829	0.012348913	0.015833740	0.009135543	0.038922367	-0.018738470	0.043082227	0.015035625	-0.057012151	-0.000100265	0.001700787	-0.000057187	-0.038587883	0.024450065	-0.077047682	0.004604229	-0.024326550	-0.000917045	-0.001798719	0.002695959	0.009302600	-0.036101661	0.011422174	-0.012681516	0.012113255	-0.004272591	-0.021677211	0.005766791	-0.021418396	0.042738882	-0.004445501	-0.006919839	0.004658162	0.023641286	-0.002899035	-0.023271213	0.006635398	0.018281529	0.025022480	0.017731098	-0.005456000	-0.040684124	-0.008633463	-0.819095079	0.935247604	0.235236608	-0.006059491	-0.143934139	0.181400862	0.007729660	-0.002109261	0.013627947	0.032142847	-0.008325024	0.025644162	-0.016068879	-0.030978261	0.012167183	-0.003336816	0.028135514	0.006207149	-0.015153148	0.002573036	0.000263033	0.000658976	0.013183294	-0.004733501	0.017849488	0.002453138	0.002838427	0.022716927	0.015059834	-0.008644403	0.009283268	-0.009998060	-0.001271790	0.000973445	-0.020601546	0.014298617	-0.015264686	-0.028263360	0.002620217	0.017555235	0.022496002	-0.013157026		A6*: R50*s(0)
0.000515141	-0.007963132	0.013996378	-0.019408263	0.000088487	0.001150576	0.003774470	-0.000617406	-0.038206711	0.010589544	0.005409871	0.055215920	-0.028406203	-0.010322357	0.007152602	-0.008035026	0.000764233	0.001280336	0.006203512	-0.008127396	0.014173270	-0.002218644	-0.005981087	-0.001556719	0.003435188	0.003383048	-0.004882409	-0.006348182	0.001228183	0.001244890	0.002655476	0.123673750	-0.004725432	-0.014886402	-0.340943953	-0.357148314	0.002168920	-0.018269105	0.026169429	0.003088096	-0.036799253	0.056565051	0.022959902	-0.239730535	0.317209420	0.025567312	0.006766060	-0.052183066	-0.020973941	-0.006672428	-0.055253858	0.002429457	0.077384612	0.026889988	-0.007951491	0.003895137	-0.000819917	-0.036647329	-0.024529472	-0.003497552	-0.003264967	0.006237753	-0.005786517	0.009334089	0.012176209	-0.006470572	-0.001661578	0.002454315	-0.002162474	-0.001350418	-0.010054167	-0.001085146	-0.011594316	0.010905119	0.009398219	0.004500803	0.001948807	-0.005479914	0.001113416	-0.002599878	-0.001729491	0.003450284	-0.007743520	0.000379402	0.000218593	-0.008857149	-0.001917791	-0.000742966	-0.002653333	-0.000053398	0.000111953	-0.002024079	0.001524016	0.002770807	0.004490478	0.003326948	-0.013257425	-0.010883556	-0.000691466	-0.002032000	-0.000670336	-0.002929236	0.007695033	0.005109412	-0.000759685	-0.019011638	-0.013008055	0.001283617	0.003536946	-0.000753092	-0.000045551	-0.003538142	0.002427461	0.005831199	-0.001611241	0.002948509	-0.008230074	0.001378076	0.000746810	0.000507761	-0.000224587	0.001645833	0.005386628	0.000402283	-0.008088187	0.017731349	-0.041836088	-0.000644627	-0.000458138	-0.012658005	-0.132837737	0.235236608	0.038992488	-0.005507860	0.024787449	-0.030800613	-0.003716923	0.016213963	-0.044438701	0.004751628	0.009510384	-0.006495093	-0.000084149	0.012166978	-0.007228967	-0.000199946	-0.001322304	0.000174064	0.002538545	0.000262955	-0.006058706	-0.003455217	0.000388490	-0.000627942	0.002270395	0.002759480	-0.004104133	-0.003882940	0.000585897	0.000201397	0.000816011	-0.001176454	-0.007374007	-0.001352202	0.003168114	-0.000802424	0.003082176	0.003580522	-0.007048132	-0.000965458	-0.001960887	0.000103659		A6: R51*s(0)
0.233208833	-0.190832199	-0.056333869	-0.005453528	-0.002735450	-0.089923497	0.078799982	-0.079544339	-0.004764907	0.032825806	-0.018474544	0.003319386	-0.003239992	0.008672298	0.093330076	-0.063455241	0.048511462	0.078006344	0.047383904	-0.106398380	0.028476116	-0.014177771	-0.035909033	-0.094643423	0.082504763	-0.019124585	0.022314528	0.050579592	0.116230765	0.094262973	0.075178996	-0.084271697	-0.092916672	0.046667742	0.007914649	0.000211012	0.153555506	-0.045684596	-0.049118474	0.071250252	0.014856311	-0.010251339	-0.022351763	-0.005148311	-0.000590805	0.003809018	0.152471205	-0.010055048	-0.060992362	-0.038429380	0.035072417	0.253011222	0.046271640	-0.081391643	0.002009573	-0.033690276	-0.302458350	-0.043934379	0.024463378	0.269483958	0.038010900	0.064044406	0.059324549	-0.102055906	-0.048769369	0.000499901	0.000721012	-0.023659436	-0.005930456	0.020724143	0.049635408	-0.022741653	-0.006699840	-0.001592809	-0.001207262	0.001097798	-0.030485450	0.007177889	0.002950297	0.055574064	-0.045689748	0.000741841	-0.002754851	0.013727815	0.016443140	-0.029634019	0.025289751	-0.002163975	-0.011739174	0.023727613	0.003705695	-0.021982125	-0.029619951	0.128397323	-0.019892971	0.004584468	0.000201616	-0.000644124	0.020080671	0.073007300	0.002325653	-0.015912753	-0.015399976	0.003005322	0.002244501	0.006752946	0.000090779	-0.001857801	-0.016568228	-0.022888328	-0.029006113	-0.016683006	0.027205153	-0.000158523	0.017266533	0.022155077	0.013752518	-0.002689713	0.003527521	-0.015806201	-0.011968362	-0.007039193	-0.029694508	-0.031011432	0.016964888	-0.005456006	-0.000644529	-0.003370762	0.028042348	0.012276828	0.000870241	-0.006059491	-0.005507860	2.326286461	-0.088602359	0.049723353	-0.027643986	0.041135276	-0.006825314	-0.022688740	-0.078620718	0.162307339	0.014214433	0.003313869	0.000201663	0.021457377	0.000308440	-0.011498056	-0.019564310	-0.000670096	0.003454245	0.032893781	-0.004683046	0.021664271	-0.013806788	-0.029317487	0.001962149	0.008756450	-0.029112931	0.002306349	0.016039408	0.010547317	0.000208588	0.006626197	0.026904085	0.011207410	0.005737126	-0.000045633	0.001977603	0.020200587	0.017883372	-0.012869937		A6*: R52*p(0)
-0.107930899	0.032815854	0.028924848	-0.002472041	0.000939891	0.039736358	-0.072894975	0.079536642	-0.051008726	-0.038579936	0.002803280	-0.004730401	-0.003867458	0.002861313	0.035630773	0.070005776	-0.008748731	-0.014938042	-0.063406794	0.052872309	-0.036655118	0.002284436	0.010357878	0.055763010	-0.059599848	0.006553603	-0.017736964	0.011401632	-0.110214350	-0.074900962	-0.042227295	0.044442780	0.137341213	0.071832482	0.013200876	-0.008025006	-0.078114683	0.015661488	0.115016523	0.011527080	0.142376963	-0.092662783	-0.005071653	-0.005837890	-0.028663526	-0.009633081	-0.072716138	0.171604899	0.110959228	0.005507481	0.195328920	-0.033294314	-0.127251430	0.066639587	-0.090683047	-0.241865051	-0.011774340	0.218629474	-0.136613081	0.047066413	-0.011375219	0.108226964	-0.013877043	0.069421336	0.029138560	-0.000491013	-0.000039687	-0.003599401	0.004690206	-0.022287792	0.003335906	-0.021353861	0.008109795	-0.000599283	-0.001463571	-0.001920910	-0.008202832	-0.013951810	-0.005440713	0.024098963	-0.000505073	0.016449019	-0.010222961	-0.006245243	-0.007737380	-0.037245362	-0.024356992	-0.006232948	-0.015083876	-0.004672717	0.005942897	-0.010412315	0.028967049	0.056875988	0.026935080	-0.026826224	-0.004764965	0.001383471	-0.040434866	-0.040266759	0.017575294	0.056075236	-0.008835275	-0.002116373	-0.000349437	-0.004009100	0.000322711	-0.021252797	0.022051711	0.006275213	0.019490582	-0.053810412	-0.025099885	-0.003553658	-0.011098500	-0.018508257	-0.044796510	0.009490933	0.025020127	0.021378517	0.005210985	0.015134030	0.054433957	-0.006733569	0.029448657	-0.040682271	-0.000457895	0.028041274	0.105034846	-0.094454380	-0.035819712	-0.143934139	0.024787449	-0.088602359	2.523131898	-0.334671399	-0.035163710	0.004483328	-0.009838636	0.022582294	-0.109330848	0.108836549	0.017576441	0.028138389	-0.001321883	-0.000272812	-0.023511762	0.007474893	0.018220609	0.013181530	0.000390578	0.004716817	-0.007284754	-0.006285124	0.005193780	0.009135102	-0.000766656	-0.016464944	-0.001931539	0.001162465	-0.024352125	-0.037953746	0.000533801	0.000738462	-0.008365126	-0.008299134	0.028648525	0.011942160	-0.000158191	-0.007816478	-0.026739535	0.012917033		A6*: R52*p(1)
0.064305027	-0.001255061	0.003556504	0.002554592	0.000548092	0.047853547	-0.001032925	-0.019821932	-0.002698896	-0.003429598	-0.000034224	0.000428671	0.009820562	-0.007793198	0.009881057	0.044579622	0.048910533	0.017420426	-0.017644765	-0.012346734	-0.006779136	0.003778890	-0.017840280	-0.025695796	0.034637376	0.040210987	-0.026981851	-0.005874753	0.032824158	0.054584709	0.019528182	-0.019487585	-0.105825499	-0.129720891	-0.022985850	0.011293934	-0.022962587	0.090720065	-0.042083914	0.015852774	-0.102820148	0.193666458	-0.001162975	-0.029062708	0.010179515	0.146636687	0.026683749	-0.200587762	-0.049396309	-0.015467738	-0.024472243	-0.019644690	0.231027697	0.146904373	-0.000544762	-0.166939242	-0.007593639	-0.036262393	-0.228462095	-0.007996644	-0.026705366	0.087878568	0.091129788	-0.034780369	-0.026147378	-0.001533330	0.000101165	0.004129873	-0.000866879	-0.011486345	0.014485847	-0.003905056	0.004146906	0.000026142	0.001765097	0.000583058	-0.004193057	0.017071842	-0.004683068	0.004907114	-0.020345864	-0.008452797	-0.016872082	-0.006524698	0.010111049	0.008430010	-0.002413485	0.005965519	0.017680445	0.016849903	0.029838614	-0.007702362	-0.019483426	0.024114726	0.036782558	0.001171890	0.002249164	0.000529311	0.012514919	0.004699792	0.014444802	-0.009840131	0.004786612	-0.009995086	0.003124688	0.001732344	0.001577940	-0.009599611	-0.031834618	0.012636240	-0.006753622	-0.001285872	0.005149013	-0.004836164	-0.010037575	0.010645578	0.011134340	-0.008696334	-0.006357958	-0.009817145	0.032315739	-0.002180793	-0.024671361	0.008865373	0.048611750	0.008634182	0.012657726	-0.012281355	0.094447319	-0.203092145	0.044100252	0.181400862	-0.030800613	0.049723353	-0.334671399	2.654131458	-0.003317811	0.032150553	0.005403474	0.035669496	0.038040709	0.017444106	-0.003308857	0.006206482	0.000174500	0.011492097	0.007484740	-0.026921160	-0.016165418	0.004733140	0.000626827	0.021658340	0.006303440	0.021075681	0.000898904	-0.005063146	0.001591776	0.015404797	-0.009135961	-0.004073042	0.012366717	0.010979263	-0.000359197	0.001394223	-0.002368312	0.006815824	-0.002256433	-0.002591049	0.000699689	0.008188314	-0.000089699	-0.010447856		A6*: R52*p(-1)
0.178547881	-0.017311138	0.023078667	-0.000352062	0.001675427	-0.130774868	0.065664208	0.000000138	-0.037451389	-0.023687197	-0.000000498	0.002373012	0.002550713	-0.000000051	-0.069076395	-0.000002990	0.000000403	0.016863735	0.080570773	0.009337739	-0.000000178	0.000002461	0.006446372	-0.055398243	0.000000467	-0.034138845	-0.013472028	-0.000000476	-0.000000269	0.000796902	0.019156899	0.189885381	0.313316333	0.061999317	0.034086521	-0.064232000	0.210163653	0.116950945	-0.000000860	-0.045990576	-0.043348784	0.000000083	-0.059864341	-0.047285514	0.000000840	0.029609092	0.000000888	0.000000065	-0.060489634	-0.016410701	-0.148598853	-0.000004215	-0.000004754	0.051470625	0.333616120	-0.000007894	0.234768250	0.141368055	0.000003517	0.000008142	0.107938581	-0.304013061	0.187436895	0.049414558	-0.012598607	-0.000388344	-0.001635493	0.062698734	0.006000003	0.000002567	-0.016252004	0.006736896	-0.000000429	0.001356291	0.001934508	0.000000228	0.010200482	0.000001702	0.000000043	-0.001861931	-0.010478196	-0.026938550	0.000002412	0.000000788	0.009532396	0.022668547	0.000000122	0.002035934	-0.001604689	-0.000000156	-0.000001298	0.007376400	-0.014446662	-0.064172185	-0.015952703	-0.010858342	0.007338604	-0.000192012	0.063396409	-0.042210175	-0.000002996	-0.040703071	0.007033751	0.000001187	0.002507839	0.000220178	-0.000000026	0.052573582	0.000001496	-0.000001568	-0.034492248	0.022767543	0.019369597	-0.000000284	0.000001018	-0.017597765	-0.005265969	0.000000146	0.000716474	0.002314258	-0.000000406	-0.000001230	0.008046439	0.008839869	0.036427076	0.007731158	-0.003716900	-0.027645341	-0.035162189	0.003317765	0.036426661	0.007729660	-0.003716923	-0.027643986	-0.035163710	-0.003317811	1.784390093	-0.842776664	-0.129539286	0.015194062	0.039199224	-0.000000277	-0.020774354	0.017849014	0.002268873	0.013797519	0.005203092	0.000900296	-0.020773696	0.017849547	0.002269009	0.013795496	0.005202442	-0.000900553	0.049082247	0.013612698	0.000108505	0.005126558	-0.001949834	0.000000031	0.049122858	0.017556913	-0.002615437	-0.019370411	0.009655956	0.000000128	-0.041133367	0.000540954	-0.002208678	-0.024688953	0.038789178	0.000002084		A7*: R53*s(0)
0.031422213	-0.119704419	-0.005123315	0.004923619	0.002109493	-0.076714954	0.031120684	0.000002777	0.107973959	0.033852211	-0.000000254	0.001030413	-0.004378273	0.000000162	0.052960127	0.000002050	0.000003107	-0.095466065	0.001925587	-0.026505892	-0.000000220	-0.000000307	0.010988407	-0.017438283	-0.000002084	0.036143889	-0.016351799	0.000001446	-0.000001684	-0.010421046	0.044520489	0.319556344	-0.017419230	-0.085975381	-0.112125147	0.047826372	-0.148959682	-0.151566369	0.000001732	0.132901152	0.050626078	-0.000002526	0.125871290	0.086714451	-0.000001443	-0.023454985	-0.000001624	-0.000001394	-0.008109897	0.047530384	0.204592235	0.000005791	0.000003068	-0.076127389	-0.292270644	0.000005798	-0.223829782	-0.067266260	-0.000002717	-0.000005850	-0.105066325	0.231876987	0.183862393	0.021460637	-0.083536045	-0.003213636	0.002892923	-0.004901635	0.034030750	-0.000000313	0.024611293	0.006882942	0.000001417	0.002514286	-0.004729630	-0.000000186	-0.002996884	0.000000677	-0.000001400	0.036699866	0.005365679	0.001842375	-0.000000102	-0.000001493	0.005166706	-0.015700544	-0.000001499	-0.007772485	-0.006033915	0.000000944	0.000000788	-0.028083501	0.013529882	-0.024981279	0.029246859	-0.023066940	-0.010742210	-0.001876392	-0.026290710	-0.065289542	-0.000000182	0.014534341	-0.021525110	-0.000002071	0.001273844	-0.002456607	0.000000084	-0.000457900	-0.000001918	0.000002161	-0.006904095	-0.029865449	-0.021973326	-0.000000588	0.000001701	-0.014913000	0.020589708	0.000001505	0.016951262	0.025426148	0.000001571	-0.000000898	-0.002918192	-0.019138239	0.053538810	-0.002109887	0.016213596	0.041135316	0.004483371	-0.032152475	0.053540017	-0.002109261	0.016213963	0.041135276	0.004483328	0.032150553	-0.842776664	0.984931607	0.246932752	0.151119147	0.134057095	-0.000002202	-0.015255907	0.002455451	0.002759756	0.029311695	0.009159064	-0.005062752	-0.015255177	0.002456011	0.002759749	0.029311627	0.009159421	0.005062437	0.013616053	-0.028356661	-0.001008901	-0.006145387	-0.010608002	0.000000136	0.024736188	-0.025083266	0.004485331	0.013006348	-0.024243680	-0.000000438	0.019346654	-0.040719597	0.012440845	0.006636054	0.007675338	0.000000589		A7*: R54*s(0)
-0.011590298	-0.000008340	0.000064413	-0.010588549	-0.001454611	0.000281422	-0.009466776	-0.000000111	-0.013494645	0.036365260	0.000000468	0.045604084	-0.052110939	-0.000000864	0.001779895	0.000000127	-0.000000403	-0.003207672	0.004341173	0.000543609	-0.000000072	0.000000245	0.006666046	0.005475570	-0.000000027	0.003266426	0.003230586	0.000000117	-0.000000253	-0.007418563	0.009472813	0.121259314	-0.007212335	-0.019153552	-0.347307170	-0.361606161	0.020359389	0.012266313	-0.000000271	0.050585490	0.037792427	-0.000000989	0.330808405	0.230697195	-0.000004366	-0.033927598	-0.000000976	-0.000000518	0.024181434	0.052206199	0.046772581	0.000001460	0.000001258	-0.011782322	-0.088270141	0.000000882	-0.027403668	-0.017589912	-0.000000301	-0.000000862	-0.011814844	0.036017320	-0.005963985	0.008148102	0.011595521	-0.010338657	-0.008487518	-0.000293096	0.001203224	-0.000000047	-0.018330631	0.010921578	-0.000000427	0.022445074	0.001852877	0.000000176	0.001664970	0.000000008	0.000000181	-0.001033506	0.001213140	0.003127673	-0.000000120	-0.000000256	0.002130922	0.001359494	-0.000000027	-0.000606358	-0.000848586	0.000000733	-0.000000218	-0.001368151	-0.000977334	0.017741082	0.008138088	0.012036833	-0.020493672	-0.004450896	-0.002455450	0.002107825	0.000000066	-0.018028840	0.003748235	0.000000621	0.005015922	-0.029584955	-0.000001167	0.001471052	0.000000128	-0.000000155	-0.002233575	-0.000039793	0.005640178	0.000000192	-0.000000936	0.008726384	-0.001867104	0.000000192	-0.001990824	0.001366313	0.000000380	-0.000000178	0.003506283	0.000247779	-0.008787228	0.013627843	-0.044438962	-0.006825703	-0.009839182	-0.005403179	-0.008787776	0.013627947	-0.044438701	-0.006825314	-0.009838636	0.005403474	-0.129539286	0.246932752	0.048416441	-0.030440444	-0.018884423	0.000000448	0.002132198	0.002838073	-0.004104453	-0.001960071	-0.000768772	0.001591599	0.002132141	0.002838131	-0.004104403	-0.001959528	-0.000768862	-0.001592288	0.000111155	-0.001009002	-0.011904357	-0.001039471	0.000883546	-0.000000277	0.001004330	0.003235482	-0.013354852	0.000681428	0.003090995	0.000000142	-0.001002911	0.018751390	-0.016313680	0.002352148	-0.004607043	-0.000000167		A7: R55*s(0)
0.388344436	-0.256239680	-0.087011013	-0.004237777	-0.002973772	-0.113050194	-0.017157765	0.000003671	0.024037856	0.028334720	0.000000278	0.002895917	0.000445752	0.000000396	0.113520726	0.000002101	0.000000580	-0.162122924	-0.117402061	-0.109598731	-0.000002306	0.000001025	0.094734044	-0.057140055	-0.000005493	0.130467265	-0.013664520	0.000006221	-0.000002814	-0.125351024	0.058605813	-0.089043168	-0.248968823	-0.080155956	-0.014116635	0.010293315	-0.001972326	-0.215494245	0.000000269	0.181676137	0.074037272	-0.000001480	0.015187906	0.022331678	-0.000000628	-0.064244335	-0.000004245	-0.000001435	0.223248728	0.227140353	0.287871551	0.000007922	0.000003270	0.115453044	-0.129243858	0.000006733	-0.083232932	-0.179457219	-0.000000376	-0.000008841	-0.149291453	-0.038719250	0.259193147	-0.108710064	-0.067749922	-0.000475703	0.001068725	-0.007511027	-0.057922349	-0.000000519	0.026994787	0.020996316	0.000000680	0.001310467	-0.007115317	0.000000226	0.000186023	0.000003101	-0.000002096	0.029231497	0.005432362	0.014901330	-0.000000202	-0.000001326	0.002013266	0.002417251	0.000000636	0.030527418	0.031879209	0.000001720	-0.000000281	-0.025836763	-0.016955818	-0.050655659	-0.083570852	0.029657116	0.005118776	-0.000933601	0.047794526	0.010178176	0.000001934	-0.036822776	0.003628555	0.000000784	0.001035532	0.005678205	0.000000292	-0.003643601	0.000001705	0.000000063	-0.057660498	-0.004495362	0.024576902	0.000003254	-0.000003391	-0.020716974	0.069750055	0.000001534	0.013312539	-0.014376105	0.000000514	0.000003839	-0.049293452	-0.059993889	0.015432478	0.032141919	0.004751638	-0.022692622	0.022581346	-0.035669164	0.015431433	0.032142847	0.004751628	-0.022688740	0.022582294	0.035669496	0.015194062	0.151119147	-0.030440444	2.828425072	0.259783868	-0.000008237	-0.000068462	-0.022728448	0.003879698	0.008721202	0.016473818	-0.015397240	-0.000068921	-0.022727227	0.003880023	0.008720766	0.016474415	0.015394678	-0.005123907	0.006155022	0.001036098	-0.017938152	-0.008986990	-0.000001437	0.039814735	0.035309851	-0.003539902	-0.000539434	0.001565950	-0.000001146	-0.002161729	0.003998281	-0.002042720	-0.019905555	0.045512369	0.000002196		A7*: R56*p(0)
-0.112687573	0.001303698	0.049533961	0.003038766	0.002310813	0.075234129	-0.081170589	-0.000001407	-0.003500814	0.026128268	0.000000359	-0.013275788	-0.007829284	0.000000004	-0.010378350	0.000000393	0.000001174	0.089207882	0.027843348	0.065252493	0.000000620	-0.000001785	-0.050975371	-0.021821488	0.000001525	-0.038400817	0.025326515	-0.000001291	-0.000000823	0.051414043	0.061645779	0.087462756	0.002806600	-0.125976663	-0.022358648	0.008595135	-0.169929506	0.056490436	0.000002802	0.129558578	0.152238526	-0.000001606	0.024332642	-0.002191594	-0.000000130	-0.120106999	-0.000002725	-0.000002151	-0.073943854	0.133317637	-0.019933126	0.000002685	0.000001770	-0.226669108	-0.193900282	0.000003264	-0.112321941	0.132766521	-0.000006734	-0.000000658	0.206249289	0.233746160	0.069645647	-0.003373944	-0.027415743	0.000084391	0.001410942	0.019937400	0.047960497	0.000000200	0.027552317	-0.028599809	-0.000000051	0.003038783	-0.000056602	-0.000000844	-0.010072090	0.000001090	-0.000000034	0.033528952	-0.019932939	-0.015628749	-0.000000164	-0.000000721	0.040844463	-0.002074121	-0.000000786	0.000813804	-0.005669495	0.000000700	0.000001522	-0.040494117	0.018362641	0.124334011	0.043895392	0.002947518	-0.006255409	-0.000632896	-0.019898230	-0.018116744	0.000001265	0.014140077	-0.000204184	-0.000000700	-0.002237354	-0.000903743	0.000000199	-0.004494773	0.000000149	0.000002820	-0.022512684	0.010740267	-0.005542001	-0.000000989	-0.000001103	0.001766104	-0.016804861	0.000001196	-0.009003203	0.000542600	0.000001879	-0.000000777	0.009494125	0.013255779	0.028172845	-0.008325410	0.009510521	-0.078621890	-0.109333115	-0.038037464	0.028171411	-0.008325024	0.009510384	-0.078620718	-0.109330848	0.038040709	0.039199224	0.134057095	-0.018884423	0.259783868	2.490043896	-0.000003745	0.005756418	0.015041335	0.000587385	0.029121472	-0.001895182	-0.009148325	0.005757270	0.015041469	0.000586702	0.029120541	-0.001895880	0.009148752	-0.001956029	-0.010602809	0.000882525	0.008976011	-0.004324536	0.000000016	-0.004693311	0.004230916	0.002845167	-0.008275372	0.007621863	0.000000485	-0.029026520	0.009831327	0.004050886	0.003806007	-0.037771367	-0.000001600		A7*: R56*p(1)
-0.000010063	0.000008124	0.000002573	-0.000000147	0.000000007	0.000000228	0.000004645	0.013614708	-0.000000013	-0.000002668	-0.023089456	-0.000000420	-0.000000528	0.003451510	-0.000004098	0.082504381	0.089093952	0.000000180	0.000002762	0.000003623	-0.025019656	-0.017705928	0.000001547	0.000000750	-0.040199287	-0.000003140	-0.000000650	0.033309525	0.031002414	0.000002243	-0.000004031	0.000002507	0.000003345	0.000000141	0.000000080	-0.000000134	0.000001954	0.000002326	0.058462296	-0.000002048	0.000000066	0.060031414	-0.000000629	-0.000000277	-0.031156836	-0.000001065	0.064087985	0.046159176	-0.000002566	-0.000002556	-0.000007341	0.172356121	0.120764504	-0.000000056	0.000003850	0.294607126	0.000013175	0.000008237	-0.167821833	-0.287053916	-0.000001207	-0.000004682	-0.000006644	0.000004457	0.000002390	-0.000001049	-0.000000552	0.000001522	0.000000991	-0.015099967	-0.000002222	0.000000518	0.017757352	0.000000671	0.000000133	-0.000917362	0.000000279	0.025774864	-0.024198275	-0.000003653	0.000000331	-0.000001149	-0.000870375	-0.017818696	-0.000001088	0.000000863	-0.003892925	0.000000566	-0.000001041	0.034523895	0.025565067	0.000001651	-0.000000198	-0.000010332	0.000000550	-0.000000175	0.000000311	-0.000000040	0.000000941	-0.000003523	0.032910255	-0.000001580	0.000001532	-0.002056770	0.000000026	-0.000000440	0.001024417	0.000001481	-0.018108898	0.001532798	0.000002160	0.000002105	-0.000003263	0.001251651	-0.046376949	-0.000002136	-0.000001695	0.013541589	-0.000000430	-0.000002245	0.048284906	0.015974913	0.000001058	0.000000871	0.055236241	-0.025645412	0.006495111	-0.162306589	-0.108834391	0.017450415	-0.055238013	0.025644162	-0.006495093	0.162307339	0.108836549	0.017444106	-0.000000277	-0.000002202	0.000000448	-0.000008237	-0.000003745	2.221109340	-0.003388619	-0.008644760	0.000200873	-0.002307977	0.001160858	-0.004072588	0.003387044	0.008645557	-0.000201888	0.002308691	-0.001160398	-0.004072138	0.000000598	0.000000814	-0.000000121	0.000000986	0.000000664	-0.008074535	-0.000001146	-0.000000680	0.000000241	0.000000358	-0.000001321	0.005089929	-0.000001926	-0.000002186	0.000000110	0.000000429	-0.000000482	-0.002672268		A7*: R56*p(-1)
0.003108910	0.003089817	0.024831564	0.000818348	0.001892541	0.136696793	0.077391821	0.018325755	-0.008990912	0.074276400	-0.018112866	-0.001372331	0.006571445	0.003859297	0.022545295	-0.020343606	-0.103755363	-0.020983054	0.020187818	-0.040141883	-0.039971077	0.038155331	-0.060839326	-0.002509411	0.005480079	-0.031605011	-0.009389851	-0.015858718	-0.001239087	-0.022031194	0.011792674	0.125881553	-0.036559725	-0.058327151	-0.001868802	0.000673983	0.016259278	0.028783281	0.038645861	-0.031026473	-0.000039218	-0.018613155	-0.003220707	-0.002703960	-0.000068463	-0.003751182	-0.010598118	0.018954705	0.039223464	-0.006059027	-0.000241600	-0.018868947	0.021538192	0.032762761	-0.008886584	0.007683933	-0.014909405	0.012856584	-0.022882191	0.005095072	0.001462307	-0.005533454	0.096814297	0.330310628	0.089301244	0.041043675	-0.066309597	0.019709482	-0.158591797	0.168512668	-0.021612674	0.056093627	-0.091627384	0.002574516	0.043363542	-0.063849265	0.008917890	0.016464813	0.013727366	0.035376061	-0.028255589	0.189913706	-0.008933458	-0.295094311	-0.078115905	-0.014669499	-0.040658798	0.018058073	0.315096664	0.244403896	-0.036424546	-0.029828728	-0.040951141	0.049136338	0.052039446	0.016383021	0.002113648	-0.002469864	0.051909931	0.018419020	-0.044485439	0.003679314	0.011495999	0.027088513	0.002276359	0.003165814	-0.002722686	0.001428625	0.001407327	0.008079303	0.007867686	0.007052895	0.013431673	-0.002636814	0.026631312	0.026533498	-0.038085568	-0.019161985	0.001556886	-0.006872652	-0.014415530	-0.003273079	0.039619027	-0.007982706	-0.007594419	-0.015149590	0.002538305	-0.019564120	0.018220109	0.016162710	-0.021012557	-0.016068879	-0.000084149	0.014214433	0.017576441	-0.003308857	-0.020774354	-0.015255907	0.002132198	-0.000068462	0.005756418	-0.003388619	1.809357016	-0.819096800	-0.132837091	-0.000842391	-0.035822160	0.044101160	0.000676482	0.018282871	-0.008088528	-0.016986452	0.029435625	-0.048611453	0.036434296	0.053534045	-0.008787741	-0.015453827	0.028159497	-0.055236753	0.022784751	0.026676660	-0.000585142	-0.009552805	0.015834794	0.002065354	0.018574123	0.024561968	0.001210048	-0.001356593	-0.005407096	0.006736690		A8*: R57*s(0)
0.002423801	-0.039148290	-0.051507414	0.006070616	0.002036967	0.068035760	0.020885298	-0.024814218	-0.097887429	-0.105047039	0.045867236	-0.011703097	-0.001818006	-0.005704211	-0.001459242	0.000041805	0.068875004	-0.002207340	-0.080452069	-0.004590887	0.001578866	-0.021662960	-0.003713971	0.033201592	0.020020567	-0.062247078	-0.027761091	-0.006955854	-0.047664905	-0.029232969	0.048668816	0.107050889	0.052918074	-0.043171475	-0.006978951	-0.001273241	-0.032203845	0.032282271	-0.013659829	0.002343639	0.031827411	0.002150104	0.000240969	0.005151713	0.002770591	0.003746090	-0.035415345	-0.010453686	-0.041970136	-0.040412500	-0.023746959	-0.006757705	-0.021180895	-0.052472595	-0.076917518	0.001977323	-0.004262202	0.012345808	0.015848246	-0.009110655	-0.038877223	-0.018831077	0.281695562	-0.074219671	-0.081072822	-0.106760329	0.041992190	-0.067588364	0.135943720	-0.193162118	-0.030888809	-0.072714627	0.081029632	-0.010757601	-0.092973345	0.118965438	0.018068171	0.001941470	-0.055379656	-0.009072769	0.005984065	-0.164687504	0.002732416	0.299243446	0.075576774	-0.041785393	0.043723076	0.006468545	-0.264066683	-0.224897317	0.020176670	0.013795036	-0.026960004	0.043084657	0.015036849	-0.057011521	-0.000100359	0.001700619	0.000088881	-0.038587592	0.024450067	0.077043414	0.004664972	-0.024326452	0.000918875	-0.001798515	0.002695770	0.009301855	0.036092901	0.011451017	-0.012662172	-0.012133216	-0.004273363	0.021672968	0.005783768	-0.021349180	-0.042772406	-0.004445561	0.006915703	0.004663154	0.023636818	0.002937027	0.023254387	0.006690519	-0.015153671	0.002574242	0.000263062	-0.000670201	0.013182519	-0.004733196	-0.016069188	-0.030978261	0.012166978	0.003313869	0.028138389	0.006206482	0.017849014	0.002455451	0.002838073	-0.022728448	0.015041335	-0.008644760	-0.819096800	0.935252521	0.235237325	0.006172673	-0.143931404	0.181401092	0.018281989	0.025022386	0.017731142	0.005487076	-0.040680647	-0.008633375	0.007730207	-0.002110651	0.013628467	-0.032136110	-0.008349737	0.025643525	-0.015264188	-0.028263160	0.002620720	-0.017573095	0.022482102	-0.013157076	0.009283609	-0.009998309	-0.001271899	-0.000957124	-0.020602372	0.014298803		A8*: R58*s(0)
0.000514823	-0.007963120	0.013996422	-0.019408782	0.000088713	-0.001153323	0.003773682	-0.000617809	0.038198464	0.010619298	0.005410095	-0.055193487	-0.028449960	-0.010322811	0.007152116	0.008034275	0.000770599	0.001290119	-0.006200996	-0.008127460	-0.014171760	-0.002228947	-0.005983682	0.001546227	0.003435409	-0.003378885	-0.004884617	-0.006345658	-0.001238566	-0.001251223	0.002652177	-0.005786801	0.009335653	0.012175632	-0.006470791	-0.001661642	-0.002451997	-0.002164252	-0.001350332	0.010054874	-0.001076984	-0.011594223	-0.010912905	0.009389572	0.004500699	0.001948639	0.005479025	0.001116948	-0.002601952	0.001724583	0.003449987	0.007743035	0.000385978	0.000204265	0.008858689	-0.001917491	0.000745428	-0.002652587	-0.000054284	-0.000111925	0.002020599	0.001529357	0.123673587	-0.004728212	-0.014885998	-0.340944307	-0.357148579	-0.002154328	-0.018271667	0.026170404	-0.003058813	-0.036801943	0.056564179	-0.022770192	-0.239751481	0.317207869	0.025566455	-0.006724709	-0.052188395	-0.020984879	0.006639204	-0.055252887	-0.002490551	0.077383521	0.026878120	0.007994478	0.003894155	0.000848653	-0.036646921	-0.024535586	0.003458978	0.003250047	0.006245812	0.002770196	0.004490949	0.003327097	-0.013257357	-0.010883490	0.000692972	-0.002030924	-0.000670721	0.002922783	0.007697435	0.005109389	0.000774899	-0.019010848	-0.013008084	0.001284530	-0.003536458	-0.000756061	-0.000051559	0.003537695	0.002427173	-0.005829970	-0.001614971	0.002935447	0.008233376	0.001376880	-0.000750331	0.000509939	-0.000223960	-0.001646433	-0.005386371	0.000388239	0.002538672	0.000262832	-0.006058620	0.003455414	0.000391793	-0.000627828	-0.000084262	0.012167183	-0.007228967	0.000201663	-0.001321883	0.000174500	0.002268873	0.002759756	-0.004104453	0.003879698	0.000587385	0.000200873	-0.132837091	0.235237325	0.038992947	0.005488298	0.024791922	-0.030800189	-0.008088361	0.017731255	-0.041836170	0.000645035	-0.000457396	-0.012657935	-0.003714441	0.016214636	-0.044438490	-0.004759486	0.009506910	-0.006494983	0.003082160	0.003580368	-0.007048175	0.000968875	-0.001960322	0.000104205	0.000816484	-0.001176470	-0.007373971	0.001348937	0.003169483	-0.000801369		A8: R59*s(0)
-0.233122015	0.190805205	0.056311395	0.005455292	0.002734664	-0.089828022	-0.078812721	0.079481362	-0.004778404	-0.032797188	0.018471556	0.003313281	0.003244882	-0.008673038	-0.093358091	-0.063362243	-0.048558392	-0.078071335	0.047210989	0.106355560	0.028434883	0.014198856	0.036050755	-0.094540812	-0.082457987	-0.019100658	-0.022315121	-0.050773472	0.116062861	0.094382654	-0.074919795	-0.059313405	0.102000588	0.048740952	-0.000499585	-0.000720890	-0.023667728	0.005907662	-0.020705155	0.049618617	0.022797431	0.006692877	-0.001595754	0.001206172	-0.001098124	0.030492148	0.007168460	-0.002940425	-0.055519496	-0.045778563	-0.000754565	-0.002752632	-0.013725922	-0.016388935	-0.029689623	-0.025269456	-0.002178575	0.011748716	-0.023730226	0.003672196	-0.022059342	0.029544599	0.084233029	0.092805483	-0.046718480	-0.007924754	-0.000204664	0.153457842	0.045791619	0.049026942	0.071267559	-0.014913318	0.010324032	-0.022359778	0.005134909	0.000613581	-0.003801110	0.152406534	0.010039199	0.060966062	-0.038329600	-0.035226468	0.253020288	-0.045971046	0.081333658	0.002063574	0.033882297	-0.302497679	0.043521952	-0.024780482	0.269485422	0.038157531	-0.064038522	-0.128441176	0.019872380	-0.004562949	-0.000194963	0.000641432	0.020107596	-0.072958133	-0.002340241	-0.015880887	0.015394338	-0.003003192	0.002250749	-0.006749959	-0.000088558	0.001874650	-0.016569083	0.022870057	0.029016780	-0.016679709	-0.027184641	-0.000147363	-0.017257105	-0.022162314	0.013680367	0.002681558	0.003535150	0.015792342	0.011974509	-0.007008219	-0.029724827	0.030945003	0.019550310	0.000660151	-0.003456726	0.032894861	0.004713960	-0.021660136	-0.014228379	-0.003336816	-0.000199946	0.021457377	-0.000272812	0.011492097	0.013797519	0.029311695	-0.001960071	0.008721202	0.029121472	-0.002307977	-0.000842391	0.006172673	0.005488298	2.326145843	0.088446871	-0.049457618	-0.016987586	0.005486656	0.000644771	-0.003328235	-0.028127305	-0.012203292	0.027665872	-0.041142461	0.006833302	-0.022733467	0.078691751	-0.162392578	-0.005759723	0.000036675	-0.001974173	0.020208452	-0.017845400	0.012860039	-0.016018980	-0.010517007	-0.000208036	0.006647984	-0.026892015	-0.011200678		A8*: R60*p(0)
-0.108116284	0.032966743	0.028970068	-0.002467330	0.000942148	-0.039746772	-0.072989227	0.079599379	0.051036212	-0.038564278	0.002817268	0.004735854	-0.003861921	0.002855847	0.035556923	-0.070047965	-0.008845938	-0.015102685	0.063422479	0.052955883	0.036675163	0.002324691	0.010475887	-0.055821063	-0.059665276	-0.006554009	-0.017759846	0.011185064	0.110324321	0.075078202	-0.042106609	-0.013925280	0.069504306	0.029174030	-0.000491921	-0.000040206	0.003577368	0.004697941	-0.022303714	-0.003279967	-0.021338362	0.008115122	0.000599903	-0.001462026	-0.001921441	-0.008178601	0.013961423	-0.005431472	0.024054726	0.000505843	0.016448945	0.010225018	-0.006247818	-0.007809748	0.037210084	-0.024376022	0.006242919	-0.015070234	-0.004682824	-0.005946801	0.010326213	0.029015813	0.044501686	0.137407605	0.071803947	0.013194905	-0.008025269	0.078222038	0.015758736	0.115052984	-0.011584568	0.142357218	-0.092657460	0.005058540	-0.005829301	-0.028663301	-0.009634100	0.072700874	0.171671584	0.111019354	-0.005363987	0.195300697	0.033593701	-0.127266501	0.066557357	0.090787714	-0.241832424	0.011362967	0.218678987	-0.136552093	-0.047069626	0.011147310	0.108203812	0.056774209	0.026949290	-0.026830378	-0.004764360	0.001383709	0.040483461	-0.040292727	0.017573023	-0.056081395	-0.008867980	-0.002118376	0.000352894	-0.004014034	0.000323929	-0.021250672	-0.022070590	0.006274682	0.019427085	0.053828098	-0.025121468	0.003562527	-0.011108604	-0.018598237	0.044777525	0.009493061	-0.025035188	0.021371496	0.005243582	-0.015131241	-0.054440649	-0.006839528	0.018236858	0.013181434	0.000387968	-0.004684102	-0.007285414	-0.006302707	0.017564865	0.028135514	-0.001322304	0.000308440	-0.023511762	0.007484740	0.005203092	0.009159064	-0.000768772	0.016473818	-0.001895182	0.001160858	-0.035822160	-0.143931404	0.024791922	0.088446871	2.523278439	-0.334712288	0.029435475	-0.040678875	-0.000457563	-0.028126378	0.104991474	-0.094460443	-0.035140440	0.004455468	-0.009833456	-0.022512928	-0.109288672	0.108708778	0.028644359	0.011941489	-0.000159916	0.007854114	-0.026747395	0.012927620	-0.024363273	-0.037962008	0.000534844	-0.000726376	-0.008386765	-0.008308196		A8*: R60*p(1)
0.064302715	-0.001255460	0.003557650	0.002553953	0.000548018	-0.047852450	-0.001072356	-0.019821192	0.002702948	-0.003428205	-0.000034131	-0.000436332	0.009820934	-0.007794159	0.009881713	-0.044619832	0.048875320	0.017391654	0.017673372	-0.012345582	0.006776331	0.003784850	-0.017880734	0.025666119	0.034637096	-0.040188581	-0.027013616	-0.005822494	-0.032831945	-0.054630235	0.019397378	0.091128693	-0.034776743	-0.026145449	-0.001533011	0.000101213	-0.004129106	-0.000870070	-0.011487232	-0.014482690	-0.003916871	0.004146846	-0.000027753	0.001764992	0.000583703	-0.004193074	-0.017067885	-0.004696432	0.004875125	0.020353656	-0.008452158	0.016877273	-0.006510945	0.010124950	-0.008412933	-0.002414528	-0.005978963	0.017675554	0.016896851	-0.029811591	0.007749069	-0.019464690	-0.019477890	-0.105817057	-0.129726786	-0.022986052	0.011293916	0.022891935	0.090737376	-0.042079870	-0.015771835	-0.102835466	0.193666680	0.001185946	-0.029062003	0.010179004	0.146634185	-0.026524585	-0.200608658	-0.049421391	0.015389714	-0.024468417	0.019462414	0.231042540	0.146906055	0.000777943	-0.166941956	0.007622986	-0.036247449	-0.228476187	0.007635401	0.026496488	0.087944274	0.024115880	0.036783188	0.001171782	0.002248181	0.000528817	-0.012517829	0.004689237	0.014444731	0.009834807	0.004793975	-0.009995298	-0.003124866	0.001729683	0.001577079	-0.009600441	0.031824579	0.012662250	-0.006755122	0.001276341	0.005148318	0.004844799	-0.010034166	0.010663679	-0.011116113	-0.008696928	0.006364754	-0.009811655	0.032312533	0.002232824	0.024648577	0.008924584	-0.016165155	0.004733185	0.000627163	-0.021664004	0.006286706	0.021076069	-0.003308894	0.006207149	0.000174064	-0.011498056	0.007474893	-0.026921160	0.000900296	-0.005062752	0.001591599	-0.015397240	-0.009148325	-0.004072588	0.044101160	0.181401092	-0.030800189	-0.049457618	-0.334712288	2.654126879	0.048611788	0.008633702	0.012657674	0.012206708	0.094459983	-0.203090451	-0.003313318	0.032151260	0.005403454	-0.035699408	0.038011614	0.017445575	-0.002256179	-0.002590735	0.000700119	-0.008188063	-0.000097145	-0.010447745	0.012365670	0.010978605	-0.000360438	-0.001392027	-0.002369619	0.006815721		A8*: R60*p(-1)
0.003116797	0.003092907	0.024830358	0.000818311	0.001892438	0.136692345	0.077396199	-0.018322404	-0.008992636	0.074277104	0.018114673	-0.001372206	0.006571119	-0.003858897	0.022547650	0.020343470	0.103754034	-0.020981669	0.020184145	-0.040143184	0.039971102	-0.038150213	-0.060839648	-0.002509001	-0.005480194	-0.031604094	-0.009388735	0.015859909	0.001243533	-0.022031795	0.011792390	0.125876082	-0.036560780	-0.058325835	-0.001868605	0.000673818	0.016256805	0.028780775	-0.038643149	-0.031024316	-0.000038086	0.018614471	-0.003221091	-0.002703675	0.000068646	-0.003751344	0.010595369	-0.018957710	0.039220819	-0.006060363	-0.000240767	0.018867800	-0.021541696	0.032761487	-0.008888600	-0.007685330	-0.014910306	0.012856486	0.022882065	-0.005094113	0.001463184	-0.005533987	0.096822405	0.330311710	0.089300997	0.041043528	-0.066309470	0.019710883	-0.158592600	-0.168513630	-0.021612921	0.056093836	0.091626855	0.002573414	0.043363244	0.063849364	0.008918160	-0.016464643	-0.013728423	0.035376649	-0.028256087	0.189917414	0.008926587	0.295091636	-0.078115277	-0.014676745	0.040664129	0.018049947	0.315099644	-0.244403027	0.036416404	-0.029823136	-0.040950055	0.049139591	0.052044314	0.016385472	0.002113449	-0.002469863	0.051903706	0.018412299	0.044486429	0.003682241	0.011499463	-0.027086644	0.002276375	0.003165312	0.002722826	0.001429304	-0.001410006	-0.008084047	0.007867144	0.007049946	0.013428821	0.002633162	-0.026637025	0.026531615	-0.038085350	0.019162146	0.001556996	-0.006876899	0.014415156	0.003269808	0.039618874	-0.007983175	-0.021015316	-0.016066856	-0.000084311	0.014217352	0.017577122	0.003308973	-0.007593395	-0.015153148	0.002538545	-0.019564310	0.018220609	-0.016165418	-0.020773696	-0.015255177	0.002132141	-0.000068921	0.005757270	0.003387044	0.000676482	0.018281989	-0.008088361	-0.016987586	0.029435475	0.048611788	1.809356626	-0.819097332	-0.132837095	-0.000841197	-0.035822395	-0.044102011	0.036434996	0.053533102	-0.008787483	-0.015454224	0.028159866	0.055236560	0.022785597	0.026677543	-0.000585148	-0.009553044	0.015836960	-0.002063645	0.018578329	0.024563638	0.001209963	-0.001356747	-0.005407422	-0.006738088		A9*: R61*s(0)
0.002424187	-0.039150944	-0.051504076	0.006070546	0.002036986	0.068035477	0.020881210	0.024814857	-0.097881909	-0.105046773	-0.045870470	-0.011702764	-0.001817680	0.005703838	-0.001462653	-0.000040396	-0.068875612	-0.002207025	-0.080452373	-0.004589861	-0.001578843	0.021664117	-0.003714643	0.033201442	-0.020022871	-0.062243446	-0.027759423	0.006955967	0.047669865	-0.029230034	0.048668335	0.107048451	0.052921831	-0.043167315	-0.006978964	-0.001273247	-0.032205315	0.032281948	0.013665637	0.002342703	0.031826115	-0.002149714	0.000240748	0.005151504	-0.002770360	0.003743042	0.035414691	0.010453216	-0.041966810	-0.040410466	-0.023746963	0.006754309	0.021182028	-0.052469966	-0.076914595	-0.001977625	-0.004261378	0.012345136	-0.015848698	0.009114466	-0.038874914	-0.018829724	0.281699686	-0.074220840	-0.081074927	-0.106760707	0.041992475	-0.067588591	0.135944858	0.193160088	-0.030888060	-0.072713788	-0.081029855	-0.010755267	-0.092972759	-0.118966402	0.018072382	-0.001943117	0.055381252	-0.009071887	0.005982533	-0.164691145	-0.002726758	-0.299242942	0.075575772	-0.041777176	-0.043725801	0.006476350	-0.264067464	0.224894223	-0.020170317	0.013790758	-0.026960490	0.043088736	0.015038261	-0.057012905	-0.000100456	0.001700744	0.000089415	-0.038584300	-0.024453011	0.077039129	0.004662415	0.024326268	0.000918075	-0.001797941	-0.002696148	0.009298807	-0.036093286	-0.011450216	-0.012662262	-0.012126102	-0.004274745	-0.021675746	-0.005780416	-0.021346971	-0.042765814	0.004445990	0.006912973	0.004664994	-0.023636456	-0.002938545	0.023250558	0.006692131	-0.016067170	-0.030978213	0.012167970	0.003316347	0.028136577	-0.006209398	-0.015149260	0.002573036	0.000262955	-0.000670096	0.013181530	0.004733140	0.017849547	0.002456011	0.002838131	-0.022727227	0.015041469	0.008645557	0.018282871	0.025022386	0.017731255	0.005486656	-0.040678875	0.008633702	-0.819097332	0.935252701	0.235237890	0.006175961	-0.143929563	-0.181401293	0.007731492	-0.002110783	0.013628176	-0.032135326	-0.008349917	-0.025644255	-0.015262344	-0.028263323	0.002620597	-0.017573192	0.022479516	0.013158498	0.009283366	-0.010000680	-0.001272039	-0.000957098	-0.020600671	-0.014300035		A9*: R62*s(0)
0.000514367	-0.007962938	0.013995751	-0.019408572	0.000088783	-0.001153673	0.003773384	0.000617812	0.038198310	0.010618408	-0.005409828	-0.055194061	-0.028449903	0.010321534	0.007151828	-0.008034859	-0.000770872	0.001290393	-0.006200856	-0.008126652	0.014171806	0.002230420	-0.005984041	0.001546316	-0.003435730	-0.003378641	-0.004884643	0.006345948	0.001238316	-0.001251319	0.002651897	-0.005786549	0.009335721	0.012175868	-0.006470770	-0.001661440	-0.002451626	-0.002164439	0.001349930	0.010055164	-0.001077250	0.011594481	-0.010913139	0.009389552	-0.004500460	0.001948377	-0.005479178	-0.001116886	-0.002602016	0.001723216	0.003450669	-0.007743018	-0.000385940	0.000204128	0.008859399	0.001918214	0.000745968	-0.002652541	0.000053271	0.000111703	0.002020445	0.001528390	0.123673393	-0.004728104	-0.014886442	-0.340944821	-0.357149002	-0.002154233	-0.018271589	-0.026170210	-0.003058045	-0.036801306	-0.056564389	-0.022764772	-0.239749899	-0.317209925	0.025566994	0.006723779	0.052188529	-0.020984832	0.006638344	-0.055253802	0.002492838	-0.077383112	0.026877389	0.007995576	-0.003894664	0.000849419	-0.036646890	0.024535604	-0.003458118	0.003249608	0.006245684	0.002769724	0.004490981	0.003327157	-0.013257233	-0.010883700	0.000693518	-0.002030450	0.000669765	0.002923711	0.007697969	-0.005109659	0.000774301	-0.019011812	0.013006535	0.001284357	0.003536757	0.000756230	-0.000051780	0.003537875	0.002427275	0.005830610	0.001615280	0.002935548	0.008233746	-0.001377869	-0.000747764	0.000509530	0.000222233	0.001646364	-0.005387073	0.000387152	-0.000084460	0.012167577	-0.007229582	0.000200890	-0.001321784	-0.000173790	0.002538712	0.000263033	-0.006058706	0.003454245	0.000390578	0.000626827	0.002269009	0.002759749	-0.004104403	0.003880023	0.000586702	-0.000201888	-0.008088528	0.017731142	-0.041836170	0.000644771	-0.000457563	0.012657674	-0.132837095	0.235237890	0.038993201	0.005487533	0.024791549	0.030800382	-0.003714517	0.016214228	-0.044438795	-0.004759316	0.009506817	0.006495073	0.003081946	0.003580747	-0.007048455	0.000968733	-0.001960881	-0.000104196	0.000815973	-0.001176731	-0.007374445	0.001347860	0.003168628	0.000801894		A9: R63*s(0)
-0.233130296	0.190801926	0.056314705	0.005454801	0.002734716	-0.089826220	-0.078809545	-0.079480586	-0.004778391	-0.032795945	-0.018471699	0.003313056	0.003245339	0.008674593	-0.093356556	0.063365114	0.048568530	-0.078075689	0.047211323	0.106356827	-0.028435568	-0.014208859	0.036051717	-0.094537950	0.082453455	-0.019104945	-0.022323274	0.050769762	-0.116063978	0.094376843	-0.074920093	-0.059308733	0.101996174	0.048737451	-0.000499573	-0.000720952	-0.023666639	0.005906948	0.020706859	0.049616633	0.022798026	-0.006694216	-0.001596409	0.001206463	0.001096801	0.030492774	-0.007165453	0.002941478	-0.055519674	-0.045779288	-0.000754701	0.002753807	0.013727247	-0.016385804	-0.029689728	0.025272583	-0.002177386	0.011747380	0.023732670	-0.003672873	-0.022058813	0.029541714	0.084229969	0.092806574	-0.046719751	-0.007925191	-0.000204482	0.153459241	0.045793059	-0.049023088	0.071267074	-0.014915357	-0.010326822	-0.022359858	0.005134351	-0.000614038	-0.003803431	-0.152406203	-0.010035929	0.060968231	-0.038329468	-0.035234238	-0.253018328	0.045968336	0.081342107	0.002061943	-0.033892212	-0.302497580	0.043513435	0.024793386	-0.269485874	0.038154246	-0.064031627	-0.128454242	0.019869087	-0.004562185	-0.000195295	0.000641062	0.020108246	-0.072958563	0.002335412	-0.015880388	0.015393996	0.003003888	0.002249982	-0.006749397	0.000090843	0.001870804	0.016567726	-0.022870751	0.029014292	-0.016682815	-0.027182367	0.000148513	0.017262613	-0.022160206	0.013679322	-0.002680383	0.003535908	0.015794861	-0.011973225	0.007008710	-0.029722336	0.030946277	-0.014232032	-0.003337484	-0.000200185	0.021451549	-0.000270109	-0.011490801	0.019549750	0.000658976	-0.003455217	0.032893781	0.004716817	0.021658340	0.013795496	0.029311627	-0.001959528	0.008720766	0.029120541	0.002308691	-0.016986452	0.005487076	0.000645035	-0.003328235	-0.028126378	0.012206708	-0.000841197	0.006175961	0.005487533	2.326144586	0.088441227	0.049452716	0.027667328	-0.041142522	0.006833298	-0.022736337	0.078689726	0.162392937	-0.005760793	0.000036092	-0.001975990	0.020209084	-0.017845006	-0.012860344	-0.016018667	-0.010516739	-0.000208041	0.006647910	-0.026893777	0.011198945		A9*: R64*p(0)
-0.108119079	0.032960410	0.028970655	-0.002467687	0.000942170	-0.039743725	-0.072988059	-0.079598799	0.051037099	-0.038564215	-0.002817082	0.004735883	-0.003861992	-0.002854576	0.035560860	0.070045427	0.008852885	-0.015106745	0.063426505	0.052954632	-0.036676173	-0.002330328	0.010479667	-0.055822097	0.059662396	-0.006558564	-0.017766118	-0.011182941	-0.110327615	0.075075822	-0.042104168	-0.013921021	0.069500823	0.029172224	-0.000492225	-0.000040134	0.003579671	0.004696360	0.022299306	-0.003280910	-0.021337563	-0.008115625	0.000600341	-0.001462446	0.001920478	-0.008178334	-0.013958494	0.005431213	0.024055104	0.000504138	0.016451514	-0.010220226	0.006248253	-0.007810273	0.037212642	0.024374709	0.006244567	-0.015071607	0.004685750	0.005942842	0.010325861	0.029015865	0.044494288	0.137407215	0.071804872	0.013194984	-0.008025236	0.078225201	0.015758175	-0.115048252	-0.011587085	0.142355671	0.092656864	0.005058096	-0.005829695	0.028663554	-0.009636306	-0.072697935	-0.171671859	0.111019474	-0.005360751	0.195302731	-0.033597283	0.127264131	0.066560100	0.090784919	0.241835348	0.011357324	0.218674528	0.136556870	0.047064197	0.011143612	0.108203198	0.056765431	0.026939801	-0.026831449	-0.004763246	0.001383773	0.040488600	-0.040290325	-0.017573008	-0.056083877	-0.008870003	0.002115932	0.000353706	-0.004014436	-0.000321995	-0.021251785	0.022077656	-0.006269337	0.019424414	0.053824672	-0.025121408	-0.003559538	0.011112483	-0.018598308	0.044776490	-0.009490925	-0.025033056	0.021373841	-0.005239261	0.015135424	-0.054437525	-0.006841937	0.017565939	0.028134170	-0.001323295	0.000305007	-0.023509272	-0.007483161	0.018235440	0.013183294	0.000388490	-0.004683046	-0.007284754	0.006303440	0.005202442	0.009159421	-0.000768862	0.016474415	-0.001895880	-0.001160398	0.029435625	-0.040680647	-0.000457396	-0.028127305	0.104991474	0.094459983	-0.035822395	-0.143929563	0.024791549	0.088441227	2.523274531	0.334711860	-0.035139651	0.004456597	-0.009833443	-0.022513387	-0.109287397	-0.108708087	0.028642143	0.011941320	-0.000159503	0.007855571	-0.026747102	-0.012930438	-0.024364753	-0.037963774	0.000535167	-0.000726521	-0.008388159	0.008308958		A9*: R64*p(1)
-0.064311741	0.001266029	-0.003555844	-0.002553567	-0.000547926	0.047850175	0.001074228	-0.019823161	-0.002706578	0.003427709	-0.000034532	0.000436222	-0.009820686	-0.007794325	-0.009884041	-0.044619454	0.048877936	-0.017393898	-0.017671259	0.012348952	0.006774891	0.003783489	0.017882355	-0.025668029	0.034642077	0.040183945	0.027011727	-0.005822576	-0.032837487	0.054629503	-0.019402173	-0.091128870	0.034773680	0.026143324	0.001531677	-0.000101058	0.004129242	0.000871361	-0.011488083	0.014483015	0.003918555	0.004146193	0.000028705	-0.001765491	0.000583754	0.004194676	-0.017065745	-0.004694851	-0.004877657	-0.020354045	0.008448750	0.016878679	-0.006510718	-0.010123928	0.008410236	-0.002414866	0.005977344	-0.017673457	0.016898485	-0.029814366	-0.007751476	0.019463186	0.019475302	0.105824052	0.129728076	0.022985908	-0.011293976	-0.022889123	-0.090737094	-0.042082239	0.015769535	0.102835324	0.193667636	-0.001186490	0.029061918	0.010179429	-0.146639268	-0.026522508	-0.200608732	0.049422075	-0.015386738	0.024471414	0.019454027	0.231044694	-0.146902625	-0.000784265	-0.166942193	-0.007628309	0.036251995	-0.228474645	0.007628439	-0.026492362	-0.087943124	-0.024134474	-0.036783181	-0.001169054	-0.002247225	-0.000529017	0.012516299	-0.004691676	0.014443990	-0.009830476	-0.004791041	-0.009995556	0.003125657	-0.001730568	0.001576520	0.009603689	0.031826190	0.012663198	0.006756450	-0.001283256	-0.005148056	0.004845266	-0.010032098	-0.010664500	0.011112344	-0.008696674	-0.006362066	0.009811719	0.032311715	0.002236558	-0.024645282	-0.008925968	0.003308190	-0.006208158	-0.000174963	0.011496461	-0.007475276	-0.026920040	0.016163098	-0.004733501	-0.000627942	0.021664271	-0.006285124	0.021075681	-0.000900553	0.005062437	-0.001592288	0.015394678	0.009148752	-0.004072138	-0.048611453	-0.008633375	-0.012657935	-0.012203292	-0.094460443	-0.203090451	-0.044102011	-0.181401293	0.030800382	0.049452716	0.334711860	2.654131308	0.003312953	-0.032152405	-0.005403239	0.035698593	-0.038010581	0.017447904	0.002254290	0.002590745	-0.000699331	0.008189441	0.000098779	-0.010448639	-0.012364528	-0.010976402	0.000360480	0.001392390	0.002367606	0.006816563		A9*: R64*p(-1)
0.178554791	-0.017330895	0.023079060	-0.000351663	0.001675683	0.130733049	0.065772473	0.000000762	0.037455619	-0.023652344	-0.000000508	-0.002374415	0.002547937	0.000000004	-0.069068590	0.000001581	0.000001449	0.016976581	-0.080543353	0.009335463	0.000000495	0.000001675	0.006359934	0.055409104	-0.000000057	0.034144354	-0.013447899	-0.000000132	-0.000000322	-0.000842209	0.019161268	0.187463562	0.049422458	-0.012614405	-0.000386719	-0.001635291	-0.062703462	0.005955203	0.000002361	0.016242096	0.006750636	-0.000000284	-0.001361597	0.001932823	-0.000000150	0.010200081	-0.000001085	-0.000000009	-0.001872345	0.010474459	-0.026938366	-0.000002178	0.000000318	0.009570649	-0.022651173	-0.000000223	-0.002033423	-0.001606421	-0.000000162	0.000001491	-0.007337307	-0.014463123	0.189955349	0.313305032	0.062001899	0.034070406	-0.064224816	-0.210232552	0.116760354	0.000000115	0.046013668	-0.043308017	-0.000000230	0.059882975	-0.047225544	0.000000135	0.029603317	-0.000000507	0.000000142	-0.060517161	0.016304795	-0.148568816	0.000000490	-0.000001536	0.051987101	-0.333487486	-0.000002971	-0.234845121	0.141172767	0.000001313	-0.000001875	-0.107202059	-0.304232250	-0.064180887	-0.015949657	-0.010860495	0.007337652	-0.000192194	-0.063358358	-0.042271631	-0.000002521	0.040696552	0.007064482	0.000000854	-0.002508402	0.000217679	0.000000043	0.052575334	-0.000001503	-0.000001317	-0.034458297	-0.022819977	0.019367686	0.000000075	0.000000674	-0.017609288	0.005233633	0.000000052	-0.000719950	0.002317905	-0.000000085	0.000001070	-0.008067253	0.008817531	-0.020775393	0.017850829	0.002269854	-0.013804160	0.005193183	-0.000899509	-0.020778020	0.017849488	0.002270395	-0.013806788	0.005193780	0.000898904	0.049082247	0.013616053	0.000111155	-0.005123907	-0.001956029	0.000000598	0.036434296	0.007730207	-0.003714441	0.027665872	-0.035140440	-0.003313318	0.036434996	0.007731492	-0.003714517	0.027667328	-0.035139651	0.003312953	1.784138313	-0.842892793	-0.129503221	-0.015249999	0.039210016	0.000000218	-0.041131571	0.000536948	-0.002207177	0.024657941	0.038810549	0.000001762	0.049126193	0.017555693	-0.002614529	0.019361664	0.009668048	0.000000198		A10*: R65*s(0)
0.031398203	-0.119703692	-0.005126420	0.004923755	0.002109270	0.076671884	0.031172297	0.000002374	-0.108005439	0.033770304	0.000000081	-0.001026509	-0.004379133	-0.000000068	0.052971126	-0.000000821	0.000002577	-0.095466952	-0.002066693	-0.026507295	-0.000000151	0.000000045	0.010960799	0.017448753	-0.000001783	-0.036137151	-0.016379315	0.000001324	0.000001348	0.010314945	0.044542771	0.183834439	0.021455519	-0.083536595	-0.003213523	0.002893163	0.004883856	0.034033790	-0.000000387	-0.024618943	0.006863274	0.000001432	-0.002510518	-0.004731803	-0.000000192	-0.002998502	-0.000000246	-0.000000702	0.036709018	-0.005309186	0.001846311	0.000000007	-0.000000930	0.005141198	0.015711699	-0.000001782	0.007776998	-0.006027495	0.000000389	-0.000000015	0.028052431	0.013599701	0.319540080	-0.017472825	-0.085983839	-0.112130512	0.047835816	0.149113633	-0.151468794	-0.000000182	-0.132950675	0.050529401	-0.000001313	-0.125948680	0.086622046	-0.000000380	-0.023457911	0.000000314	-0.000000703	-0.008025537	-0.047545149	0.204617321	-0.000002103	0.000000131	-0.076596915	0.292201324	0.000002556	0.223919170	-0.067110400	-0.000000415	0.000000486	0.104533035	0.232171983	-0.024973569	0.029250009	-0.023065670	-0.010743218	-0.001876291	0.026352307	-0.065263167	-0.000000480	-0.014524792	-0.021538867	-0.000001664	-0.001271832	-0.002457877	-0.000000139	-0.000466424	0.000001437	0.000001742	-0.006946725	0.029858891	-0.021977777	0.000000098	0.000001599	-0.014877674	-0.020614406	0.000001576	-0.016972454	0.025411805	0.000001362	0.000000849	0.002965213	-0.019132957	-0.015252545	0.002453079	0.002759534	-0.029316754	0.009135767	0.005062755	-0.015253315	0.002453138	0.002759480	-0.029317487	0.009135102	-0.005063146	0.013612698	-0.028356661	-0.001009002	0.006155022	-0.010602809	0.000000814	0.053534045	-0.002110651	0.016214636	-0.041142461	0.004455468	0.032151260	0.053533102	-0.002110783	0.016214228	-0.041142522	0.004456597	-0.032152405	-0.842892793	0.985182612	0.246951789	-0.151226581	0.133935185	-0.000000261	0.019352531	-0.040721316	0.012440950	-0.006645530	0.007664641	0.000000389	0.024729429	-0.025085561	0.004486044	-0.012989732	-0.024255536	-0.000000587		A10*: R66*s(0)
-0.011591752	-0.000008460	0.000064012	-0.010588212	-0.001454882	-0.000274958	-0.009466404	-0.000000260	0.013465748	0.036374841	0.000000630	-0.045562226	-0.052146994	-0.000001015	0.001780617	-0.000000322	-0.000000191	-0.003199066	-0.004344947	0.000542463	0.000000034	0.000000375	0.006674005	-0.005467445	0.000000157	-0.003269168	0.003227507	0.000000305	0.000000020	0.007396591	0.009490941	-0.005964279	0.008147697	0.011595478	-0.010337874	-0.008487616	0.000295544	0.001204384	-0.000000090	0.018323596	0.010936929	-0.000000311	-0.022447865	0.001834849	0.000000219	0.001665394	0.000000171	0.000000034	-0.001032507	-0.001216368	0.003128276	0.000000245	-0.000000165	0.002131321	-0.001354149	0.000000254	0.000607026	-0.000847051	-0.000000389	0.000000000	0.001367159	-0.000971466	0.121259708	-0.007214586	-0.019152670	-0.347307273	-0.361606312	-0.020371164	0.012251420	-0.000000110	-0.050614969	0.037752584	-0.000000475	-0.330990775	0.230435626	-0.000001279	-0.033927364	0.000000292	-0.000000165	0.024263155	-0.052167932	0.046772828	-0.000000300	0.000000496	-0.011922535	0.088251920	0.000000339	0.027417201	-0.017568371	-0.000000089	0.000000219	0.011730464	0.036045162	0.017741201	0.008137154	0.012035601	-0.020493325	-0.004450677	0.002455036	0.002110390	0.000000069	0.018026371	0.003762556	0.000000516	-0.004992777	-0.029589184	-0.000000944	0.001471390	-0.000000116	0.000000036	-0.002233775	0.000036016	0.005639220	-0.000000123	-0.000000711	0.008723184	0.001881679	0.000000010	0.001990321	0.001367821	-0.000000441	-0.000000241	-0.003506675	0.000238922	0.002132613	0.002838475	-0.004104569	0.001961508	-0.000766611	-0.001592450	0.002132374	0.002838427	-0.004104133	0.001962149	-0.000766656	0.001591776	0.000108505	-0.001008901	-0.011904357	0.001036098	0.000882525	-0.000000121	-0.008787741	0.013628467	-0.044438490	0.006833302	-0.009833456	0.005403454	-0.008787483	0.013628176	-0.044438795	0.006833298	-0.009833443	-0.005403239	-0.129503221	0.246951789	0.048416920	0.030455885	-0.018860414	0.000000136	-0.001002794	0.018751258	-0.016313931	-0.002348450	-0.004608168	-0.000000107	0.001002792	0.003234921	-0.013355299	-0.000685411	0.003090236	0.000000217		A10: R67*s(0)
-0.388257350	0.256239306	0.086971588	0.004235509	0.002971991	-0.113007340	0.017133271	-0.000002063	0.024057352	-0.028336281	-0.000000378	0.002885439	-0.000437106	-0.000000064	-0.113511752	0.000000258	-0.000000283	0.162236342	-0.117121593	0.109548308	-0.000001765	-0.000001259	-0.094601643	-0.057307956	0.000003639	0.130426356	0.013747985	-0.000004531	-0.000002428	-0.125168909	-0.058953256	-0.259246916	0.108710349	0.067768847	0.000472772	-0.001069982	-0.007541825	0.057878284	0.000000321	0.027032493	-0.020950884	-0.000000202	0.001310929	0.007115446	0.000001191	-0.000178133	0.000002054	0.000001440	-0.029266376	0.005369653	-0.014888884	-0.000000528	0.000000690	-0.002049681	0.002413483	0.000000047	0.030553441	-0.031850758	-0.000000987	-0.000000935	-0.025908153	0.016879880	0.088973312	0.248961983	0.080269204	0.014134208	-0.010300126	-0.002273378	0.215448572	0.000001718	0.181837639	-0.074018852	0.000000354	0.015225482	-0.022318222	0.000000341	0.064339061	-0.000000899	0.000001694	-0.223549441	0.226893762	-0.287855828	0.000004496	0.000002038	-0.115068828	-0.129581656	-0.000001424	-0.083464879	0.179287093	0.000002454	-0.000003823	-0.149221650	0.038181728	0.050552591	0.083535810	-0.029659816	-0.005114215	0.000934055	0.047788140	-0.010126633	-0.000001461	-0.036808979	-0.003657141	-0.000000599	0.001039617	-0.005676647	-0.000000316	0.003646548	0.000001471	-0.000000387	0.057686147	-0.004394047	-0.024572977	0.000002867	0.000002606	0.020603713	0.069771589	-0.000000975	0.013294383	0.014387444	0.000000467	0.000003028	-0.049430759	0.059862644	0.000064608	0.022715999	-0.003881489	0.008756920	-0.016466447	-0.015402086	0.000064288	0.022716927	-0.003882940	0.008756450	-0.016464944	0.015404797	0.005126558	-0.006145387	-0.001039471	-0.017938152	0.008976011	0.000000986	-0.015453827	-0.032136110	-0.004759486	-0.022733467	-0.022512928	-0.035699408	-0.015454224	-0.032135326	-0.004759316	-0.022736337	-0.022513387	0.035698593	-0.015249999	-0.151226581	0.030455885	2.828836516	-0.259516272	0.000003410	0.002186438	-0.004005845	0.002040103	-0.019866512	-0.045497876	-0.000001966	-0.039809713	-0.035315006	0.003536765	-0.000546563	-0.001573246	0.000000780		A10*: R68*p(0)
-0.112992904	0.001504393	0.049602102	0.003041968	0.002313106	-0.075259138	-0.081215685	-0.000001464	0.003498251	0.026108389	0.000000733	0.013284677	-0.007819289	-0.000000527	-0.010466946	0.000000037	-0.000000066	0.089378627	-0.027793540	0.065339275	-0.000000496	-0.000001520	-0.051084656	0.021695064	0.000001766	0.038483424	0.025366975	-0.000000149	0.000000628	-0.051661687	0.061476746	0.069439855	-0.003286574	-0.027362173	0.000086784	0.001410663	-0.019980323	0.047990654	-0.000000315	-0.027508029	-0.028637321	-0.000000161	-0.003040407	-0.000053005	-0.000001604	-0.010071960	-0.000000105	0.000000568	0.033473346	0.019990460	-0.015640013	0.000000062	-0.000000219	0.040840311	0.002141537	-0.000001024	-0.000785337	-0.005694896	0.000000124	-0.000000385	0.040429880	0.018472453	0.087541329	0.003006449	-0.125913067	-0.022347422	0.008586967	0.169881021	0.056799003	0.000001480	-0.129538611	0.152076293	-0.000000458	-0.024318821	-0.002227921	0.000000016	-0.120057074	0.000001004	0.000000300	-0.073909367	-0.133254983	-0.020160899	0.000000879	0.000002530	-0.227066370	0.193439127	0.000002450	0.112150437	0.132997173	0.000000137	-0.000000817	-0.206920270	0.233285998	0.124371986	0.043960404	0.002924277	-0.006259342	-0.000632052	0.019952220	-0.018109069	0.000000526	-0.014169831	-0.000218825	-0.000000595	0.002238513	-0.000905490	-0.000000121	-0.004492140	-0.000000312	0.000002421	-0.022449558	-0.010779143	-0.005562285	0.000000883	-0.000000428	0.001755163	0.016863843	0.000000662	0.009014113	0.000561418	0.000001351	0.000000727	-0.009564597	0.013278513	0.005758049	0.015058673	0.000584157	-0.029111971	-0.001931778	0.009136928	0.005756877	0.015059834	0.000585897	-0.029112931	-0.001931539	-0.009135961	-0.001949834	-0.010608002	0.000883546	-0.008986990	-0.004324536	0.000000664	0.028159497	-0.008349737	0.009506910	0.078691751	-0.109288672	0.038011614	0.028159866	-0.008349917	0.009506817	0.078689726	-0.109287397	-0.038010581	0.039210016	0.133935185	-0.018860414	-0.259516272	2.489634843	-0.000000703	-0.029024579	0.009828612	0.004051919	-0.003792261	-0.037811562	-0.000001381	-0.004725418	0.004202458	0.002847793	0.008268488	0.007626632	0.000000323		A10*: R68*p(1)
-0.000008018	0.000005734	0.000002322	0.000000068	0.000000044	-0.000000382	0.000002802	0.013615356	0.000000007	-0.000001528	-0.023089596	0.000000308	-0.000000371	0.003451887	-0.000001687	-0.082575653	0.089027265	0.000001019	-0.000001347	0.000002851	0.025034124	-0.017685631	0.000000875	-0.000000336	-0.040199951	0.000001958	0.000000026	0.033359317	-0.030948877	-0.000002190	-0.000002848	-0.000003610	0.000002506	0.000000980	-0.000000856	-0.000000007	-0.000000620	0.000001676	-0.015100164	0.000001220	-0.000000001	0.017757025	-0.000000159	0.000000166	-0.000917423	0.000000442	-0.025755675	-0.024218342	-0.000002172	-0.000000117	-0.000000664	0.000884356	-0.017817911	-0.000000230	-0.000000554	-0.003892840	-0.000000408	-0.000000572	0.034564430	-0.025509808	-0.000000991	-0.000000374	0.000002684	0.000002900	-0.000000662	-0.000000179	-0.000000025	0.000000129	0.000001079	0.058464895	0.000000246	0.000000889	0.060030423	0.000000199	-0.000000041	-0.031156522	-0.000000822	-0.064123959	0.046108406	-0.000002035	0.000001349	-0.000003223	-0.172450844	0.120626774	-0.000000836	0.000000088	0.294607693	-0.000004658	0.000003609	-0.168274868	0.286787791	0.000001930	0.000000310	-0.000006932	0.000000885	-0.000000032	0.000000023	-0.000000022	-0.000000365	-0.000003163	0.032909835	0.000001026	0.000001187	-0.002056592	0.000000056	-0.000000147	0.001024739	0.000001017	0.018107637	0.001547236	0.000001505	-0.000001745	-0.000003037	-0.001214387	-0.046378032	-0.000001946	0.000001204	0.013541108	0.000000180	-0.000002377	0.048310589	-0.015897271	-0.000000869	0.000000219	0.003387091	0.008645801	-0.000201880	-0.002309071	-0.001162053	-0.004070998	-0.003388624	-0.008644403	0.000201397	0.002306349	0.001162465	-0.004073042	0.000000031	0.000000136	-0.000000277	-0.000001437	0.000000016	-0.008074535	-0.055236753	0.025643525	-0.006494983	-0.162392578	0.108708778	0.017445575	0.055236560	-0.025644255	0.006495073	0.162392937	-0.108708087	0.017447904	0.000000218	-0.000000261	0.000000136	0.000003410	-0.000000703	2.221110210	-0.000001544	-0.000001496	-0.000000035	-0.000000264	-0.000000526	-0.002672386	-0.000000727	-0.000000460	0.000000009	-0.000000193	-0.000001003	0.005089952		A10*: R68*p(-1)
0.124353077	-0.023739930	-0.021937065	0.003604153	0.002312911	-0.086184540	-0.291389960	-0.000008020	0.072978404	-0.016714318	-0.000000892	0.005072208	0.010129133	0.000000209	-0.028738359	-0.000002070	-0.000001834	0.067797570	-0.011115173	-0.018382614	-0.000001045	0.000002026	-0.060058699	-0.052626044	0.000001651	0.055963614	0.032783722	0.000001006	-0.000002424	0.008889709	0.011826918	0.051460712	0.024595056	0.032652861	0.002970471	-0.002814886	-0.032303119	0.019540148	0.000000771	0.009705321	-0.035808310	-0.000000817	-0.000269829	-0.002408920	0.000000605	-0.001643360	0.000000314	-0.000000027	0.012083738	0.003829268	0.005949974	0.000000344	0.000000401	0.033447200	-0.001787801	0.000001649	-0.001193389	0.006389537	-0.000001236	-0.000001956	0.029257526	-0.021489621	0.340733092	0.128215024	-0.052572815	-0.001178739	0.000479070	0.036014309	0.040033769	0.000001798	0.030563453	-0.007193184	-0.000000235	0.000296219	0.002972664	0.000000077	0.042480938	0.000000735	-0.000001888	0.017622614	0.027916041	-0.002165092	0.000001232	-0.000001363	0.017849488	0.061238480	0.000001064	0.012815746	0.052891124	0.000000547	-0.000001109	0.001209056	-0.039737660	0.073188298	0.082765335	0.057798986	0.037537984	-0.062634526	-0.344088199	0.265291509	0.000006885	0.090704136	-0.055268292	-0.000001041	0.075834005	-0.032291807	-0.000001062	0.063914357	-0.000000473	-0.000006185	0.068054768	-0.023406092	-0.084528589	-0.000006625	-0.000002134	0.201281792	-0.234877753	0.000008959	-0.215712531	0.136780611	-0.000006275	0.000009725	-0.033729842	-0.365261870	0.018579821	0.009283110	0.000816699	0.016038797	-0.024354535	-0.012364662	0.018573208	0.009283268	0.000816011	0.016039408	-0.024352125	0.012366717	0.049122858	0.024736188	0.001004330	0.039814735	-0.004693311	-0.000001146	0.022784751	-0.015264188	0.003082160	-0.005759723	0.028644359	-0.002256179	0.022785597	-0.015262344	0.003081946	-0.005760793	0.028642143	0.002254290	-0.041131571	0.019352531	-0.001002794	0.002186438	-0.029024579	-0.000001544	1.791317796	-0.784683876	-0.145102107	-0.036288127	0.025313718	0.000000650	0.180713984	0.073119075	-0.008248353	0.053490141	-0.006969031	-0.000000194		A11*: R69*s(0)
0.043388632	-0.110223335	-0.075486549	-0.001320673	-0.000270924	0.017373147	-0.070923364	-0.000001513	-0.030405859	0.135909463	0.000002947	0.020365958	0.016861778	0.000000604	0.095049700	-0.000000815	-0.000007837	0.069745809	0.015778974	-0.026805785	-0.000000357	0.000002261	-0.025357658	-0.028274589	0.000002160	0.013383278	0.037003781	0.000002831	0.000000542	-0.026911204	0.057865328	0.089277342	0.062707365	-0.040579932	0.000459805	0.002412382	-0.011359144	-0.008503375	-0.000002422	-0.038923263	-0.010841896	0.000000506	0.006057658	-0.001129475	0.000000037	-0.050878791	-0.000000791	0.000001619	-0.004569569	-0.028780835	0.005830551	0.000001216	0.000000715	0.034024386	0.041240813	0.000001937	0.017087379	0.010304049	-0.000000104	-0.000001630	0.028509980	0.015922141	0.279354920	0.015706673	-0.075021366	-0.018069248	-0.001215954	0.064035268	0.000790549	0.000001167	0.051132671	0.018686454	0.000001097	0.002001512	0.004357007	0.000000039	0.012083485	0.000000580	-0.000000777	0.021808357	0.039801217	-0.013423477	0.000000569	-0.000000264	0.053406642	0.049153574	0.000001190	-0.009593068	0.043864609	-0.000000482	-0.000000422	-0.003709132	-0.034986970	0.210489839	0.053143003	0.010703783	-0.093423986	0.048825087	0.247106710	-0.051122267	-0.000001240	-0.205534810	0.135830280	0.000004262	-0.145209396	0.090896037	0.000002489	-0.050340070	0.000000543	0.000002086	-0.012287245	0.031387468	0.190124700	0.000008110	-0.000006251	-0.130482239	0.309170265	-0.000009541	0.172665979	-0.141267760	0.000000476	-0.000007758	-0.007687673	0.195090411	0.024563242	-0.010001762	-0.001176533	0.010546620	-0.037956300	-0.010975588	0.024561119	-0.009998060	-0.001176454	0.010547317	-0.037953746	0.010979263	0.017556913	-0.025083266	0.003235482	0.035309851	0.004230916	-0.000000680	0.026676660	-0.028263160	0.003580368	0.000036675	0.011941489	-0.002590735	0.026677543	-0.028263323	0.003580747	0.000036092	0.011941320	0.002590745	0.000536948	-0.040721316	0.018751258	-0.004005845	0.009828612	-0.000001496	-0.784683876	0.957110001	0.247173432	-0.210894346	0.088511353	0.000002553	0.073115596	-0.037518342	-0.003364886	-0.041595447	0.157381639	0.000004330		A11*: R70*s(0)
0.007742989	0.003707900	0.003990865	-0.052020830	0.019183963	0.008900512	-0.004503173	-0.000000169	-0.038566791	-0.024700120	-0.000000561	0.032329535	0.096599110	0.000002579	0.002046529	0.000000084	-0.000000341	0.012626053	0.003818988	-0.001066761	-0.000000506	0.000000334	-0.011162473	-0.020258868	0.000000076	-0.008460476	0.000242089	0.000000489	0.000001158	-0.020470576	0.013796399	-0.000001395	-0.000869646	-0.000112771	-0.009930976	-0.009934927	0.000676660	0.001495080	-0.000000228	0.003057597	-0.011668539	-0.000000720	-0.018164288	0.014937951	0.000000597	0.002127582	0.000000018	-0.000000102	0.000181087	-0.002722576	0.002056360	-0.000000112	-0.000000005	-0.002174838	-0.006613033	0.000000077	-0.000577817	0.000280558	-0.000000303	-0.000000394	-0.003994988	-0.001550869	0.000513902	-0.005369336	0.014171383	-0.018874438	-0.004681923	-0.007166411	-0.001138207	-0.000000090	0.001784186	-0.009519592	-0.000000231	0.023254018	0.013610490	0.000000426	0.004259091	0.000000130	-0.000000379	0.003798737	-0.000121425	0.010853484	0.000000093	0.000000138	-0.010695846	-0.009174674	-0.000000168	-0.003297457	-0.003223385	-0.000000239	0.000000169	0.007031826	0.003837148	0.147462446	0.019124209	-0.043699798	-0.348037348	-0.354870957	-0.018756477	0.019182507	0.000000522	-0.034779899	0.043816280	0.000001177	-0.360992699	0.227314013	0.000006192	-0.038222927	-0.000001257	0.000001302	0.020983964	-0.045430471	0.046719890	0.000002194	-0.000000690	-0.050985772	0.079934597	-0.000001319	0.027118753	-0.018361312	0.000000618	-0.000001377	0.005486732	0.045772991	0.001209973	-0.001271949	-0.007374223	0.000207918	0.000533895	0.000359241	0.001210282	-0.001271790	-0.007374007	0.000208588	0.000533801	-0.000359197	-0.002615437	0.004485331	-0.013354852	-0.003539902	0.002845167	0.000000241	-0.000585142	0.002620720	-0.007048175	-0.001974173	-0.000159916	0.000700119	-0.000585148	0.002620597	-0.007048455	-0.001975990	-0.000159503	-0.000699331	-0.002207177	0.012440950	-0.016313931	0.002040103	0.004051919	-0.000000035	-0.145102107	0.247173432	0.058156698	0.013505219	-0.011494273	-0.000000321	-0.008247744	-0.003364655	-0.065481540	0.003776677	-0.010891346	-0.000000320		A11: R71*s(0)
-0.034030481	0.018355859	-0.000983920	0.005168926	-0.000166379	-0.060316467	-0.031120631	-0.000000497	0.025545800	0.008887283	0.000000206	-0.015950731	-0.002605879	-0.000000243	-0.037170981	0.000003427	0.000002538	-0.013282679	0.146086245	-0.015574496	-0.000000644	-0.000000597	0.046078754	-0.046821011	-0.000000226	0.044741345	-0.005569431	-0.000002821	-0.000002483	0.015851508	-0.077290701	-0.125676501	0.006504555	0.036351798	-0.000772635	-0.001552140	0.027459797	-0.030291277	-0.000000065	0.000405618	-0.026490721	-0.000000695	0.000805575	-0.003338666	-0.000000493	0.015466699	0.000000190	-0.000001057	0.041280362	0.009919670	0.028639996	0.000001111	-0.000000857	0.004696462	0.040676907	-0.000001413	-0.007406677	-0.038659938	-0.000000719	-0.000001150	0.013960792	0.006316477	-0.024502017	0.006692437	-0.018735116	0.001564177	0.000603054	0.027049134	-0.009682034	-0.000000153	-0.002092690	0.016194317	0.000000346	0.001577603	0.001342530	-0.000000082	0.004352952	-0.000000845	0.000001102	-0.039637448	-0.038744460	-0.026438953	0.000000117	0.000001203	0.027357454	0.033623457	-0.000000091	0.005512948	0.006899793	-0.000000063	0.000000048	-0.013303673	-0.016223840	-0.159619281	0.101290297	0.148020320	0.028704948	-0.012776623	-0.113051940	0.132995672	0.000003684	0.269633306	-0.123173627	-0.000003288	0.024699072	-0.029412060	-0.000000751	0.175945509	0.000003103	-0.000005063	-0.121187727	0.107162627	-0.141593828	-0.000009250	0.000006147	0.011768422	-0.339725569	0.000007040	-0.134836133	0.107503827	0.000001686	0.000013478	-0.223808238	-0.094269823	0.001361437	0.000973778	-0.001352742	0.006626069	0.000738310	-0.001394614	0.001360817	0.000973445	-0.001352202	0.006626197	0.000738462	0.001394223	-0.019370411	0.013006348	0.000681428	-0.000539434	-0.008275372	0.000000358	-0.009552805	-0.017573095	0.000968875	0.020208452	0.007854114	-0.008188063	-0.009553044	-0.017573192	0.000968733	0.020209084	0.007855571	0.008189441	0.024657941	-0.006645530	-0.002348450	-0.019866512	-0.003792261	-0.000000264	-0.036288127	-0.210894346	0.013505219	2.781461422	-0.291892542	-0.000007896	-0.053485812	0.041468910	-0.003768262	-0.029645282	-0.014235081	-0.000000317		A11*: R72*p(0)
0.572039154	-0.306571777	-0.151371469	-0.009843490	-0.005823070	0.091434648	0.013251161	-0.000001082	-0.055537919	0.014590408	0.000000949	-0.004983196	-0.000925510	-0.000000054	0.186833769	0.000009214	-0.000009457	0.002771768	0.201489201	-0.139721637	-0.000001866	0.000006437	-0.018303441	-0.063542875	0.000007381	-0.085614471	0.083467676	0.000004395	0.000009966	-0.174027988	0.055260780	0.239081207	-0.148196034	-0.063168501	0.001577148	0.000892220	0.072109916	-0.020747857	0.000001494	-0.028776117	0.025336776	-0.000000346	0.007532375	-0.000146445	0.000000694	-0.010759435	-0.000001573	0.000000783	-0.021884509	-0.047621306	0.007227627	0.000000144	-0.000001226	-0.022509944	0.014550148	0.000001076	-0.022056372	0.035023889	0.000000268	0.000002232	-0.012280642	-0.026242930	-0.052683273	-0.088661714	0.040254505	0.008058845	-0.000858857	-0.050183902	-0.000089283	-0.000001652	-0.003428510	-0.015277872	0.000000257	-0.007439235	-0.004205739	-0.000000363	-0.042028702	0.000000299	0.000003351	-0.030027508	0.025308124	0.059460602	-0.000002807	-0.000001616	0.014923083	-0.094655093	0.000001370	-0.033206741	0.004681957	-0.000000838	0.000003632	-0.033658482	-0.033886344	0.081624960	-0.186249542	-0.020088881	-0.010614882	0.006722001	0.098711438	0.017818042	-0.000002026	-0.021555955	0.126689559	0.000003542	-0.026856343	-0.009631743	0.000000440	-0.067130931	-0.000006368	0.000004361	-0.076934215	-0.301703901	0.180087469	0.000001361	-0.000003402	-0.295979962	-0.175658201	-0.000009735	0.148621313	-0.021571751	0.000005552	-0.000007370	-0.232551377	0.014739241	-0.005407074	-0.020600089	0.003168751	0.026905718	-0.008366256	0.002366330	-0.005406278	-0.020601546	0.003168114	0.026904085	-0.008365126	-0.002368312	0.009655956	-0.024243680	0.003090995	0.001565950	0.007621863	-0.000001321	0.015834794	0.022482102	-0.001960322	-0.017845400	-0.026747395	-0.000097145	0.015836960	0.022479516	-0.001960881	-0.017845006	-0.026747102	0.000098779	0.038810549	0.007664641	-0.004608168	-0.045497876	-0.037811562	-0.000000526	0.025313718	0.088511353	-0.011494273	-0.291892542	2.634535590	0.000012375	-0.007016986	0.157412691	-0.010893925	0.014137276	0.093412117	0.000004208		A11*: R72*p(1)
0.000015263	-0.000008370	-0.000003975	-0.000000418	-0.000000183	0.000001587	0.000000024	-0.001514427	-0.000001658	0.000001101	-0.025779238	0.000000013	-0.000000282	0.003375008	0.000006148	-0.123522568	0.020534026	0.000000671	0.000009306	-0.000003691	0.002837913	0.002841675	-0.000000228	-0.000001904	-0.045678193	-0.000002872	0.000004362	0.019335867	-0.000382444	-0.000004765	0.000000790	0.000007609	-0.000006102	-0.000002612	-0.000000416	0.000000008	0.000001876	-0.000000584	-0.043672073	-0.000001153	0.000000586	0.015969163	-0.000000079	-0.000000232	-0.001287940	0.000000192	-0.000341083	-0.001292716	-0.000000378	-0.000001638	0.000000166	0.006797970	0.008223582	-0.000000954	0.000000473	-0.005314622	-0.000001523	0.000001168	0.008816411	-0.024206702	-0.000001157	-0.000000575	-0.000002642	-0.000001748	0.000001818	0.000000219	-0.000000039	-0.000000722	-0.000000470	0.028172445	-0.000000460	-0.000000693	0.005318836	-0.000000052	-0.000000297	0.001038712	-0.000001518	0.006380878	-0.012136749	-0.000001362	0.000000307	0.000002231	0.036811526	0.001249190	0.000001328	-0.000003116	0.017196553	-0.000002502	-0.000000781	-0.004449698	-0.044865832	-0.000002438	-0.000000899	0.000002049	-0.000005476	-0.000000559	-0.000000284	0.000000183	0.000002903	-0.000002125	0.081414194	-0.000000633	0.000003363	0.007415909	-0.000000736	0.000000513	-0.030383475	-0.000000944	-0.073123529	0.015629254	-0.000001819	-0.000006098	0.000009636	-0.226668002	0.101656817	-0.000005510	0.000001151	0.296387171	0.000018003	-0.000011068	-0.215302867	0.328394221	0.000004771	0.000007745	-0.006738611	-0.014299777	0.000802157	-0.011205620	0.008300517	0.006816496	0.006736496	0.014298617	-0.000802424	0.011207410	-0.008299134	0.006815824	0.000000128	-0.000000438	0.000000142	-0.000001146	0.000000485	0.005089929	0.002065354	-0.013157076	0.000104205	0.012860039	0.012927620	-0.010447745	-0.002063645	0.013158498	-0.000104196	-0.012860344	-0.012930438	-0.010448639	0.000001762	0.000000389	-0.000000107	-0.000001966	-0.000001381	-0.002672386	0.000000650	0.000002553	-0.000000321	-0.000007896	0.000012375	2.186432749	-0.000000360	0.000004420	-0.000000315	0.000000385	0.000004168	-0.046485467		A11*: R72*p(-1)
0.124352875	-0.023734893	-0.021933945	0.003604062	0.002312968	0.086416299	-0.291321236	-0.000008082	-0.072966038	-0.016775202	-0.000001125	-0.005079364	0.010124619	0.000000251	-0.028742732	0.000002593	-0.000001695	0.067779099	0.011228227	-0.018380951	0.000001006	0.000002139	-0.060142785	0.052526399	0.000001379	-0.055989187	0.032736449	0.000001182	0.000002436	-0.008918020	0.011804166	0.340710325	0.128220295	-0.052578991	-0.001178071	0.000479142	-0.036043597	0.040005401	0.000002035	-0.030557635	-0.007217107	-0.000000278	-0.000298752	0.002972600	0.000000293	0.042480022	-0.000000581	-0.000001831	0.017666349	-0.027886554	-0.002164435	-0.000001340	-0.000001456	0.017944186	-0.061210020	0.000000163	-0.012857686	0.052878945	0.000000502	0.000001357	-0.001115734	-0.039737959	0.051459891	0.024591662	0.032654467	0.002969489	-0.002815092	0.032288063	0.019566336	0.000000341	-0.009677808	-0.035815595	-0.000000599	0.000270820	-0.002408339	-0.000000317	-0.001640841	-0.000000243	-0.000000033	0.012090021	-0.003811037	0.005949355	-0.000000251	-0.000000125	0.033444573	0.001842410	0.000001180	0.001188035	0.006390894	-0.000000996	0.000001710	-0.029205726	-0.021560170	0.073188337	0.082764334	0.057796416	0.037540330	-0.062635957	0.343882017	0.265567498	0.000007501	-0.090661992	-0.055342099	-0.000001209	-0.075811456	-0.032354837	-0.000001120	0.063915858	0.000000659	-0.000006047	0.068018922	0.023514242	-0.084534910	0.000007481	-0.000001578	0.200912989	0.235207166	0.000010214	0.215609378	0.136956045	-0.000006981	-0.000011168	0.034603176	-0.365186164	0.022784067	-0.015262461	0.003081871	0.005738035	0.028645766	0.002253303	0.022782829	-0.015264686	0.003082176	0.005737126	0.028648525	-0.002256433	-0.041133367	0.019346654	-0.001002911	-0.002161729	-0.029026520	-0.000001926	0.018574123	0.009283609	0.000816484	-0.016018980	-0.024363273	0.012365670	0.018578329	0.009283366	0.000815973	-0.016018667	-0.024364753	-0.012364528	0.049126193	0.024729429	0.001002792	-0.039809713	-0.004725418	-0.000000727	0.180713984	0.073115596	-0.008247744	-0.053485812	-0.007016986	-0.000000360	1.791363649	-0.784664423	-0.145109590	0.036259379	0.025338250	0.000000684		A12*: R73*s(0)
0.043391283	-0.110225009	-0.075486078	-0.001320358	-0.000270834	-0.017312931	-0.070946586	-0.000001379	0.030297176	0.135933046	0.000002906	-0.020379445	0.016845625	0.000000483	0.095048436	0.000000650	-0.000007590	0.069772079	-0.015668337	-0.026806420	0.000000356	0.000002302	-0.025403448	0.028235253	0.000002178	-0.013412973	0.036993327	0.000002983	-0.000000468	0.026772960	0.057930123	0.279356408	0.015715349	-0.075024145	-0.018068416	-0.001216040	-0.064036835	0.000740793	0.000001200	-0.051148941	0.018645097	0.000001532	-0.002005157	0.004355707	-0.000000151	0.012084051	-0.000000425	-0.000000592	0.021871603	-0.039766444	-0.013422672	-0.000000231	-0.000000026	0.053484940	-0.049069306	0.000000396	0.009558282	0.043872558	-0.000000705	0.000000623	0.003792480	-0.034978027	0.089281504	0.062705943	-0.040576739	0.000459255	0.002412278	0.011368047	-0.008493198	-0.000001543	0.038931585	-0.010811411	0.000000263	-0.006057090	-0.001134231	-0.000000075	-0.050877559	0.000000939	0.000001885	-0.004615781	0.028773211	0.005830971	-0.000000959	0.000000381	0.034089580	-0.041185392	0.000001574	-0.017095793	0.010291924	-0.000000165	0.000001469	-0.028546634	0.015855000	0.210494910	0.053146457	0.010704731	-0.093423235	0.048823310	-0.247052496	-0.051308413	-0.000001716	0.205421994	0.135991045	0.000004744	0.145135364	0.091010478	0.000002731	-0.050339367	-0.000000261	0.000002185	-0.012235787	-0.031405200	0.190120378	-0.000009009	-0.000007056	-0.129984579	-0.309369433	-0.000010429	-0.172548006	-0.141401698	0.000001046	0.000008822	0.007222375	0.195098660	0.026677860	-0.028264181	0.003581053	-0.000045481	0.011942223	0.002590939	0.026677580	-0.028263360	0.003580522	-0.000045633	0.011942160	-0.002591049	0.000540954	-0.040719597	0.018751390	0.003998281	0.009831327	-0.000002186	0.024561968	-0.009998309	-0.001176470	-0.010517007	-0.037962008	0.010978605	0.024563638	-0.010000680	-0.001176731	-0.010516739	-0.037963774	-0.010976402	0.017555693	-0.025085561	0.003234921	-0.035315006	0.004202458	-0.000000460	0.073119075	-0.037518342	-0.003364655	0.041468910	0.157412691	0.000004420	-0.784664423	0.957068057	0.247170634	0.210822377	0.088679019	0.000002965		A12*: R74*s(0)
0.007740809	0.003708875	0.003990139	-0.052020297	0.019183704	-0.008894063	-0.004507104	-0.000000209	0.038585631	-0.024669444	-0.000000556	-0.032406588	0.096572895	0.000002516	0.002046882	-0.000000269	-0.000000434	0.012631538	-0.003799233	-0.001069643	0.000000683	0.000000334	-0.011193655	0.020244819	0.000000043	0.008459814	0.000248585	0.000000505	-0.000000956	0.020436627	0.013847310	0.000514818	-0.005370907	0.014171469	-0.018874411	-0.004682046	0.007167257	-0.001132866	0.000000185	-0.001776618	-0.009520864	-0.000000339	-0.023264687	0.013592041	0.000000468	0.004259156	0.000000056	-0.000000119	0.003798304	0.000127240	0.010853781	0.000000270	-0.000000557	-0.010710332	0.009156908	-0.000000238	0.003298453	-0.003222782	0.000000027	0.000000202	-0.007040639	0.003821245	-0.000000930	-0.000869934	-0.000111765	-0.009931148	-0.009934970	-0.000681135	0.001491127	0.000000102	-0.003048956	-0.011671679	-0.000000324	0.018151795	0.014952858	0.000000413	0.002127013	0.000000063	-0.000000239	0.000177600	0.002722024	0.002060036	0.000000265	-0.000000069	-0.002187268	0.006605373	-0.000000084	0.000576343	0.000285708	-0.000000239	-0.000000431	0.004000456	-0.001535792	0.147462707	0.019123323	-0.043699434	-0.348037290	-0.354870860	0.018739371	0.019197631	0.000000570	0.034745584	0.043843915	0.000001282	0.360811196	0.227601510	0.000006976	-0.038222871	0.000001393	0.000001346	0.020910659	0.045464252	0.046720547	-0.000002517	-0.000000938	-0.050858362	-0.080016419	-0.000001344	-0.027104104	-0.018383217	0.000000917	0.000001547	-0.005596018	0.045760088	-0.000585060	0.002620459	-0.007048488	0.001976597	-0.000158820	-0.000700613	-0.000585447	0.002620217	-0.007048132	0.001977603	-0.000158191	0.000699689	-0.002208678	0.012440845	-0.016313680	-0.002042720	0.004050886	0.000000110	0.001210048	-0.001271899	-0.007373971	-0.000208036	0.000534844	-0.000360438	0.001209963	-0.001272039	-0.007374445	-0.000208041	0.000535167	0.000360480	-0.002614529	0.004486044	-0.013355299	0.003536765	0.002847793	0.000000009	-0.008248353	-0.003364886	-0.065481540	-0.003768262	-0.010893925	-0.000000315	-0.145109590	0.247170634	0.058156999	-0.013495894	-0.011504539	-0.000000368		A12: R75*s(0)
0.033577772	-0.018113268	0.001103668	-0.005161719	0.000170886	-0.060267552	0.031063664	0.000000561	0.025509270	-0.008878194	-0.000000204	-0.015957781	0.002592434	0.000000417	0.037022452	0.000002881	-0.000002399	0.013046954	0.146266347	0.015685175	-0.000000653	0.000000462	-0.045989518	-0.046944984	0.000000441	0.044669055	0.005538676	0.000002697	-0.000002235	0.015527052	0.077285008	0.024543655	-0.006619285	0.018703348	-0.001568810	-0.000602543	0.027000860	0.009703889	-0.000000028	-0.002082166	-0.016184116	-0.000000388	0.001572692	-0.001335355	-0.000001174	-0.004319718	-0.000000849	-0.000001160	0.039722537	-0.038661832	0.026391605	0.000000234	-0.000001775	-0.027422728	0.033504957	0.000000081	0.005491436	-0.006899440	0.000000311	-0.000000225	-0.013368444	0.016218721	0.125489356	-0.006389236	-0.036301162	0.000767984	0.001550814	0.027492989	0.030330185	0.000000419	0.000361421	0.026470294	0.000000277	0.000809201	0.003338753	0.000000011	-0.015458284	0.000000158	0.000001136	-0.041277795	0.009816199	-0.028645068	0.000001395	0.000000663	-0.004744600	0.040680705	0.000001735	-0.007454931	0.038625986	0.000000622	-0.000000963	0.013966604	-0.006259654	0.159555322	-0.101141562	-0.148004165	-0.028696787	0.012771207	-0.112867949	-0.133100686	-0.000004187	0.269518147	0.123287497	0.000003847	0.024654349	0.029439961	0.000001427	-0.175892156	0.000003897	0.000005247	0.121078046	0.107115702	0.141450418	-0.000010367	-0.000007103	-0.010992069	-0.339883660	-0.000008541	-0.134632181	-0.107594342	-0.000001375	0.000014753	-0.224218262	0.093723046	0.009540795	0.017555206	-0.000966840	0.020200985	-0.007818509	-0.008189688	0.009540219	0.017555235	-0.000965458	0.020200587	-0.007816478	0.008188314	-0.024688953	0.006636054	0.002352148	-0.019905555	0.003806007	0.000000429	-0.001356593	-0.000957124	0.001348937	0.006647984	-0.000726376	-0.001392027	-0.001356747	-0.000957098	0.001347860	0.006647910	-0.000726521	0.001392390	0.019361664	-0.012989732	-0.000685411	-0.000546563	0.008268488	-0.000000193	0.053490141	-0.041595447	0.003776677	-0.029645282	0.014137276	0.000000385	0.036259379	0.210822377	-0.013495894	2.780996693	0.292009567	0.000009200		A12*: R76*p(0)
0.572062190	-0.306583461	-0.151369163	-0.009847927	-0.005822994	-0.091493417	0.013200688	-0.000001355	0.055545906	0.014626756	0.000000947	0.004970591	-0.000920576	-0.000000247	0.186859877	-0.000009641	-0.000009659	0.003104029	-0.201367699	-0.139708533	0.000001957	0.000006563	-0.018442656	0.063476160	0.000007781	0.085582929	0.083540293	0.000004898	-0.000010253	0.173909210	0.055738740	-0.052667562	-0.088665307	0.040275287	0.008057711	-0.000859329	0.050204705	-0.000042260	-0.000002048	0.003440174	-0.015288743	0.000000450	0.007444987	-0.004199337	0.000000364	-0.042031633	0.000000214	0.000003209	-0.029954277	-0.025386901	0.059482752	0.000003070	-0.000001176	0.014749803	0.094705391	0.000001528	0.033206966	0.004701483	-0.000000828	-0.000003974	0.033728508	-0.033792926	0.239182581	-0.148202605	-0.063203058	0.001575495	0.000891499	-0.072070945	-0.020780125	0.000001650	0.028758246	0.025381368	-0.000000740	-0.007530014	-0.000150447	-0.000000993	-0.010771060	0.000001410	0.000000527	-0.021992815	0.047593553	0.007203626	0.000000012	-0.000001098	-0.022489803	-0.014551800	0.000001318	0.022022971	0.035073025	0.000000616	-0.000002280	0.012355134	-0.026219261	0.081749098	-0.186331742	-0.020206437	-0.010637449	0.006732160	-0.098816596	0.017633808	-0.000002129	0.021669895	0.126805091	0.000003584	0.026882935	-0.009586577	0.000000393	-0.067269270	0.000006497	0.000004945	-0.077318736	0.301666415	0.180201266	-0.000002691	-0.000003142	-0.296269186	0.174917473	-0.000010577	-0.148712019	-0.021775002	0.000006921	0.000007528	0.232337141	0.015368214	0.015845287	0.022492771	-0.001960267	0.017882430	-0.026738989	0.000092499	0.015842096	0.022496002	-0.001960887	0.017883372	-0.026739535	-0.000089699	0.038789178	0.007675338	-0.004607043	0.045512369	-0.037771367	-0.000000482	-0.005407096	-0.020602372	0.003169483	-0.026892015	-0.008386765	-0.002369619	-0.005407422	-0.020600671	0.003168628	-0.026893777	-0.008388159	0.002367606	0.009668048	-0.024255536	0.003090236	-0.001573246	0.007626632	-0.000001003	-0.006969031	0.157381639	-0.010891346	-0.014235081	0.093412117	0.000004168	0.025338250	0.088679019	-0.011504539	0.292009567	2.635001501	0.000013062		A12*: R76*p(1)
0.000015873	-0.000009194	-0.000004132	-0.000000517	-0.000000207	-0.000001798	0.000000376	-0.001513783	0.000001852	0.000001091	-0.025779238	-0.000000012	-0.000000404	0.003374535	0.000006799	0.123505551	0.020633409	0.000000544	-0.000008900	-0.000003783	-0.002840311	0.002839366	-0.000000359	0.000001630	-0.045678847	0.000003359	0.000004419	0.019334232	0.000414339	0.000004715	0.000001027	-0.000002405	-0.000002401	0.000001828	-0.000000198	0.000000018	0.000000809	-0.000000398	0.028172072	0.000000432	-0.000000743	0.005319658	-0.000000011	-0.000000737	0.001038532	-0.000001630	-0.006371205	-0.012141286	-0.000001315	-0.000000526	0.000002699	-0.036812665	0.001220070	0.000001434	0.000003216	0.017196857	0.000002614	-0.000000736	-0.004520507	0.044858669	0.000002520	-0.000000871	0.000008125	-0.000006200	-0.000002783	-0.000000045	-0.000000252	-0.000002109	-0.000000202	-0.043671857	0.000001124	0.000000644	0.015970097	0.000000143	0.000000214	-0.001289483	-0.000000084	0.000342007	-0.001292174	-0.000000530	0.000001609	0.000000271	-0.006803980	0.008218270	-0.000000993	-0.000000231	-0.005314379	0.000001480	0.000001219	0.008778149	0.024220623	0.000001422	-0.000000724	0.000002430	-0.000005856	-0.000000868	-0.000000350	0.000000214	-0.000003265	-0.000002235	0.081414690	0.000001106	0.000003629	0.007415828	0.000000875	0.000000635	-0.030383521	-0.000001072	0.073111194	0.015687168	-0.000001684	0.000006356	0.000010861	0.226587252	0.101836472	-0.000006014	-0.000002130	0.296387876	-0.000020683	-0.000012546	-0.214779397	-0.328736095	-0.000004699	0.000008754	-0.002063243	0.013158452	-0.000104598	0.012870596	-0.012920655	-0.010448280	0.002065807	-0.013157026	0.000103659	-0.012869937	0.012917033	-0.010447856	0.000002084	0.000000589	-0.000000167	0.000002196	-0.000001600	-0.002672268	0.006736690	0.014298803	-0.000801369	-0.011200678	-0.008308196	0.006815721	-0.006738088	-0.014300035	0.000801894	0.011198945	0.008308958	0.006816563	0.000000198	-0.000000587	0.000000217	0.000000780	0.000000323	0.005089952	-0.000000194	0.000004330	-0.000000320	-0.000000317	0.000004208	-0.046485467	0.000000684	0.000002965	-0.000000368	0.000009200	0.000013062	2.186432370		A12*: R76*p(-1)