Fock matrix in AO basis
172	172
A1: R1*s(0)	A1: R2*s(0)	A1: R3*s(0)	A1: R4*s(0)	A1: R5*s(0)	A1: R6*p(0)	A1: R6*p(1)	A1: R6*p(-1)	A1: R7*p(0)	A1: R7*p(1)	A1: R7*p(-1)	A1: R8*p(0)	A1: R8*p(1)	A1: R8*p(-1)	A1: R9*d(0)	A1: R9*d(1)	A1: R9*d(-1)	A1: R9*d(2)	A1: R9*d(-2)	A1: R10*d(0)	A1: R10*d(1)	A1: R10*d(-1)	A1: R10*d(2)	A1: R10*d(-2)	A1: R11*f(0)	A1: R11*f(1)	A1: R11*f(-1)	A1: R11*f(2)	A1: R11*f(-2)	A1: R11*f(3)	A1: R11*f(-3)	A2: R12*s(0)	A2: R13*s(0)	A2: R14*s(0)	A2: R15*s(0)	A2: R16*s(0)	A2: R17*p(0)	A2: R17*p(1)	A2: R17*p(-1)	A2: R18*p(0)	A2: R18*p(1)	A2: R18*p(-1)	A2: R19*p(0)	A2: R19*p(1)	A2: R19*p(-1)	A2: R20*d(0)	A2: R20*d(1)	A2: R20*d(-1)	A2: R20*d(2)	A2: R20*d(-2)	A2: R21*d(0)	A2: R21*d(1)	A2: R21*d(-1)	A2: R21*d(2)	A2: R21*d(-2)	A2: R22*f(0)	A2: R22*f(1)	A2: R22*f(-1)	A2: R22*f(2)	A2: R22*f(-2)	A2: R22*f(3)	A2: R22*f(-3)	A3: R23*s(0)	A3: R24*s(0)	A3: R25*s(0)	A3: R26*s(0)	A3: R27*s(0)	A3: R28*p(0)	A3: R28*p(1)	A3: R28*p(-1)	A3: R29*p(0)	A3: R29*p(1)	A3: R29*p(-1)	A3: R30*p(0)	A3: R30*p(1)	A3: R30*p(-1)	A3: R31*d(0)	A3: R31*d(1)	A3: R31*d(-1)	A3: R31*d(2)	A3: R31*d(-2)	A3: R32*d(0)	A3: R32*d(1)	A3: R32*d(-1)	A3: R32*d(2)	A3: R32*d(-2)	A3: R33*f(0)	A3: R33*f(1)	A3: R33*f(-1)	A3: R33*f(2)	A3: R33*f(-2)	A3: R33*f(3)	A3: R33*f(-3)	A4: R34*s(0)	A4: R35*s(0)	A4: R36*s(0)	A4: R37*s(0)	A4: R38*s(0)	A4: R39*p(0)	A4: R39*p(1)	A4: R39*p(-1)	A4: R40*p(0)	A4: R40*p(1)	A4: R40*p(-1)	A4: R41*p(0)	A4: R41*p(1)	A4: R41*p(-1)	A4: R42*d(0)	A4: R42*d(1)	A4: R42*d(-1)	A4: R42*d(2)	A4: R42*d(-2)	A4: R43*d(0)	A4: R43*d(1)	A4: R43*d(-1)	A4: R43*d(2)	A4: R43*d(-2)	A4: R44*f(0)	A4: R44*f(1)	A4: R44*f(-1)	A4: R44*f(2)	A4: R44*f(-2)	A4: R44*f(3)	A4: R44*f(-3)	A5: R45*s(0)	A5: R46*s(0)	A5: R47*s(0)	A5: R48*p(0)	A5: R48*p(1)	A5: R48*p(-1)	A6: R49*s(0)	A6: R50*s(0)	A6: R51*s(0)	A6: R52*p(0)	A6: R52*p(1)	A6: R52*p(-1)	A7: R53*s(0)	A7: R54*s(0)	A7: R55*s(0)	A7: R56*p(0)	A7: R56*p(1)	A7: R56*p(-1)	A8: R57*s(0)	A8: R58*s(0)	A8: R59*s(0)	A8: R60*p(0)	A8: R60*p(1)	A8: R60*p(-1)	A9: R61*s(0)	A9: R62*s(0)	A9: R63*s(0)	A9: R64*p(0)	A9: R64*p(1)	A9: R64*p(-1)	A10: R65*s(0)	A10: R66*s(0)	A10: R67*s(0)	A10: R68*p(0)	A10: R68*p(1)	A10: R68*p(-1)	A11: R69*s(0)	A11: R70*s(0)	A11: R71*s(0)	A11: R72*p(0)	A11: R72*p(1)	A11: R72*p(-1)	A12: R73*s(0)	A12: R74*s(0)	A12: R75*s(0)	A12: R76*p(0)	A12: R76*p(1)	A12: R76*p(-1)	

-4.800725881	-11.169066641	-4.303548865	-2.272752243	-1.193695811	0.000001203	-0.002960528	-0.000000090	0.000000486	-0.001220656	-0.000000035	0.000000076	-0.000218898	0.000000019	-0.003250060	-0.000000003	0.000000171	-0.001068294	-0.000000856	-0.003367803	-0.000000004	0.000000161	-0.000430338	-0.000000335	0.000000019	-0.000000059	0.000103637	0.000000123	-0.000000006	-0.000004511	0.003780393	-0.000593133	0.000515189	-0.050286283	-0.370960325	-0.558651302	-0.030648751	0.019390447	0.000000419	-0.697440284	0.440401492	0.000009068	-0.839623643	0.530122344	0.000010906	0.018773326	0.000000608	-0.000000379	-0.014002996	0.029390787	0.668601141	0.000021479	-0.000013545	-0.498151987	1.045996035	-0.000007406	0.233729699	-0.147897870	0.000004109	-0.000008662	0.042252121	0.354912748	-0.000593133	0.000515188	-0.050286337	-0.370960475	-0.558651404	0.030633353	0.019414875	0.000000412	0.697090097	0.440956189	0.000009019	0.839201844	0.530789934	0.000010854	0.018773331	-0.000000612	-0.000000391	-0.013956253	-0.029413049	0.668601352	-0.000021375	-0.000013507	-0.496487910	-1.046787414	-0.000007400	-0.233612252	-0.148083741	0.000004120	0.000008622	-0.043098769	0.354811285	-0.001048821	0.000841497	-0.136412953	-0.551532801	-0.659501054	0.000055604	-0.138860296	-0.000003826	0.000479441	-1.197429617	-0.000032935	0.000418887	-1.046225461	-0.000028773	0.087782865	0.000000006	-0.000008357	0.151420227	0.000121257	0.898549587	0.000000032	-0.000085635	1.555546140	0.001245657	0.000044145	-0.000262280	0.654991525	0.000057031	0.000000028	-0.001017008	0.846680777	-0.000701966	-0.015653574	-0.236040280	0.001689445	-0.000939429	0.000176264	-0.000701971	-0.015654011	-0.236042404	0.001689464	-0.000939426	-0.000176348	-0.000815395	-0.014849996	-0.231588109	0.001440286	-0.001224609	0.000000022	-0.000701927	-0.015653694	-0.236040851	-0.001688697	-0.000940779	-0.000176307	-0.000701963	-0.015653494	-0.236039890	-0.001688688	-0.000940778	0.000176270	-0.000815386	-0.014850214	-0.231589383	-0.001439330	-0.001225747	-0.000000004	-0.001295593	-0.019506772	-0.251236493	0.000613938	0.001749913	0.000000074	-0.001295590	-0.019507008	-0.251237545	-0.000615308	0.001749509	0.000000073		A1: R1*s(0)
-11.169066641	-7.185968458	-3.884147253	-2.309728113	-1.287402878	0.000000100	0.000087272	0.000000060	-0.000000529	0.001403141	0.000000078	-0.000000254	0.000696898	0.000000031	0.007257191	0.000000006	-0.000000420	0.003460766	0.000002851	0.004347185	0.000000005	-0.000000230	0.001277850	0.000001059	-0.000000039	0.000000076	-0.000218356	-0.000000207	0.000000008	0.000007402	-0.006186913	0.000503568	-0.000613825	-0.090668161	-0.424842008	-0.615319269	-0.080332849	0.050731338	0.000001036	-0.762968765	0.481842487	0.000009890	-0.898824253	0.567847023	0.000011663	0.051852719	0.000001661	-0.000001047	-0.038633352	0.081126644	0.671074523	0.000021541	-0.000013612	-0.499337831	1.049133330	-0.000008887	0.279495018	-0.176187702	0.000004931	-0.000010336	0.050585965	0.423255886	0.000503566	-0.000613818	-0.090668195	-0.424842121	-0.615319337	0.080292576	0.050795259	0.000001038	0.762585631	0.482449237	0.000009862	0.898372474	0.568561667	0.000011623	0.051852804	-0.000001645	-0.000001033	-0.038504326	-0.081188110	0.671074736	-0.000021445	-0.000013573	-0.497668731	-1.049926448	-0.000008832	-0.279354996	-0.176410084	0.000004867	0.000010310	-0.051595604	0.423134316	0.000844211	-0.001911129	-0.203907344	-0.616000864	-0.723785490	0.000095446	-0.238452312	-0.000006545	0.000503964	-1.258736419	-0.000034629	0.000445952	-1.113794127	-0.000030640	0.150125862	-0.000000007	-0.000014334	0.261254034	0.000209228	0.863150989	0.000000024	-0.000082299	1.496444458	0.001198374	0.000043622	-0.000259103	0.647197434	0.000056291	0.000000069	-0.001002932	0.834927258	0.000509862	-0.024618409	-0.266741772	-0.002230296	0.001768740	0.000456007	0.000509851	-0.024619058	-0.266744113	-0.002230371	0.001768790	-0.000455956	0.000597843	-0.023254172	-0.261856258	-0.002485333	0.001052695	-0.000000007	0.000509843	-0.024618558	-0.266742376	0.002228916	0.001770534	-0.000455944	0.000509889	-0.024618252	-0.266741311	0.002228871	0.001770504	0.000455985	0.000597841	-0.023254531	-0.261857617	0.002484542	0.001054673	0.000000016	0.000912479	-0.029176116	-0.283594938	0.000521029	-0.003272874	-0.000000117	0.000912526	-0.029176431	-0.283596100	-0.000518461	-0.003273366	-0.000000095		A1: R2*s(0)
-4.303548865	-3.884147253	-2.209340681	-1.679799275	-1.156321177	-0.000011829	0.029636953	0.000001193	-0.000015990	0.039610363	0.000001668	-0.000007894	0.019664616	0.000000767	0.090349183	0.000000012	-0.000005093	0.041029534	0.000032750	0.127857983	0.000000018	-0.000006802	0.044487421	0.000035809	-0.000002043	0.000009151	-0.022034881	-0.000005873	0.000000032	0.000186015	-0.155235877	-0.050288975	-0.090564963	-0.253854098	-0.473260806	-0.606629083	-0.221443168	0.139530795	0.000002768	-0.634950133	0.401035421	0.000008173	-0.761828243	0.485560284	0.000010022	0.070011101	0.000002237	-0.000001417	-0.052502672	0.109203384	0.400733568	0.000012743	-0.000008322	-0.292515763	0.617354847	-0.000003967	0.122665001	-0.076794677	0.000002200	-0.000004530	0.021187846	0.181955996	-0.050289028	-0.090565029	-0.253854224	-0.473260941	-0.606629179	0.221332470	0.139706842	0.000002770	0.634631405	0.401540092	0.000008182	0.761441970	0.486165997	0.000010007	0.070011493	-0.000002144	-0.000001303	-0.052329068	-0.109287369	0.400733939	-0.000012699	-0.000008306	-0.291533471	-0.617819268	-0.000003845	-0.122604166	-0.076892797	0.000001956	0.000004519	-0.021621824	0.181905813	-0.136298887	-0.203345985	-0.421865576	-0.654765729	-0.714903653	0.000156571	-0.391112753	-0.000010729	0.000379098	-0.946902856	-0.000026093	0.000368812	-0.921137974	-0.000025306	0.101845597	-0.000000018	-0.000009792	0.180905674	0.000144879	0.471370199	0.000000030	-0.000044688	0.813189366	0.000651106	0.000018065	-0.000107173	0.268229980	0.000023070	0.000000129	-0.000407287	0.338989375	-0.005986583	-0.076680769	-0.294086157	-0.034760007	0.036325746	0.020085786	-0.005986777	-0.076681918	-0.294088305	-0.034761069	0.036326110	-0.020085199	-0.004934253	-0.074158950	-0.291796222	-0.051737496	0.006747968	0.000000298	-0.005986934	-0.076681052	-0.294086714	0.034731818	0.036353498	-0.020085073	-0.005986556	-0.076680547	-0.294085740	0.034731086	0.036353144	0.020085818	-0.004934426	-0.074159686	-0.291797519	0.051732666	0.006788974	0.000000342	-0.005627339	-0.093189505	-0.323027240	0.027870464	-0.059618203	-0.000001826	-0.005627471	-0.093190173	-0.323028364	-0.027823470	-0.059641252	-0.000001880		A1: R3*s(0)
-2.272752243	-2.309728113	-1.679799275	-1.403393564	-1.100701276	-0.000013101	0.032582819	0.000001380	-0.000023059	0.056662672	0.000002986	-0.000009174	0.022132053	0.000001847	0.116881879	0.000000000	-0.000006458	0.049354531	0.000039508	0.325456033	-0.000000014	-0.000016427	0.087389339	0.000070726	-0.000003698	0.000015778	-0.038382171	-0.000010933	-0.000000001	0.000351993	-0.294047277	-0.370471188	-0.424374905	-0.474342143	-0.579303092	-0.652393045	-0.215903794	0.135234330	0.000002799	-0.487899164	0.305454627	0.000006507	-0.644007539	0.407445554	0.000008839	0.042705708	0.000001420	-0.000000881	-0.032499535	0.065470779	0.288531464	0.000009004	-0.000006163	-0.205755124	0.428370968	-0.000003120	0.104319122	-0.083623038	0.000001856	-0.000004439	0.014879071	0.166130104	-0.370471331	-0.424375030	-0.474342185	-0.579303175	-0.652393228	0.215796171	0.135405988	0.000002749	0.487656203	0.305842668	0.000006403	0.643683343	0.407957939	0.000008758	0.042705983	-0.000001253	-0.000000754	-0.032395396	-0.065522825	0.288531926	-0.000008898	-0.000006184	-0.205073320	-0.428697748	-0.000003469	-0.104253123	-0.083706149	0.000001698	0.000004128	-0.015275140	0.166095251	-0.550760314	-0.614141892	-0.651090821	-0.742443293	-0.749981530	0.000132172	-0.330089465	-0.000009120	0.000278257	-0.695041247	-0.000019122	0.000303561	-0.758729943	-0.000020554	0.084663000	-0.000000031	-0.000007663	0.130210685	0.000104285	0.361367798	-0.000000011	-0.000032789	0.574713352	0.000459975	0.000015288	-0.000091135	0.227653023	0.000020108	0.000000090	-0.000363703	0.302830330	-0.056437306	-0.165785705	-0.356119174	-0.047978840	0.078440818	0.068216350	-0.056437882	-0.165786828	-0.356120839	-0.047980564	0.078440453	-0.068215845	-0.054925453	-0.164017462	-0.357050333	-0.111407495	-0.021306011	0.000000929	-0.056437770	-0.165785922	-0.356119469	0.047918370	0.078478785	-0.068215410	-0.056437155	-0.165785433	-0.356118745	0.047916811	0.078478337	0.068216672	-0.054925951	-0.164018299	-0.357051718	0.111424654	-0.021217883	0.000000604	-0.064047639	-0.196161001	-0.392561864	0.089428034	-0.105470570	-0.000003141	-0.064047927	-0.196161646	-0.392562735	-0.089344618	-0.105542618	-0.000003362		A1: R4*s(0)
-1.193695811	-1.287402878	-1.156321177	-1.100701276	-0.967943797	-0.000009418	0.023377544	0.000001013	-0.000016179	0.039230456	0.000002806	0.000002455	-0.007498274	0.000001991	0.095004127	-0.000000032	-0.000005153	0.037931668	0.000030411	0.395083610	-0.000000065	-0.000019036	0.080429408	0.000065389	-0.000003377	0.000013851	-0.033703989	-0.000010466	-0.000000067	0.000343274	-0.286894062	-0.557056338	-0.615317978	-0.609848737	-0.638160933	-0.654484422	-0.134264171	0.082961875	0.000001864	-0.313940053	0.192705269	0.000004547	-0.480474905	0.292520235	0.000006894	0.026102460	0.000000945	-0.000000640	-0.019698158	0.038270468	0.202225603	0.000006177	-0.000004516	-0.140129749	0.285337166	-0.000001378	0.067992682	-0.100660685	0.000001261	-0.000004334	0.004217482	0.141188757	-0.557056409	-0.615318033	-0.609848705	-0.638160926	-0.654484606	0.134197916	0.083068717	0.000001769	0.313786477	0.192955431	0.000004296	0.480242094	0.292902859	0.000006711	0.026102459	-0.000000735	-0.000000538	-0.019637097	-0.038301880	0.202225824	-0.000005940	-0.000004540	-0.139675377	-0.285560191	-0.000002774	-0.067913618	-0.100714059	0.000001368	0.000003470	-0.004553789	0.141179310	-0.657684016	-0.722208295	-0.709431328	-0.724536887	-0.702873813	0.000075993	-0.189637117	-0.000005445	0.000174546	-0.435842785	-0.000011985	0.000224756	-0.562356457	-0.000014930	0.074690368	-0.000000030	-0.000005968	0.079369207	0.000063541	0.294149757	-0.000000094	-0.000024309	0.380104783	0.000304121	0.000008953	-0.000054395	0.134601224	0.000013627	-0.000000049	-0.000274912	0.229207718	-0.125396640	-0.242853917	-0.394748672	-0.031398672	0.095701007	0.108429240	-0.125397147	-0.242854601	-0.394749489	-0.031400812	0.095699899	-0.108429534	-0.124352443	-0.242482084	-0.396910151	-0.133920321	-0.062450611	0.000001223	-0.125396933	-0.242853924	-0.394748494	0.031325556	0.095725460	-0.108428783	-0.125396415	-0.242853644	-0.394748232	0.031323330	0.095725015	0.108429850	-0.124352885	-0.242482578	-0.396911366	0.133969683	-0.062344675	0.000000525	-0.136204652	-0.264622348	-0.410673895	0.128316896	-0.105249889	-0.000003114	-0.136204913	-0.264622833	-0.410674415	-0.128233670	-0.105352700	-0.000003469		A1: R5*s(0)
0.000001203	0.000000100	-0.000011829	-0.000013101	-0.000009418	0.162901210	0.000024549	0.000000025	-0.474822156	0.000027319	0.000000027	-0.341251877	0.000011925	0.000000032	0.000008887	-0.000001126	0.000000027	0.000094076	-0.063238257	0.000006752	-0.000001858	0.000000055	0.000131995	-0.096762398	0.000000022	0.077212435	-0.000013694	-0.000000008	-0.000003665	0.027074963	0.000014160	0.031076871	0.079951964	0.219272554	0.213625982	0.131936105	0.196727524	-0.162404567	-0.000003176	0.152665885	-0.182961745	-0.000003593	-0.006734002	-0.104316572	-0.000002024	-0.053285389	-0.000002138	0.000001811	0.001429324	-0.103078789	-0.007849269	-0.000001373	0.000002177	-0.090329509	-0.065297563	-0.000000423	0.033120388	-0.008376646	0.000001030	-0.000000192	-0.037700491	0.045593205	-0.031061223	-0.079911910	-0.219162463	-0.213519301	-0.131874519	0.196469562	0.162526107	0.000003253	0.152375367	0.183101171	0.000003656	-0.006892243	0.104405134	0.000002101	0.053258079	-0.000002185	-0.000001945	-0.001195751	-0.103062458	0.007845012	-0.000001350	-0.000002167	0.090566177	-0.065210542	0.000000310	0.033108416	0.008381387	-0.000000686	-0.000000139	-0.037650351	-0.045669445	-0.000055599	-0.000095198	-0.000156517	-0.000132398	-0.000075526	-0.104943880	-0.000189428	-0.000000090	-0.183379657	-0.000173258	-0.000000040	-0.198055356	-0.000087121	-0.000000015	0.000014689	-0.000003095	0.000000044	0.000117163	-0.112005777	-0.000012486	-0.000006297	-0.000000004	0.000171394	-0.231520986	0.000000174	0.014947004	-0.000030995	0.000000479	-0.000002421	0.054358414	0.000017005	0.002440257	0.046905588	0.071790712	0.028554308	-0.033574755	-0.015354608	0.002440651	0.046906984	0.071792203	0.028555395	-0.033575590	0.015354933	0.004809274	0.070352414	0.113173859	0.064973143	-0.011107220	-0.000001159	-0.002437287	-0.046867625	-0.071731386	0.028502489	0.033576247	-0.015340345	-0.002437272	-0.046866783	-0.071730359	0.028501909	0.033575572	0.015340757	-0.004810057	-0.070345725	-0.113168268	0.064955832	0.011158574	0.000000807	-0.006178779	-0.034942754	-0.050847777	0.008803101	-0.030141216	-0.000000727	0.006176457	0.034878299	0.050747989	0.008753639	0.030093454	0.000000760		A1: R6*p(0)
-0.002960528	0.000087272	0.029636953	0.032582819	0.023377544	0.000024549	0.101554552	-0.000004075	0.000027338	-0.543008905	-0.000005059	0.000012038	-0.371091909	-0.000001861	-0.021785979	0.000000027	0.000003826	-0.109170582	-0.000112710	-0.016506791	0.000000020	0.000003704	-0.137601132	-0.000148724	0.000005484	-0.000013569	0.112042930	0.000005576	0.000000045	-0.000042544	0.043799961	-0.019710663	-0.050443540	-0.138595013	-0.134117357	-0.077496845	-0.162168788	0.043639616	0.000002182	-0.182158921	-0.022923098	0.000002154	-0.094871791	-0.118309621	0.000000643	0.034648133	0.000001877	-0.000000253	-0.088258294	0.023686700	0.005008494	0.000001505	0.000001468	-0.167235091	-0.071108068	0.000000358	-0.006486612	0.026940353	0.000000956	0.000000881	-0.073804677	-0.016971784	-0.019735375	-0.050507145	-0.138769617	-0.134287274	-0.077601654	0.162290691	0.043898080	0.000002210	0.182298675	-0.022632589	0.000002184	0.094960476	-0.118151350	0.000000661	0.034690864	-0.000001873	-0.000000243	-0.088221469	-0.023909833	0.005014688	-0.000001487	0.000001422	-0.167275919	0.070790377	0.000000430	0.006490891	0.026952612	0.000000841	-0.000000983	0.073814780	-0.016831314	0.138834610	0.237800625	0.391014607	0.330714998	0.188577561	-0.000189421	0.368274969	0.000014838	-0.000173262	0.249386364	0.000013453	-0.000087027	0.019414519	0.000006620	-0.036594378	-0.000000023	0.000006776	-0.068912833	-0.000099989	0.031250110	-0.000000002	0.000002964	0.035021397	-0.000064670	0.000005382	-0.000030463	0.091734947	0.000007099	0.000000130	-0.000123251	0.120630260	-0.003615570	-0.048837594	-0.076276663	-0.032666312	0.027075250	0.017507164	-0.003616120	-0.048838310	-0.076276462	-0.032667354	0.027075799	-0.017507155	0.000787146	-0.008831243	-0.007373544	-0.011476375	0.000108522	0.000000005	-0.003617750	-0.048875161	-0.076333440	0.032668188	0.027128101	-0.017518697	-0.003617406	-0.048874462	-0.076333116	0.032667475	0.027127466	0.017519387	0.000783323	-0.008887236	-0.007463207	0.011527993	0.000126298	0.000000077	0.002904836	0.081087316	0.124991341	-0.031414882	0.068185290	0.000002532	0.002910083	0.081115804	0.125032146	0.031367456	0.068234511	0.000002551		A1: R6*p(1)
-0.000000090	0.000000060	0.000001193	0.000001380	0.000001013	0.000000025	-0.000004075	0.256895193	0.000000031	-0.000005013	-0.348779790	0.000000011	-0.000001736	-0.301344234	0.000000564	-0.000009016	0.023009926	-0.000002268	-0.000000001	0.000001900	-0.000019850	0.049792148	-0.000002206	-0.000000026	0.061364099	-0.000000003	-0.000002226	0.028616568	0.000023341	-0.000000039	0.000000468	-0.000000398	-0.000001013	-0.000002873	-0.000002701	-0.000001375	-0.000003680	0.000002245	-0.065597750	-0.000003806	0.000002232	-0.133711103	-0.000001729	0.000000556	-0.158264970	0.000002320	-0.067013998	0.042957348	-0.000000952	0.000001846	0.000003640	-0.148380753	0.099484441	-0.000001497	0.000001355	0.047277954	0.000001639	-0.000000735	-0.024442922	0.054854833	-0.000000174	0.000000582	-0.000000398	-0.000001035	-0.000002861	-0.000002714	-0.000001385	0.000003468	0.000002360	-0.065597627	0.000003726	0.000002190	-0.133711002	0.000001695	0.000000526	-0.158264984	0.000002322	0.066979886	0.043010808	-0.000000827	-0.000001973	0.000003607	0.148301478	0.099602457	-0.000001517	-0.000001330	0.047277625	-0.000001657	-0.000001309	-0.024355821	-0.054893320	0.000000123	0.000000212	0.000003831	0.000006540	0.000010724	0.000009130	0.000005321	0.000000045	0.000014865	-0.170127266	0.000000059	0.000013706	-0.243082882	0.000000039	0.000006978	-0.222901132	-0.000006470	0.000045951	-0.114752760	-0.000004974	0.000000014	-0.000008627	0.000078709	-0.196577704	-0.000004565	-0.000000001	0.030071672	0.000000001	-0.000000962	0.035779515	0.000028666	-0.000000005	0.000002073	-0.006845280	-0.030415200	-0.042995533	-0.014907605	0.019535788	0.005399922	0.006845631	0.030414974	0.042994684	0.014907590	-0.019535437	0.005399967	-0.000000152	-0.000001079	-0.000001345	-0.000000968	0.000000088	-0.008997736	0.006845343	0.030414337	0.042994151	-0.014890966	-0.019546537	0.005399412	-0.006845395	-0.030415311	-0.042995801	0.014892484	0.019547972	0.005399975	-0.000000174	-0.000000786	-0.000000909	0.000000810	-0.000000044	-0.008997553	0.000000153	0.000002221	0.000003484	-0.000000953	0.000002676	-0.029721830	0.000000154	0.000002340	0.000003598	0.000001081	0.000002642	-0.029722166		A1: R6*p(-1)
0.000000486	-0.000000529	-0.000015990	-0.000023059	-0.000016179	-0.474822156	0.000027338	0.000000031	-0.495811692	0.000061697	0.000000016	-0.547913426	0.000035930	-0.000000010	0.000012082	-0.000001645	0.000000013	0.000138017	-0.094186560	0.000021454	-0.000007137	-0.000000009	0.000500469	-0.384895747	0.000000010	0.199794674	-0.000034434	0.000000007	-0.000008775	0.058231316	0.000027877	0.697542564	0.761222339	0.631122999	0.482163536	0.293378416	0.148821704	-0.178387533	-0.000003742	0.042099179	-0.122928207	-0.000002737	-0.114251020	-0.085746906	-0.000001925	0.003403615	-0.000000109	-0.000000031	-0.019167063	0.005188098	0.024294700	0.000000194	-0.000000186	-0.049523416	0.030182489	0.000000127	-0.017368214	0.036565438	-0.000000466	0.000001199	0.013133795	-0.050854713	-0.697192134	-0.760840132	-0.630805772	-0.481920748	-0.293234865	0.148537391	0.178523499	0.000003752	0.041901295	0.123026349	0.000002662	-0.114381338	0.085832617	0.000001885	-0.003396214	-0.000000103	-0.000000211	0.019175980	0.005206157	-0.024272078	0.000000346	-0.000000002	0.049509150	0.030217923	-0.000000744	-0.017330142	-0.036555560	0.000000364	0.000001069	0.013026570	0.050865879	-0.000479029	-0.000502268	-0.000375207	-0.000272518	-0.000159755	-0.180413811	-0.000170163	-0.000000089	-0.186814008	-0.000102082	-0.000000046	-0.279508213	-0.000062519	-0.000000019	0.000011497	-0.000000643	0.000000120	0.000025584	-0.025861131	-0.000002134	-0.000001345	0.000000027	0.000025570	-0.057018638	0.000000106	0.014560105	0.000035645	0.000000182	-0.000000549	0.000143700	0.000051658	0.072499655	0.186930159	0.198603622	0.034686381	-0.112470996	-0.099255397	0.072501952	0.186932752	0.198605979	0.034689045	-0.112471335	0.099256372	0.116561500	0.250197677	0.267230727	0.187442579	0.045757300	-0.000003386	-0.072436298	-0.186798599	-0.198462059	0.034552794	0.112443597	-0.099183588	-0.072435229	-0.186796932	-0.198460391	0.034550633	0.112442085	0.099184653	-0.116556445	-0.250147115	-0.267181693	0.187436243	-0.045575702	0.000001856	-0.061004595	-0.084247824	-0.082786293	0.016640820	-0.060596315	-0.000001478	0.060907530	0.084010501	0.082536175	0.016451935	0.060479577	0.000001682		A1: R7*p(0)
-0.001220656	0.001403141	0.039610363	0.056662672	0.039230456	0.000027319	-0.543008905	-0.000005013	0.000061697	-0.648416325	-0.000014058	0.000035999	-0.636280747	-0.000010825	-0.029456190	0.000000015	0.000005546	-0.157880496	-0.000163973	-0.052122927	-0.000000035	0.000016209	-0.487126470	-0.000542566	0.000014855	-0.000034375	0.285891948	0.000014933	0.000000022	-0.000102021	0.103006969	-0.440705082	-0.480607297	-0.398706414	-0.305188434	-0.180816575	-0.178681620	-0.022469200	0.000002603	-0.125353759	-0.081084388	0.000001371	-0.078330607	-0.221176667	-0.000001857	-0.008828237	0.000000149	0.000000184	-0.021892184	-0.015262321	-0.028271670	-0.000001328	0.000001628	-0.042145610	-0.054017117	0.000000094	0.011450232	-0.030172439	-0.000000039	-0.000000823	0.017395811	0.024961343	-0.441259804	-0.481212620	-0.399208210	-0.305571539	-0.181049388	0.178817712	-0.022184880	0.000002493	0.125451532	-0.080887025	0.000001277	0.078415559	-0.221046802	-0.000001917	-0.008830815	-0.000000207	0.000000252	-0.021901020	0.015231193	-0.028291045	0.000001278	0.000001786	-0.042192398	0.053974357	-0.000000267	-0.011440668	-0.030211013	-0.000000137	0.000000731	-0.017445504	0.024959980	1.196329578	1.254472880	0.937277580	0.680459795	0.398108141	-0.000170223	0.244698682	0.000013107	-0.000101977	0.067594560	0.000007498	-0.000061908	-0.124787142	0.000002055	-0.028882254	0.000000052	0.000002545	-0.012216344	-0.000020121	0.005954614	0.000000060	-0.000001648	0.050569836	0.000017658	-0.000005028	0.000035593	-0.074461102	-0.000007371	-0.000000006	0.000154857	-0.129000987	-0.081127376	-0.167844977	-0.180847373	-0.059681211	0.069745766	0.089947919	-0.081128171	-0.167845227	-0.180845900	-0.059683813	0.069744666	-0.089947801	-0.007341827	-0.064358949	-0.062327405	-0.053804204	-0.042325203	0.000000407	-0.081185227	-0.167993561	-0.181003726	0.059655271	0.069882145	-0.090025637	-0.081184181	-0.167992628	-0.181004172	0.059653747	0.069880898	0.090026981	-0.007434436	-0.064557831	-0.062538978	0.053986732	-0.042319027	0.000000245	0.121574158	0.297026388	0.312424863	-0.174935481	0.161549262	0.000005767	0.121623598	0.297094208	0.312491002	0.174819648	0.161736212	0.000006048		A1: R7*p(1)
-0.000000035	0.000000078	0.000001668	0.000002986	0.000002806	0.000000027	-0.000005059	-0.348779790	0.000000016	-0.000014058	-0.094449127	-0.000000018	-0.000010740	-0.202845124	0.000000591	-0.000011071	0.028041775	-0.000003395	-0.000000007	0.000000935	-0.000020734	0.051875240	-0.000011075	-0.000000075	0.123358045	-0.000000034	-0.000002137	0.043377412	0.000035313	-0.000000013	0.000002191	-0.000009043	-0.000009827	-0.000008122	-0.000005993	-0.000002962	-0.000004016	0.000002416	-0.141974815	-0.000002486	0.000001091	-0.141031256	-0.000000828	-0.000002504	-0.149294260	0.000000937	-0.028996146	0.009596586	-0.000000125	0.000000110	0.000000390	-0.010716430	-0.005416177	-0.000000904	-0.000001659	-0.018530695	-0.000000514	0.000000464	0.015361424	-0.022089117	-0.000000190	0.000000710	-0.000009008	-0.000009822	-0.000008115	-0.000006043	-0.000003007	0.000003840	0.000002554	-0.141974594	0.000002479	0.000001038	-0.141031043	0.000000823	-0.000002537	-0.149294277	0.000000696	0.028988542	0.009619998	-0.000000098	-0.000000236	-0.000000045	0.010720442	-0.005407541	-0.000001024	0.000001574	-0.018531057	0.000000530	-0.000000403	0.015326005	0.022113735	0.000000134	0.000000228	0.000032931	0.000034515	0.000025760	0.000018846	0.000011520	0.000000039	0.000013298	-0.236541564	0.000000044	0.000007932	-0.210579136	0.000000036	0.000003069	-0.191698237	-0.000002566	0.000015191	-0.037894578	-0.000001271	0.000000063	0.000000094	-0.000000695	0.001796765	0.000001218	0.000000021	0.003097707	0.000000150	-0.000001838	-0.006524827	-0.000005295	-0.000000079	-0.000003391	-0.053301824	-0.071247870	-0.053365918	-0.025627222	0.045671405	0.007752126	0.053301220	0.071244333	0.053361413	0.025626844	-0.045668821	0.007750205	-0.000001608	-0.000003348	-0.000002422	-0.000002835	-0.000000774	-0.034283673	0.053300320	0.071243460	0.053360882	-0.025589517	-0.045688461	0.007749356	-0.053302199	-0.071248253	-0.053366282	0.025591743	0.045692138	0.007752519	-0.000001208	-0.000002653	-0.000001897	0.000002426	-0.000000840	-0.034283462	0.000003445	0.000008171	0.000008775	-0.000004901	0.000005994	-0.058495478	0.000003533	0.000008363	0.000008904	0.000005115	0.000006043	-0.058496113		A1: R7*p(-1)
0.000000076	-0.000000254	-0.000007894	-0.000009174	0.000002455	-0.341251877	0.000012038	0.000000011	-0.547913426	0.000035999	-0.000000018	-0.620742407	0.000017550	-0.000000090	0.000005648	-0.000000776	-0.000000009	0.000070599	-0.048631595	0.000010332	-0.000006840	-0.000000093	0.000463654	-0.376627636	-0.000000024	0.144297330	-0.000019883	0.000000043	-0.000006078	0.038780820	0.000023116	0.838706186	0.897676054	0.757212359	0.601845951	0.379931247	-0.016984089	-0.097036875	-0.000002304	-0.068163827	-0.072292277	-0.000002096	-0.201748487	-0.037981680	-0.000001331	-0.008855340	-0.000000375	-0.000000073	-0.009072596	0.003488404	-0.018896145	-0.000001075	0.000000079	-0.028179985	0.002342708	-0.000000499	-0.001095925	0.102058764	-0.000000559	0.000003571	-0.004242006	-0.090932736	-0.838284666	-0.897224996	-0.756831276	-0.601541069	-0.379732124	-0.017139824	0.097112944	0.000002291	-0.068283739	0.072353905	0.000001923	-0.201820662	0.038016880	0.000001136	0.008866807	-0.000000193	-0.000000103	0.009078267	0.003502086	0.018921279	-0.000000640	-0.000000541	0.028212947	0.002378999	-0.000001190	-0.000999686	-0.102006587	-0.000000743	0.000002840	-0.004478755	0.090884832	-0.000418249	-0.000444684	-0.000362279	-0.000274280	-0.000162559	-0.199810884	-0.000084826	-0.000000017	-0.213624675	-0.000061143	-0.000000059	-0.288129431	-0.000025069	-0.000000022	0.000024747	-0.000000171	0.000000171	0.000013749	-0.013014200	0.000038474	-0.000001226	0.000000075	0.000033526	-0.052932947	-0.000000223	0.049606250	0.000022924	-0.000000907	-0.000003997	0.054734480	0.000120627	0.155507973	0.271235320	0.277702989	-0.005549494	-0.119802676	-0.142959966	0.155511193	0.271237996	0.277705389	-0.005546462	-0.119802175	0.142961628	0.250301093	0.360940502	0.354942485	0.182875810	0.120572375	-0.000003496	-0.155374592	-0.271046751	-0.277512012	-0.005660046	0.119745109	-0.142861054	-0.155372706	-0.271044872	-0.277510238	-0.005663030	0.119743591	0.142861615	-0.250285574	-0.360863152	-0.354852642	0.182920834	-0.120373705	0.000001424	-0.113658873	-0.106226089	-0.089189227	0.022542881	-0.042477031	-0.000000969	0.113466792	0.105929673	0.088908888	0.022338376	0.042398473	0.000001348		A1: R8*p(0)
-0.000218898	0.000696898	0.019664616	0.022132053	-0.007498274	0.000011925	-0.371091909	-0.000001736	0.000035930	-0.636280747	-0.000010740	0.000017550	-0.662569530	-0.000013117	-0.013542232	-0.000000023	0.000002719	-0.079992162	-0.000083400	-0.024442602	-0.000000104	0.000013765	-0.411979854	-0.000478911	0.000010021	-0.000020035	0.194078272	0.000009915	-0.000000066	-0.000054541	0.057479972	-0.529769703	-0.566851914	-0.478760611	-0.383233524	-0.250585270	-0.098279563	-0.112661890	0.000001653	-0.078175602	-0.145454483	0.000001085	-0.052643750	-0.244809141	-0.000002755	-0.013888013	0.000000061	-0.000000287	-0.013790836	-0.000453714	-0.031049218	-0.000000643	0.000000256	-0.045156082	-0.011250470	0.000000390	0.019462191	-0.067102467	0.000001203	-0.000001681	-0.026989317	0.046475658	-0.530436524	-0.567565606	-0.479362428	-0.383711617	-0.250886800	0.098355591	-0.112506294	0.000001382	0.078236526	-0.145334938	0.000000851	0.052677916	-0.244737623	-0.000002936	-0.013881225	-0.000000256	-0.000000101	-0.013784167	0.000434847	-0.031034189	0.000000410	0.000000984	-0.045152093	0.011180279	-0.000001063	-0.019409946	-0.067201260	0.000001007	0.000001649	0.026874022	0.046610236	1.044499109	1.110648723	0.905074746	0.685019393	0.404948522	-0.000084954	0.012229322	0.000005641	-0.000061169	-0.061388784	0.000002710	-0.000024374	-0.227306073	-0.000003167	-0.062410347	0.000000181	0.000003980	-0.007716758	-0.000011489	-0.095577461	0.000000184	0.000005727	0.022810304	-0.000003130	-0.000001653	0.000021273	-0.005956920	-0.000006186	-0.000000402	0.000187938	-0.138335462	-0.170849464	-0.240155814	-0.243193650	-0.024602800	0.067287502	0.125311234	-0.170849195	-0.240155050	-0.243191404	-0.024606650	0.067285376	-0.125311895	-0.020009250	-0.098031925	-0.113464597	-0.063762757	-0.068400990	0.000000506	-0.170972843	-0.240370852	-0.243412202	0.024546973	0.067401305	-0.125424714	-0.170971756	-0.240370222	-0.243413233	0.024545498	0.067399857	0.125425062	-0.020207905	-0.098318488	-0.113745770	0.063962070	-0.068445933	0.000000162	0.240301030	0.370544184	0.349999892	-0.212548553	0.120341670	0.000004359	0.240392134	0.370629103	0.350070930	0.212470287	0.120543946	0.000004684		A1: R8*p(1)
0.000000019	0.000000031	0.000000767	0.000001847	0.000001991	0.000000032	-0.000001861	-0.301344234	-0.000000010	-0.000010825	-0.202845124	-0.000000090	-0.000013117	-0.122116271	0.000000475	-0.000006327	0.015941699	-0.000001672	-0.000000007	0.000000215	-0.000005549	0.013698627	-0.000009999	-0.000000106	0.086402477	-0.000000064	-0.000001349	0.026340186	0.000021432	0.000000043	0.000001371	-0.000010878	-0.000011595	-0.000009672	-0.000007453	-0.000004225	-0.000002212	0.000001239	-0.177795201	-0.000001468	0.000000512	-0.176497740	-0.000000345	-0.000003635	-0.122072461	0.000001221	-0.026170287	-0.006310207	-0.000000055	0.000000150	0.000002064	-0.038181762	-0.027728862	-0.000000818	-0.000000929	0.017564416	0.000000573	-0.000001201	0.008178114	0.024280977	0.000000188	0.000001939	-0.000010834	-0.000011577	-0.000009693	-0.000007562	-0.000004349	0.000002164	0.000001324	-0.177795079	0.000001534	0.000000457	-0.176497560	0.000000364	-0.000003668	-0.122072458	0.000000615	0.026175324	-0.006288881	-0.000000244	-0.000000165	0.000000793	0.038203313	-0.027698264	-0.000001109	0.000000606	0.017564123	-0.000000647	-0.000002206	0.008216454	-0.024268242	-0.000000215	0.000001410	0.000028744	0.000030559	0.000024891	0.000018949	0.000011784	0.000000008	0.000006097	-0.208386104	-0.000000023	0.000003059	-0.167964463	-0.000000001	-0.000002103	-0.098832584	-0.000003793	0.000017898	-0.044634691	-0.000001357	0.000000122	-0.000005535	0.000024064	-0.060036352	-0.000001152	0.000000068	0.051206417	0.000000370	-0.000005612	0.047859283	0.000038181	-0.000000192	-0.000005528	-0.102223855	-0.093718094	-0.051130995	-0.008634112	0.041076433	0.014132292	0.102221331	0.093712286	0.051123720	0.008634476	-0.041073433	0.014129707	-0.000003243	-0.000004576	-0.000003133	-0.000002765	-0.000001791	-0.037361715	0.102220270	0.093711378	0.051123257	-0.008601397	-0.041079849	0.014128852	-0.102224556	-0.093718658	-0.051131373	0.008602162	0.041083402	0.014132801	-0.000002359	-0.000003700	-0.000002718	0.000002505	-0.000001698	-0.037361462	0.000006694	0.000010214	0.000009797	-0.000005870	0.000004515	-0.047766367	0.000006867	0.000010373	0.000009882	0.000006057	0.000004661	-0.047767001		A1: R8*p(-1)
-0.003250060	0.007257191	0.090349183	0.116881879	0.095004127	0.000008887	-0.021785979	0.000000564	0.000012082	-0.029456190	0.000000591	0.000005648	-0.013542232	0.000000475	2.398717629	-0.000000012	0.000000738	-0.031783839	-0.000024739	0.367435975	-0.000000022	0.000000870	-0.031925595	-0.000025395	0.000001303	-0.000011224	0.026381982	0.000002080	-0.000000015	-0.000133266	0.111001800	0.019238732	0.051424673	0.068094263	0.051085127	0.055617748	0.051124554	-0.033094511	-0.000002214	0.008226426	-0.006563385	-0.000000672	0.050629892	-0.035733953	-0.000001023	0.009359944	-0.000000485	0.000000199	-0.023832464	0.050755752	0.012455512	0.000002395	-0.000001734	-0.015784429	0.030867920	-0.000006799	0.120698176	-0.076094679	0.000003775	-0.000007996	0.023063729	0.187391136	0.019238743	0.051424748	0.068094643	0.051085477	0.055618012	-0.051098412	-0.033135489	-0.000002249	-0.008221199	-0.006570163	-0.000000728	-0.050601283	-0.035774370	-0.000001056	0.009359441	0.000000482	0.000000192	-0.023751308	-0.050792767	0.012455278	-0.000002391	-0.000001736	-0.015735157	-0.030892843	-0.000006777	-0.120637099	-0.076190270	0.000003782	0.000007970	-0.023510710	0.187334368	0.087797207	0.149718570	0.100605304	0.082620492	0.072855036	-0.000014057	0.035071307	0.000006532	-0.000010301	0.025718642	0.000002684	-0.000024368	0.061088454	0.000003820	0.073370211	0.000000007	-0.000009608	0.181839962	0.000145635	0.007728273	0.000000003	-0.000007443	-0.000378065	-0.000000234	0.000030573	-0.000084355	0.210630583	0.000035628	0.000000019	-0.000188411	0.156847614	0.002535925	0.016683539	0.028684475	0.008586222	-0.010242658	-0.012296450	0.002536507	0.016684600	0.028684953	0.008586982	-0.010243428	0.012296818	0.004857274	0.024582948	0.033108276	0.027961423	-0.001219885	-0.000000578	0.002536562	0.016684703	0.028685049	-0.008578808	-0.010250337	0.012296625	0.002535895	0.016683456	0.028684540	-0.008577934	-0.010249262	-0.012296413	0.004857616	0.024583431	0.033108701	-0.027960796	-0.001241984	-0.000000422	0.005719994	0.032157173	0.041350196	-0.018280877	0.032586543	0.000001695	0.005720107	0.032157327	0.041350247	0.018255121	0.032601480	0.000001769		A1: R9*d(0)
-0.000000003	0.000000006	0.000000012	0.000000000	-0.000000032	-0.000001126	0.000000027	-0.000009016	-0.000001645	0.000000015	-0.000011071	-0.000000776	-0.000000023	-0.000006327	-0.000000012	2.424617646	0.000012015	-0.000000004	-0.000002435	-0.000000008	0.398090943	0.000013065	0.000000003	-0.000002920	0.000006334	-0.000000014	-0.000000019	0.000048627	-0.031834520	-0.000001705	-0.000000008	0.000000605	0.000001659	0.000002213	0.000001218	0.000000557	0.000002201	-0.000002005	0.069498913	-0.000000066	-0.000000251	0.030201392	-0.000000042	-0.000000275	0.024900554	-0.000000563	0.047041983	-0.041952109	-0.000000908	0.000000620	0.000002635	-0.074368759	0.046356952	-0.000000730	0.000002803	0.128773360	0.000009159	-0.000006173	-0.073486159	0.149195207	0.000002342	0.000008029	-0.000000594	-0.000001656	-0.000002271	-0.000001309	-0.000000662	0.000002096	0.000001958	-0.069462309	-0.000000146	0.000000191	-0.030185888	-0.000000075	0.000000233	-0.024890780	0.000000523	0.046973798	0.041987820	0.000000936	0.000000544	-0.000002732	-0.074294415	-0.046381449	0.000000724	0.000002764	-0.128708239	0.000009103	0.000006153	0.073214619	0.149234860	0.000002344	-0.000008026	0.000000006	0.000000005	-0.000000008	-0.000000016	-0.000000019	0.000003136	-0.000000002	-0.000047396	0.000000946	0.000000003	-0.000017108	0.000000805	-0.000000007	-0.000018073	0.000000017	-0.030986453	-0.000003119	0.000000025	-0.000000037	0.000000000	0.008654842	0.000063193	0.000000003	-0.000005086	-0.000137593	0.000007460	-0.000000009	-0.000243551	0.081791005	0.000017853	0.000000028	0.010038496	0.022385575	0.009646800	0.012550284	-0.020633233	-0.006720497	-0.010038789	-0.022385396	-0.009646374	-0.012550595	0.020633027	-0.006720175	0.000000263	0.000001034	0.000000606	0.000001455	-0.000000194	0.010812658	0.010030317	0.022367007	0.009638815	-0.012520529	-0.020628676	0.006714470	-0.010030309	-0.022367799	-0.009639604	0.012520756	0.020629218	0.006715344	-0.000000193	-0.000000810	-0.000000560	0.000001029	0.000000183	-0.010810587	0.000000569	0.000001135	0.000000457	-0.000000442	0.000001330	-0.005166516	-0.000000588	-0.000001196	-0.000000494	-0.000000370	-0.000001477	0.005152894		A1: R9*d(1)
0.000000171	-0.000000420	-0.000005093	-0.000006458	-0.000005153	0.000000027	0.000003826	0.023009926	0.000000013	0.000005546	0.028041775	-0.000000009	0.000002719	0.015941699	0.000000738	0.000012015	2.395921708	0.000004000	-0.000000005	0.000000868	0.000013035	0.366306039	0.000004623	-0.000000008	-0.017188927	-0.000000023	0.000000310	-0.057958633	-0.000058373	0.000000024	-0.000004583	-0.000000406	-0.000001035	-0.000001318	-0.000001321	-0.000002182	-0.000001722	0.000000280	-0.045633103	-0.000000952	0.000000427	-0.019079828	-0.000002852	0.000002216	-0.012108081	0.000000354	-0.043027893	0.001603503	-0.000000541	-0.000000882	-0.000000941	0.047562342	-0.043608764	0.000001420	0.000000027	-0.082730201	-0.000006154	0.000003209	0.043601718	-0.097814927	0.000001624	-0.000005522	-0.000000403	-0.000001030	-0.000001331	-0.000001335	-0.000002200	0.000001773	0.000000227	-0.045688210	0.000000938	0.000000423	-0.019103614	0.000002837	0.000002214	-0.012127774	0.000000274	0.043063559	0.001670849	-0.000000631	0.000000974	-0.000001041	-0.047587047	-0.043683656	0.000001380	-0.000000041	-0.082833103	0.000006155	0.000003349	0.043504746	0.098003406	-0.000001575	-0.000005373	-0.000008341	-0.000014313	-0.000009798	-0.000007462	-0.000005439	0.000000003	-0.000006861	0.118318404	0.000000002	-0.000002635	0.042640414	0.000000001	-0.000004047	0.045091156	-0.000009590	-0.000003111	-0.023195590	-0.000017146	0.000000006	-0.000008358	0.000063222	-0.149216679	-0.000005575	0.000000009	0.343716253	0.000000103	-0.000059198	0.444690303	0.000388813	0.000000001	-0.000032744	-0.010324363	-0.022568908	-0.009212122	-0.016782551	0.017527823	0.006758746	0.010324431	0.022568219	0.009210133	0.016782436	-0.017527375	0.006758038	-0.000000015	-0.000000200	-0.000001063	-0.000000173	-0.000000139	-0.002757955	0.010332237	0.022585759	0.009217718	-0.016778470	-0.017557012	0.006763210	-0.010332357	-0.022586699	-0.009219788	0.016778491	0.017557213	0.006764249	0.000000052	-0.000000142	-0.000001064	0.000000140	-0.000000100	-0.002766559	-0.000000437	-0.000002747	-0.000003288	0.000001746	-0.000003084	0.016976564	-0.000000478	-0.000002854	-0.000003329	-0.000001852	-0.000003137	0.016980734		A1: R9*d(-1)
-0.001068294	0.003460766	0.041029534	0.049354531	0.037931668	0.000094076	-0.109170582	-0.000002268	0.000138017	-0.157880496	-0.000003395	0.000070599	-0.079992162	-0.000001672	-0.031783839	-0.000000004	0.000004000	2.304624778	-0.000015566	-0.031336393	0.000000004	0.000004627	0.254630948	-0.000014045	0.000005051	-0.000065324	0.085237905	0.000004492	0.000000008	-0.000046507	0.055340574	-0.013821218	-0.038699525	-0.052429429	-0.027461827	-0.004863258	-0.000972567	0.088846608	0.000000879	0.026399457	0.017262510	-0.000000060	0.029158932	-0.006649579	-0.000000474	-0.022424443	-0.000000841	-0.000000484	0.072435655	-0.002264250	-0.029417417	-0.000000792	0.000002074	-0.075904969	-0.091919380	0.000003703	-0.064219444	0.107336888	0.000001462	0.000005943	-0.235101223	-0.112137797	-0.013774844	-0.038570392	-0.052253521	-0.027358253	-0.004809284	0.000735618	0.088808886	0.000000826	-0.026406590	0.017272192	-0.000000089	-0.029148011	-0.006656083	-0.000000483	-0.022341685	0.000000866	-0.000000527	0.072429871	0.002263271	-0.029321740	0.000000838	0.000001962	-0.076181124	0.091712429	0.000003703	0.063801060	0.107229652	0.000001511	-0.000005955	0.235477932	-0.111092742	0.151108388	0.260786504	0.180659704	0.128250224	0.075909506	-0.000117343	0.067689967	0.000005150	-0.000027462	0.008847864	0.000001427	-0.000019991	0.006812726	0.000001448	0.181795165	-0.000000001	-0.000017083	0.284627594	0.000254212	0.030606659	0.000000015	-0.000006883	0.050069354	0.000188281	0.000025595	-0.000207613	0.239599525	0.000035256	0.000000074	-0.000891633	0.374111054	0.004765882	0.002005937	-0.002339904	0.006911376	0.006858206	-0.002510961	0.004765520	0.002005100	-0.002340102	0.006911092	0.006859115	0.002510408	-0.016502921	-0.044174159	-0.016518784	-0.048030392	0.002895550	0.000000736	0.004781028	0.002067769	-0.002295308	-0.006958037	0.006806315	0.002547154	0.004781105	0.002068015	-0.002295296	-0.006958009	0.006805999	-0.002547276	-0.016507236	-0.044156834	-0.016492284	0.048005577	0.002944474	0.000000471	0.006149535	0.044743098	0.048869791	-0.031354957	0.038357952	0.000001520	0.006182367	0.044809727	0.048894886	0.031349871	0.038453479	0.000001585		A1: R9*d(2)
-0.000000856	0.000002851	0.000032750	0.000039508	0.000030411	-0.063238257	-0.000112710	-0.000000001	-0.094186560	-0.000163973	-0.000000007	-0.048631595	-0.000083400	-0.000000007	-0.000024739	-0.000002435	-0.000000005	-0.000015566	2.322685054	-0.000024915	-0.000002941	-0.000000007	-0.000014063	0.271310156	0.000000006	0.039418268	0.000084576	-0.000000008	0.000000775	-0.022857806	0.000014571	0.029157716	0.081196779	0.110684333	0.065118424	0.033910362	0.104878839	-0.023992004	-0.000001928	-0.004031733	0.019451279	-0.000000241	-0.003524793	0.010573730	-0.000000282	0.051764567	0.000000549	-0.000000923	-0.000574558	0.072881757	0.060195459	0.000002709	-0.000001358	-0.081571713	0.054114225	-0.000007709	0.208929437	-0.099393171	0.000005852	-0.000008085	-0.068903688	0.303409773	-0.029179695	-0.081258350	-0.110768096	-0.065162274	-0.033917999	0.104861604	0.024217339	0.000001929	-0.004058055	-0.019426713	0.000000203	-0.003562881	-0.010587483	0.000000259	-0.051799328	0.000000533	0.000000914	0.000573578	0.072884498	-0.060242138	0.000002699	0.000001394	0.081364229	0.054389377	0.000007631	0.208951223	0.099729347	-0.000005794	-0.000008117	-0.067806092	-0.303748281	0.000121009	0.000208848	0.000144676	0.000102686	0.000060780	0.112726137	0.000099350	-0.000000001	0.029810377	0.000019008	0.000000018	0.021360053	0.000014001	0.000000008	0.000145597	-0.000000062	0.000000017	0.000254160	-0.032809221	0.000024536	-0.000005334	-0.000000018	0.000188442	-0.185262426	0.000000028	0.139659953	0.000247835	0.000000131	-0.000026942	0.552274263	0.000962898	0.009694967	0.039305488	0.028141023	0.026123600	-0.029562562	-0.023011760	0.009695413	0.039306239	0.028141357	0.026124902	-0.029563161	0.023011936	-0.002609518	0.010963568	0.016587804	0.014428251	0.006847178	-0.000000309	-0.009687584	-0.039302850	-0.028145072	0.026090101	0.029594639	-0.023007450	-0.009687265	-0.039302116	-0.028144729	0.026089163	0.029593739	0.023007723	0.002583202	-0.011033822	-0.016613966	0.014510151	-0.006831253	0.000000218	0.020481985	0.041612618	0.015671134	-0.015865524	0.043945705	0.000001393	-0.020472309	-0.041541070	-0.015592868	-0.015780732	-0.043897483	-0.000001420		A1: R9*d(-2)
-0.003367803	0.004347185	0.127857983	0.325456033	0.395083610	0.000006752	-0.016506791	0.000001900	0.000021454	-0.052122927	0.000000935	0.000010332	-0.024442602	0.000000215	0.367435975	-0.000000008	0.000000868	-0.031336393	-0.000024915	0.375795985	-0.000000097	0.000008530	-0.086614413	-0.000070221	0.000003011	-0.000019865	0.048427941	0.000006584	-0.000000007	-0.000358047	0.299187417	0.669078680	0.669027126	0.391890953	0.294811636	0.281017607	0.002202650	-0.008048395	-0.000003817	-0.007219879	-0.005454303	-0.000000440	0.156978468	-0.108425389	-0.000002622	0.024762211	0.000002583	-0.000002254	-0.023806422	0.054465746	0.052144006	0.000006051	-0.000004980	0.023688661	-0.040617010	-0.000005667	0.073762392	-0.026477258	0.000002070	-0.000003554	-0.001225754	-0.077897980	0.669078899	0.669027266	0.391891009	0.294811749	0.281017859	-0.002196058	-0.008050347	-0.000004003	0.007224340	-0.005449157	-0.000000729	-0.156892144	-0.108550838	-0.000002801	0.024762200	-0.000002635	-0.000002254	-0.023719660	-0.054503332	0.052143817	-0.000006111	-0.000005005	0.023623731	0.040654988	-0.000005196	-0.073740813	-0.026536244	0.000002052	0.000003930	0.001411404	-0.077895811	0.897447424	0.860233844	0.464667278	0.354686880	0.321976947	0.000013178	-0.033035911	0.000008590	-0.000000359	0.000922072	-0.000000194	-0.000071792	0.180317141	0.000006931	0.007760622	0.000000028	-0.000008095	0.027525350	0.000022057	0.054843430	0.000000050	-0.000014299	-0.103730813	-0.000082740	0.000012756	-0.000046781	0.117418615	0.000007134	0.000000033	0.000175681	-0.146427298	0.049356952	0.123806227	0.174232100	0.006769828	-0.053622964	-0.093912313	0.049360654	0.123809726	0.174233553	0.006771424	-0.053623925	0.093913492	0.082370964	0.140684043	0.181145656	0.089371015	0.053059040	-0.000002350	0.049360967	0.123809817	0.174233332	-0.006729459	-0.053629946	0.093912859	0.049356387	0.123805894	0.174231944	-0.006727696	-0.053627516	-0.093912754	0.082371400	0.140684200	0.181146349	-0.089412571	0.052988534	-0.000001382	0.093252653	0.164781926	0.202313234	-0.104999377	0.065598737	0.000004895	0.093252898	0.164781939	0.202313240	0.104947268	0.065682150	0.000005263		A1: R10*d(0)
-0.000000004	0.000000005	0.000000018	-0.000000014	-0.000000065	-0.000001858	0.000000020	-0.000019850	-0.000007137	-0.000000035	-0.000020734	-0.000006840	-0.000000104	-0.000005549	-0.000000022	0.398090943	0.000013035	0.000000004	-0.000002941	-0.000000097	0.578801631	0.000029394	0.000000054	-0.000012994	0.000008764	0.000000478	-0.000000069	0.000107697	-0.078997962	-0.000003355	-0.000000044	0.000021441	0.000021496	0.000012642	0.000008445	0.000004658	0.000001245	-0.000002494	0.169210551	-0.000001214	0.000000035	0.034456093	-0.000002045	-0.000000023	0.035953808	0.000002052	-0.071915716	0.061554257	-0.000000615	0.000003296	0.000005506	-0.200970501	0.217226065	0.000000754	0.000004651	0.129403799	0.000005565	-0.000004742	-0.019682247	0.176726243	0.000002518	0.000000541	-0.000021341	-0.000021404	-0.000012644	-0.000008534	-0.000004790	0.000001172	0.000002433	-0.169116681	-0.000001072	-0.000000200	-0.034427707	-0.000001878	-0.000000083	-0.035928486	-0.000002451	-0.071832744	-0.061568980	0.000000710	0.000002786	-0.000006431	-0.200646739	-0.217326487	-0.000000886	0.000004332	-0.129334246	0.000005460	0.000004655	0.019283254	0.176711449	0.000002467	-0.000000887	0.000000036	0.000000033	0.000000027	-0.000000008	-0.000000009	0.000006346	-0.000000012	-0.000081557	0.000001112	0.000000008	-0.000000510	0.000000114	-0.000000023	-0.000017312	0.000000077	0.011715315	0.000064089	0.000000093	-0.000005502	-0.000000000	0.146682968	0.000181416	0.000000001	-0.000015003	-0.000040061	0.000009139	-0.000000177	-0.000211126	0.190123265	0.000011860	-0.000000046	0.085620842	0.075762110	0.025612648	0.001218110	-0.049409826	-0.012248529	-0.085620454	-0.075756333	-0.025606276	-0.001218280	0.049404909	-0.012244795	0.000003960	0.000005552	0.000004142	0.000004458	0.000001659	0.056818232	0.085550588	0.075703256	0.025587133	-0.001168616	-0.049386464	0.012239619	-0.085552660	-0.075710191	-0.025594095	0.001168994	0.049390829	0.012244840	-0.000002791	-0.000004637	-0.000003891	0.000003554	-0.000001204	-0.056804680	0.000003973	0.000003326	0.000000979	-0.000000916	0.000001973	-0.018085111	-0.000004058	-0.000003440	-0.000000963	-0.000000522	-0.000002396	0.018031605		A1: R10*d(1)
0.000000161	-0.000000230	-0.000006802	-0.000016427	-0.000019036	0.000000055	0.000003704	0.049792148	-0.000000009	0.000016209	0.051875240	-0.000000093	0.000013765	0.013698627	0.000000870	0.000013065	0.366306039	0.000004627	-0.000000007	0.000008530	0.000029394	0.506403339	0.000019495	-0.000000064	-0.022310547	-0.000000080	-0.000001512	-0.112177567	-0.000120764	0.000000074	-0.000012679	-0.000013599	-0.000013550	-0.000007713	-0.000006356	-0.000008741	-0.000001826	-0.000000874	-0.117573608	-0.000001264	0.000000477	-0.035270421	-0.000008325	0.000007514	-0.031718878	-0.000001348	0.043544139	-0.053821734	0.000001558	-0.000001203	-0.000002437	0.190412632	-0.074222582	0.000004047	0.000001034	-0.087623909	-0.000005304	0.000000228	0.148335640	-0.057613376	0.000003482	-0.000001549	-0.000013554	-0.000013507	-0.000007788	-0.000006466	-0.000008856	0.000002046	-0.000000947	-0.117707825	0.000001220	0.000000616	-0.035297298	0.000008256	0.000007577	-0.031747153	-0.000001845	-0.043558992	-0.053905322	0.000001144	0.000001548	-0.000003187	-0.190513634	-0.074546767	0.000003802	-0.000001147	-0.087726994	0.000005409	0.000000563	0.148259629	0.057989636	-0.000003340	-0.000001123	-0.000085497	-0.000082062	-0.000044480	-0.000032244	-0.000023848	0.000000043	-0.000003239	0.203736464	0.000000050	0.000001696	0.001332340	0.000000005	-0.000005577	0.043053605	-0.000007298	0.000064036	-0.148255721	-0.000006849	0.000000062	-0.000014985	0.000181403	-0.306556169	-0.000004117	-0.000000006	0.100312426	0.000000387	-0.000016293	0.147028813	0.000193704	-0.000000183	0.000002472	-0.086482789	-0.066030617	-0.023693430	-0.013192666	0.024892572	0.005626790	0.086480938	0.066025233	0.023684279	0.013191089	-0.024889112	0.005623035	-0.000000544	-0.000002089	-0.000005267	-0.000001543	-0.000001408	-0.017070476	0.086548099	0.066085098	0.023704405	-0.013173932	-0.024939799	0.005632656	-0.086550822	-0.066091030	-0.023713893	0.013173880	0.024941569	0.005637250	-0.000000233	-0.000001793	-0.000005223	0.000001391	-0.000001163	-0.017115673	-0.000007571	-0.000014955	-0.000016449	0.000010604	-0.000007888	0.066425738	-0.000007885	-0.000015288	-0.000016530	-0.000010924	-0.000007814	0.066439874		A1: R10*d(-1)
-0.000430338	0.001277850	0.044487421	0.087389339	0.080429408	0.000131995	-0.137601132	-0.000002206	0.000500469	-0.487126470	-0.000011075	0.000463654	-0.411979854	-0.000009999	-0.031925595	0.000000003	0.000004623	0.254630948	-0.000014063	-0.086614413	0.000000054	0.000019495	-0.022033431	-0.000001457	0.000013279	-0.000190968	0.217592013	0.000011350	-0.000000011	-0.000120781	0.115190510	-0.497166676	-0.498731070	-0.294571322	-0.196981212	-0.096290177	0.089803301	0.160457775	0.000001005	0.052550924	0.011949059	-0.000000286	0.064073112	-0.067534789	-0.000002259	-0.009159304	-0.000000105	0.000001923	-0.072252634	-0.087770308	0.020445635	0.000001512	0.000005614	-0.273277608	-0.181710533	0.000000325	0.038569422	0.027195697	0.000004021	0.000002459	-0.224240778	0.027749695	-0.495505114	-0.497063903	-0.293580354	-0.196299630	-0.095896909	-0.090039909	0.160489313	0.000000769	-0.052497987	0.011990205	-0.000000357	-0.063874283	-0.067528936	-0.000002243	-0.009062317	0.000000362	0.000001531	-0.072517251	0.087575294	0.020477513	-0.000001070	0.000004893	-0.273827745	0.181319208	0.000000129	-0.038560688	0.027291155	0.000004421	-0.000002688	0.224330812	0.028331019	1.552754046	1.491954227	0.807738285	0.556630724	0.328301846	-0.000168102	-0.034393240	0.000004699	0.000000733	-0.063197799	-0.000001689	0.000065280	-0.102946276	-0.000001453	-0.003729065	0.000000039	-0.000005058	0.050187178	0.000189780	-0.084500696	0.000000115	-0.000004563	0.012720400	0.000342477	-0.000003749	0.000024597	-0.096152309	-0.000000796	-0.000000075	-0.000144938	-0.016379402	0.015262842	-0.042202849	-0.071654125	0.028853791	0.064347637	0.023141547	0.015260241	-0.042205513	-0.071654487	0.028852638	0.064349072	-0.023143724	-0.159853717	-0.193598708	-0.100104637	-0.118661377	-0.055031360	0.000002228	0.015468477	-0.041842386	-0.071341623	-0.028940949	0.064167718	-0.022908396	0.015469243	-0.041841451	-0.071341620	-0.028941058	0.064166565	0.022907987	-0.159813494	-0.193370023	-0.099825767	0.118524433	-0.054779652	0.000000933	0.114927489	0.260236865	0.251808140	-0.200626511	0.104016942	0.000004723	0.115155861	0.260431661	0.251856182	0.200592149	0.104267957	0.000005127		A1: R10*d(2)
-0.000000335	0.000001059	0.000035809	0.000070726	0.000065389	-0.096762398	-0.000148724	-0.000000026	-0.384895747	-0.000542566	-0.000000075	-0.376627636	-0.000478911	-0.000000106	-0.000025395	-0.000002920	-0.000000008	-0.000014045	0.271310156	-0.000070221	-0.000012994	-0.000000064	-0.000001457	-0.022352405	0.000000009	0.131049158	0.000226348	-0.000000014	-0.000000453	-0.021839239	0.000065131	1.044387667	1.047917497	0.622997822	0.428473848	0.247194275	0.068828763	0.065036217	-0.000002565	-0.039415329	0.052200060	-0.000000415	-0.091307544	0.035808242	-0.000000377	0.060845348	0.000002795	-0.000001305	-0.078305161	0.050219160	0.020169950	0.000004030	-0.000001039	-0.164500150	-0.027549311	-0.000000995	-0.019557814	0.080285270	0.000002578	0.000000533	-0.098846514	0.029383327	-1.045177414	-1.048709649	-0.623465511	-0.428786154	-0.247346013	0.068736917	-0.064725962	0.000002485	-0.039457711	-0.052212361	0.000000057	-0.091381843	-0.035989826	0.000000128	-0.060859194	0.000002728	0.000001501	0.078110079	0.050481772	-0.020137729	0.000003985	0.000001333	0.164107863	-0.026999639	0.000000212	-0.019555634	-0.080256687	-0.000003258	0.000000125	-0.098418973	-0.029571708	0.001243450	0.001194755	0.000646778	0.000445596	0.000262936	0.227052287	0.000063451	0.000000012	0.030216154	-0.000038457	0.000000075	-0.031656122	-0.000094605	0.000000013	-0.000002973	-0.000005485	0.000000115	0.000189748	-0.186776558	-0.000067601	-0.000015502	-0.000000074	0.000342949	-0.416001086	-0.000000261	0.017946140	-0.000069080	-0.000000236	-0.000012885	0.205436137	0.000233071	0.130703105	0.227950591	0.196649107	0.023032317	-0.099437248	-0.147492494	0.130705699	0.227951960	0.196650335	0.023035004	-0.099435124	0.147492909	0.025665896	0.143638885	0.175065539	0.112867635	0.099590134	-0.000002042	-0.130680792	-0.228018826	-0.196763772	0.022910815	0.099557336	-0.147528954	-0.130678152	-0.228016868	-0.196762558	0.022908633	0.099555903	0.147529706	-0.025919967	-0.143946425	-0.175223634	0.113135533	-0.099588340	0.000000994	0.142817890	0.121984063	0.029952511	-0.030487302	0.057220044	0.000002208	-0.142634470	-0.121567383	-0.029549200	-0.030121463	-0.057077204	-0.000002177		A1: R10*d(-2)
0.000000019	-0.000000039	-0.000002043	-0.000003698	-0.000003377	0.000000022	0.000005484	0.061364099	0.000000010	0.000014855	0.123358045	-0.000000024	0.000010021	0.086402477	0.000001303	0.000006334	-0.017188927	0.000005051	0.000000006	0.000003011	0.000008764	-0.022310547	0.000013279	0.000000009	2.655762422	0.000000004	-0.000004260	-0.039345368	-0.000032642	-0.000000006	-0.000004652	0.000007418	0.000008852	0.000003840	0.000003201	0.000001271	-0.000000413	0.000000246	0.050355364	0.000000630	0.000000104	-0.005338660	0.000000047	0.000002690	0.047316506	0.000006607	-0.126683929	0.083767031	-0.000003628	0.000007703	0.000004828	-0.107707835	0.073813346	0.000000973	0.000001064	0.307676064	0.000020470	-0.000013068	-0.155170534	0.326872261	0.000000857	0.000005705	0.000007393	0.000008813	0.000003794	0.000003142	0.000001214	0.000000359	0.000000179	0.050355065	-0.000000701	0.000000042	-0.005338911	-0.000000103	0.000002650	0.047316483	0.000006664	0.126618013	0.083868194	-0.000003546	-0.000007673	0.000004908	0.107649436	0.073899104	0.000001018	-0.000001021	0.307676880	-0.000020403	-0.000012919	-0.154650820	-0.327119543	-0.000000861	0.000005718	-0.000044103	-0.000043481	-0.000017872	-0.000015295	-0.000009147	0.000000003	0.000005617	0.027324867	0.000000014	-0.000005157	0.001715722	-0.000000002	-0.000002090	0.057128274	-0.000030730	0.000138314	-0.345453107	-0.000025631	-0.000000039	-0.000012446	0.000039609	-0.098873690	0.000004076	0.000000008	0.371658451	-0.000000047	-0.000074551	0.357095949	0.000286002	0.000000032	0.000000879	0.023376996	0.022133345	0.015187768	0.019678930	-0.029076139	-0.014712089	-0.023377197	-0.022131298	-0.015185157	-0.019678997	0.029075023	-0.014710144	0.000000878	0.000001483	0.000000697	0.000002346	0.000000360	0.021945615	-0.023376889	-0.022131231	-0.015185057	0.019655840	0.029090651	-0.014709690	0.023376953	0.022133383	0.015187789	-0.019656086	-0.029091630	-0.014712450	0.000000603	0.000001223	0.000000505	-0.000001864	0.000000325	0.021945740	-0.000002018	-0.000005243	-0.000006193	0.000004314	-0.000005270	0.028095225	-0.000002085	-0.000005299	-0.000006230	-0.000004404	-0.000005394	0.028095517		A1: R11*f(0)
-0.000000059	0.000000076	0.000009151	0.000015778	0.000013851	0.077212435	-0.000013569	-0.000000003	0.199794674	-0.000034375	-0.000000034	0.144297330	-0.000020035	-0.000000064	-0.000011224	-0.000000014	-0.000000023	-0.000065324	0.039418268	-0.000019865	0.000000478	-0.000000080	-0.000190968	0.131049158	0.000000004	2.648518271	0.000033255	-0.000000021	0.000000007	-0.029307704	-0.000003959	-0.233696264	-0.278809585	-0.121070388	-0.106264378	-0.067505496	0.033438855	-0.006072999	0.000001631	-0.020976276	0.019907600	-0.000000387	0.012149492	0.027580527	0.000001051	-0.121083106	-0.000009092	0.000006303	0.062871238	-0.208991550	-0.070488575	-0.000005160	0.000005078	-0.033504969	0.029313164	0.000020627	-0.238563113	0.196610041	-0.000004582	0.000021416	-0.098849507	-0.018618634	0.233578989	0.278669731	0.121010344	0.106213017	0.067478942	0.033427400	0.006080120	-0.000001799	-0.020948199	-0.019920651	0.000000137	0.012182353	-0.027613269	-0.000001251	0.121021212	-0.000009049	-0.000006296	-0.062455062	-0.209010515	0.070450648	-0.000005138	-0.000005121	0.033467703	0.029341711	-0.000020520	-0.238250010	-0.196759058	0.000004512	0.000021319	-0.099010007	0.018351434	0.000261975	0.000258276	0.000106086	0.000090188	0.000052182	0.013734789	-0.000032313	0.000000039	0.014982433	0.000035380	0.000000041	0.063415876	0.000024137	0.000000010	0.000084647	-0.000007519	-0.000000031	0.000208376	-0.140681155	0.000046750	-0.000008804	-0.000000014	-0.000026863	-0.015673441	0.000000002	0.140165035	0.000257892	0.000000013	-0.000040296	0.174522611	0.000132922	-0.004014725	-0.033133452	-0.042358399	-0.003929333	0.015956402	0.033861517	-0.004016106	-0.033135148	-0.042359368	-0.003930511	0.015958148	-0.033862866	-0.026459342	-0.047781806	-0.054862231	-0.065513787	-0.008259624	0.000002111	0.004011945	0.033114116	0.042332501	-0.003913624	-0.015954334	0.033836846	0.004010142	0.033112216	0.042331521	-0.003912169	-0.015951731	-0.033835894	0.026458458	0.047769022	0.054853798	-0.065507937	0.008198674	-0.000001465	0.015320131	0.013793758	0.015553660	-0.006471576	0.024252072	0.000001604	-0.015296488	-0.013731660	-0.015481638	-0.006400780	-0.024203383	-0.000001645		A1: R11*f(1)
0.000103637	-0.000218356	-0.022034881	-0.038382171	-0.033703989	-0.000013694	0.112042930	-0.000002226	-0.000034434	0.285891948	-0.000002137	-0.000019883	0.194078272	-0.000001349	0.026381982	-0.000000019	0.000000310	0.085237905	0.000084576	0.048427941	-0.000000069	-0.000001512	0.217592013	0.000226348	-0.000004260	0.000033255	2.564471422	-0.000002169	-0.000000035	0.000078308	-0.074196634	0.147640824	0.175994434	0.075884745	0.065004090	0.033884149	-0.007824685	0.024050567	-0.000000931	0.015922261	-0.005045401	0.000000026	0.014220915	0.052719551	-0.000001121	0.077007484	0.000005990	-0.000003166	-0.104650365	0.100018793	0.047291383	0.000004046	0.000000045	-0.011450540	-0.031628944	-0.000012781	0.196173540	-0.050357502	0.000012855	-0.000008482	-0.146258702	0.037129180	0.147826734	0.176216223	0.075981327	0.065088887	0.033937984	0.007832233	0.024061363	-0.000001086	-0.015934808	-0.005073967	-0.000000205	-0.014252921	0.052686528	-0.000001270	0.077103460	-0.000005976	-0.000003216	-0.104541046	-0.100350493	0.047347450	-0.000004028	-0.000000054	-0.011474015	0.031634175	-0.000012756	-0.196322630	-0.050669464	0.000012814	0.000008482	0.146091722	0.037491665	-0.654274421	-0.645046174	-0.264935215	-0.225020029	-0.129744468	-0.000032221	0.094337496	-0.000000865	0.000035399	-0.073197428	-0.000001864	0.000023947	0.003866561	-0.000005586	-0.211368935	-0.000000030	0.000059387	-0.239065581	-0.000247817	-0.117164303	-0.000000020	0.000016231	0.098350782	0.000072457	-0.000074577	0.000257851	-0.503867052	-0.000063942	-0.000000076	-0.000160170	0.191566408	0.005391398	0.026500335	0.034004730	0.005642829	-0.009229708	-0.032285591	0.005392068	0.026501034	0.034005210	0.005644392	-0.009230784	0.032286297	0.001568496	0.016272439	0.011043241	0.015683465	0.011519963	-0.000000321	0.005395604	0.026527656	0.034039138	-0.005640448	-0.009248422	0.032313034	0.005394333	0.026526551	0.034038360	-0.005638436	-0.009246480	-0.032312324	0.001589746	0.016310740	0.011086913	-0.015744723	0.011514248	-0.000000258	-0.029643532	-0.077454190	-0.089723526	0.064141534	-0.067090128	-0.000004906	-0.029656153	-0.077465374	-0.089736056	-0.064093209	-0.067160441	-0.000005118		A1: R11*f(-1)
0.000000123	-0.000000207	-0.000005873	-0.000010933	-0.000010466	-0.000000008	0.000005576	0.028616568	0.000000007	0.000014933	0.043377412	0.000000043	0.000009915	0.026340186	0.000002080	0.000048627	-0.057958633	0.000004492	-0.000000008	0.000006584	0.000107697	-0.112177567	0.000011350	-0.000000014	-0.039345368	-0.000000021	-0.000002169	2.616115115	-0.000008510	0.000000025	-0.000013267	-0.000004127	-0.000004907	-0.000002081	-0.000002299	-0.000003882	0.000001145	0.000000924	-0.025530504	-0.000000774	0.000000670	0.014817178	-0.000003826	0.000005698	0.000195017	-0.000003702	0.074606971	-0.046088247	-0.000001442	-0.000005982	-0.000001186	0.019564199	-0.149202847	-0.000003700	-0.000001643	-0.159482771	-0.000004697	0.000013041	-0.179258943	-0.325602306	-0.000016254	-0.000003467	-0.000004100	-0.000004873	-0.000002042	-0.000002238	-0.000003820	-0.000000993	0.000000871	-0.025432065	0.000000868	0.000000664	0.014797155	0.000003889	0.000005686	0.000231754	-0.000003745	-0.074334931	-0.045987624	-0.000001531	0.000006001	-0.000001266	-0.019163871	-0.149128045	-0.000003718	0.000001580	-0.158958609	0.000004646	0.000013125	-0.180290936	0.324767084	0.000016194	-0.000003271	-0.000056971	-0.000056110	-0.000022820	-0.000019832	-0.000013470	0.000000009	0.000007313	0.035203537	0.000000022	-0.000007030	-0.008670943	0.000000037	-0.000006068	0.042384609	-0.000035766	0.000246035	-0.447045850	-0.000035404	-0.000000043	-0.000007609	0.000217009	-0.154334052	0.000000242	-0.000000010	0.357947181	0.000000102	-0.000064123	0.561819316	0.000971569	0.000000049	-0.000024196	-0.002816534	-0.008390021	-0.003640904	0.013113956	0.013332013	0.001821659	0.002817266	0.008389654	0.003638118	-0.013113208	-0.013332279	0.001821664	-0.000001257	-0.000001558	-0.000002671	-0.000002628	-0.000000172	-0.024655363	0.002761527	0.008343995	0.003622489	0.013167832	-0.013253402	0.001797595	-0.002761110	-0.008344489	-0.003625180	-0.013168759	0.013253668	0.001797696	-0.000000882	-0.000001319	-0.000002599	0.000002027	-0.000000155	-0.024639177	-0.000001730	-0.000006412	-0.000008458	0.000005769	-0.000005138	0.027193069	-0.000001831	-0.000006533	-0.000008520	-0.000005851	-0.000005285	0.027227864		A1: R11*f(2)
-0.000000006	0.000000008	0.000000032	-0.000000001	-0.000000067	-0.000003665	0.000000045	0.000023341	-0.000008775	0.000000022	0.000035313	-0.000006078	-0.000000066	0.000021432	-0.000000015	-0.031834520	-0.000058373	0.000000008	0.000000775	-0.000000007	-0.078997962	-0.000120764	-0.000000011	-0.000000453	-0.000032642	0.000000007	-0.000000035	-0.000008510	2.626978665	0.000006717	-0.000000017	0.000008671	0.000010303	0.000004302	0.000003771	0.000002427	0.000000073	0.000000715	0.061799297	0.000000702	-0.000001252	-0.012610617	-0.000000077	-0.000001561	0.023098165	0.000007859	-0.148337109	0.100663634	-0.000005968	0.000008210	0.000003551	-0.177242868	0.056661703	-0.000004045	-0.000000226	0.329687197	0.000021407	-0.000008658	-0.324150883	0.345199899	-0.000006358	0.000012025	-0.000008624	-0.000010287	-0.000004450	-0.000003988	-0.000002663	-0.000000112	-0.000000762	-0.061839346	0.000000522	0.000001152	0.012634816	-0.000000162	0.000001486	-0.023097278	-0.000007935	-0.148376405	-0.100855488	0.000005984	0.000008058	-0.000003780	-0.177229213	-0.057040244	0.000004029	-0.000000258	-0.329941373	0.000021344	0.000008616	0.323315640	0.346233155	-0.000006263	-0.000012096	-0.000000045	-0.000000045	-0.000000010	-0.000000014	-0.000000022	-0.000002384	-0.000000014	0.000028165	-0.000000400	-0.000000013	-0.000006929	-0.000003887	-0.000000041	0.000034021	-0.000000002	-0.083715124	-0.000391503	-0.000000018	0.000027138	-0.000000011	-0.193908886	-0.000201141	-0.000000023	0.000013738	0.000286662	-0.000040224	-0.000000138	0.000971607	-0.651519100	-0.000056541	-0.000000116	0.035048487	0.028690158	0.009860129	0.027969450	-0.042877103	-0.015151206	-0.035048671	-0.028687784	-0.009857458	-0.027969440	0.042874987	-0.015148815	0.000000076	0.000001191	0.000002077	0.000001357	0.000000658	0.010320710	0.035052315	0.028700700	0.009862806	-0.027914309	-0.042918315	0.015151043	-0.035053037	-0.028703697	-0.009866047	0.027914932	0.042920162	0.015154689	-0.000000032	-0.000001130	-0.000002159	0.000001044	-0.000000467	-0.010359861	-0.000002501	-0.000002396	-0.000001305	0.000001522	-0.000004117	0.021723485	0.000002573	0.000002378	0.000001280	0.000001657	0.000004068	-0.021680256		A1: R11*f(-2)
-0.000004511	0.000007402	0.000186015	0.000351993	0.000343274	0.027074963	-0.000042544	-0.000000039	0.058231316	-0.000102021	-0.000000013	0.038780820	-0.000054541	0.000000043	-0.000133266	-0.000001705	0.000000024	-0.000046507	-0.022857806	-0.000358047	-0.000003355	0.000000074	-0.000120781	-0.021839239	-0.000000006	-0.029307704	0.000078308	0.000000025	0.000006717	2.448788634	0.000182508	-0.042384493	-0.050550227	-0.022772078	-0.021057487	-0.014551448	-0.039664195	-0.071777480	0.000000274	0.008343433	0.027926917	0.000000539	-0.006873511	-0.004670843	0.000000751	-0.026833538	-0.000002423	-0.000001657	0.234403656	0.072004731	0.001597250	-0.000002354	-0.000004107	0.238114231	0.115312509	0.000000606	-0.099640474	-0.153234006	-0.000016270	-0.000006133	0.721658005	-0.132914808	0.043230802	0.051557566	0.023201798	0.021462286	0.014965926	-0.039605793	0.071795515	-0.000000008	0.008241122	-0.027992522	-0.000000274	-0.007218140	0.004411971	-0.000000570	0.027284811	-0.000002356	0.000001572	-0.234787850	0.070904040	-0.001797505	-0.000002224	0.000004033	-0.238256252	0.114891262	-0.000000635	-0.099810076	0.153069318	0.000016243	-0.000006171	0.721026576	0.135504124	0.001015933	0.000999591	0.000402202	0.000360952	0.000288002	0.052646588	-0.000127991	-0.000000008	-0.006761746	0.000149599	-0.000000030	0.045311716	0.000217103	0.000000001	0.000187312	-0.000018162	-0.000000121	0.000897107	-0.556105604	-0.000177144	-0.000012746	-0.000000034	0.000165669	-0.224158067	0.000000079	0.175055234	-0.000159845	0.000000181	-0.000056552	0.800011448	0.001445894	-0.027012238	-0.028450935	-0.014496835	-0.033917103	0.013287487	0.034138719	-0.027012357	-0.028450620	-0.014497062	-0.033918182	0.013286195	-0.034138017	0.043615631	0.033670518	-0.001211785	0.061588502	-0.003817882	-0.000001115	0.027052501	0.028583125	0.014720833	-0.033926606	-0.013439074	0.034237025	0.027052152	0.028583134	0.014720630	-0.033925281	-0.013438902	-0.034237638	-0.043587400	-0.033531905	0.001455736	0.061458082	0.003961109	0.000000717	0.054820190	0.052359557	0.020213171	-0.037571178	0.071892645	0.000002647	-0.054788823	-0.052141566	-0.019881724	-0.037302791	-0.071816729	-0.000002899		A1: R11*f(3)
0.003780393	-0.006186913	-0.155235877	-0.294047277	-0.286894062	0.000014160	0.043799961	0.000000468	0.000027877	0.103006969	0.000002191	0.000023116	0.057479972	0.000001371	0.111001800	-0.000000008	-0.000004583	0.055340574	0.000014571	0.299187417	-0.000000044	-0.000012679	0.115190510	0.000065131	-0.000004652	-0.000003959	-0.074196634	-0.000013267	-0.000000017	0.000182508	2.296989383	-0.354770967	-0.422290802	-0.180176754	-0.169682245	-0.173537599	0.048272235	-0.021052101	0.000000434	-0.052281340	0.029933741	0.000000552	-0.142716190	0.105480285	0.000002539	-0.189210540	-0.000008057	0.000005623	0.113159832	-0.305347748	0.083826031	-0.000000789	0.000001248	-0.017334503	-0.018156890	0.000005963	-0.020227453	0.036096727	-0.000003441	0.000012091	-0.130615985	-0.364050042	-0.354669162	-0.422169293	-0.180122591	-0.169632048	-0.173502685	-0.048349439	-0.020918708	0.000000302	0.052277740	0.029908858	0.000000379	0.142615345	0.105604646	0.000002425	-0.189144864	0.000008067	0.000005594	0.112113210	0.305695435	0.083822353	0.000000796	0.000001186	-0.017932376	0.018402911	0.000005897	0.019959036	0.036477055	-0.000003363	-0.000012103	0.133204597	-0.363412277	-0.845772521	-0.832161914	-0.334868349	-0.300618750	-0.240177267	0.000013347	0.124172824	0.000002226	0.000042534	-0.126874670	-0.000003193	0.000120807	-0.166341278	-0.000005821	-0.155951729	-0.000000037	0.000032865	-0.376249241	-0.000969293	0.147657762	-0.000000014	-0.000002068	0.011443766	-0.000259956	0.000000837	0.000133752	0.191203053	-0.000024226	-0.000000085	0.001445728	-0.403587052	-0.016943434	-0.055590495	-0.093813938	-0.007911614	0.052579987	0.041652861	-0.016945022	-0.055591746	-0.093814644	-0.007913428	0.052581167	-0.041653863	-0.011996277	-0.058054759	-0.102064366	-0.053287738	-0.039706932	0.000000752	-0.016880324	-0.055523595	-0.093779658	0.007790792	0.052555603	-0.041571863	-0.016879246	-0.055522723	-0.093779226	0.007789575	0.052554118	0.041571860	-0.012100488	-0.058135286	-0.102061747	0.053465967	-0.039655804	0.000000448	-0.013195749	-0.090778226	-0.138157422	0.087870976	-0.043761800	-0.000002148	-0.013327082	-0.090903638	-0.138205656	-0.087926285	-0.044004369	-0.000002307		A1: R11*f(-3)
-0.000593133	0.000503568	-0.050288975	-0.370471188	-0.557056338	0.031076871	-0.019710663	-0.000000398	0.697542564	-0.440705082	-0.000009043	0.838706186	-0.529769703	-0.000010878	0.019238732	0.000000605	-0.000000406	-0.013821218	0.029157716	0.669078680	0.000021441	-0.000013599	-0.497166676	1.044387667	0.000007418	-0.233696264	0.147640824	-0.000004127	0.000008671	-0.042384493	-0.354770967	-4.783045884	-11.156899102	-4.301248931	-2.270756147	-1.190252374	-0.000311069	-0.000089796	0.000000019	-0.000759119	0.000311444	0.000000011	-0.002003078	0.001133814	0.000000027	-0.000117642	-0.000000010	0.000000016	0.000094288	-0.000105520	0.000295650	-0.000000014	0.000000013	-0.000122426	0.000287784	-0.000000036	-0.000093121	0.003385880	-0.000000030	0.000000101	0.000306383	-0.002809549	0.000138495	-0.000108390	-0.000727588	-0.012942769	-0.135509150	0.001022480	0.000112246	0.000000023	0.020360160	0.000362743	0.000000001	0.377216511	0.000620737	-0.000000005	-0.000137643	0.000000005	0.000000022	0.000452555	-0.000436250	0.017783651	-0.000000017	-0.000000033	-0.029908947	-0.000990656	0.000000010	0.000251639	-0.000246995	-0.000000117	0.000000053	-0.001063241	0.000058356	0.000152831	-0.000116812	-0.000765694	-0.016359151	-0.149902602	0.000418620	-0.000818875	0.000000010	0.013414533	-0.023004518	-0.000000577	0.209559988	-0.352053505	-0.000008762	0.000006826	-0.000000029	0.000000043	0.000168698	-0.000925720	0.024062208	0.000000856	-0.000001534	0.019958716	0.034647610	-0.000000037	0.000266302	-0.000151899	-0.000000088	-0.000000014	0.001313374	0.000268213	-0.060741437	-0.750229186	-0.814449456	-0.032432989	0.467747398	0.631438667	-0.060741022	-0.750227737	-0.814448950	-0.032446617	0.467737562	-0.631441533	-0.062859032	-0.757594219	-0.817028627	-0.649741556	-0.469593136	0.000008629	-0.000381787	-0.000611217	-0.071189229	0.000151905	0.000125937	-0.000198047	-0.000381720	-0.000611262	-0.071191229	0.000151861	0.000125939	0.000198084	0.000599276	0.000426518	-0.014984011	0.000197197	0.000142553	0.000000014	0.000661285	0.000483188	-0.015193368	-0.000013434	-0.000147222	-0.000000030	-0.000734749	-0.001123964	-0.085046028	-0.000217570	-0.000128125	0.000000031		A2: R12*s(0)
0.000515189	-0.000613825	-0.090564963	-0.424374905	-0.615317978	0.079951964	-0.050443540	-0.000001013	0.761222339	-0.480607297	-0.000009827	0.897676054	-0.566851914	-0.000011595	0.051424673	0.000001659	-0.000001035	-0.038699525	0.081196779	0.669027126	0.000021496	-0.000013550	-0.498731070	1.047917497	0.000008852	-0.278809585	0.175994434	-0.000004907	0.000010303	-0.050550227	-0.422290802	-11.156899102	-7.168632426	-3.875721822	-2.305933959	-1.287335474	-0.000240606	-0.000454753	0.000000061	0.000529046	-0.000462032	0.000000038	0.001623955	-0.001046879	0.000000016	0.000117458	0.000000020	-0.000000030	-0.000044357	-0.000279794	-0.000233564	0.000000022	-0.000000021	0.000127612	-0.000376431	0.000000059	0.000114803	-0.005673123	0.000000045	-0.000000174	-0.000551259	0.004523196	-0.000108388	0.000087854	0.000464332	-0.018208080	-0.156455898	-0.000740943	-0.000129274	-0.000000023	0.032185580	-0.000299559	-0.000000003	0.423119333	-0.000263476	-0.000000007	0.000126905	-0.000000012	-0.000000010	-0.000396263	0.000343940	0.029082547	0.000000005	0.000000018	-0.051126750	0.000648459	-0.000000009	-0.000539743	0.000197026	0.000000106	-0.000000047	0.001313085	-0.000002176	-0.000122243	0.000098533	0.000442501	-0.022835940	-0.172467592	-0.000245795	0.000609200	0.000000011	0.021503826	-0.035551952	-0.000000846	0.234987767	-0.393153143	-0.000009749	0.000018883	-0.000000006	-0.000000047	-0.000115927	0.000787577	0.037114812	0.000001445	-0.000002338	0.030473945	0.058145737	0.000000058	-0.000518225	0.000623511	0.000000090	0.000000043	-0.001841122	-0.000211149	-0.147887328	-0.829778526	-0.892744775	-0.037368978	0.540074381	0.729090290	-0.147886651	-0.829777087	-0.892744257	-0.037384761	0.540063468	-0.729094174	-0.151478959	-0.837222114	-0.895437069	-0.747220690	-0.540227651	0.000009930	0.000297120	-0.000711771	-0.084793292	-0.000095646	-0.000105571	0.000143633	0.000297311	-0.000711837	-0.084795586	-0.000095612	-0.000105575	-0.000143663	-0.000452365	-0.000312503	-0.018966534	-0.000175382	-0.000114677	-0.000000102	-0.000510147	-0.000363441	-0.019235560	0.000004951	0.000138941	-0.000000083	0.000557169	-0.001101767	-0.100524249	0.000183783	0.000075518	-0.000000034		A2: R13*s(0)
-0.050286283	-0.090668161	-0.253854098	-0.474342143	-0.609848737	0.219272554	-0.138595013	-0.000002873	0.631122999	-0.398706414	-0.000008122	0.757212359	-0.478760611	-0.000009672	0.068094263	0.000002213	-0.000001318	-0.052429429	0.110684333	0.391890953	0.000012642	-0.000007713	-0.294571322	0.622997822	0.000003840	-0.121070388	0.075884745	-0.000002081	0.000004302	-0.022772078	-0.180176754	-4.301248931	-3.875721822	-2.192617249	-1.663176334	-1.151741560	-0.000829797	-0.001475629	0.000000185	-0.007998881	0.002309691	0.000000400	0.000739244	-0.001909157	0.000000165	0.003049670	0.000000279	-0.000000432	-0.001815574	-0.000284158	0.009275537	0.000000599	-0.000000583	-0.006996013	0.010715922	0.000001226	0.005663572	-0.124705384	0.000001085	-0.000003780	-0.012242672	0.100368790	-0.000727589	0.000464344	-0.002745205	-0.047342308	-0.187446412	0.002007219	-0.000708084	-0.000000190	0.092315196	0.002203154	0.000000058	0.439126024	0.003505442	0.000000089	0.004175711	-0.000000069	-0.000000142	-0.008714825	0.001988085	0.069159795	-0.000000106	0.000000131	-0.122287815	-0.006663480	-0.000000144	-0.014901409	0.000507677	0.000001023	-0.000000379	0.022511979	0.003695186	-0.000830094	0.000448390	-0.004864769	-0.057113832	-0.204258473	0.003104295	-0.003901044	-0.000000304	0.054463296	-0.097619884	-0.000002398	0.237002096	-0.404108228	-0.000010056	0.004492354	0.000000251	-0.000000707	0.003609615	0.012424884	0.079970646	0.000003150	-0.000005418	0.075569485	0.123888675	0.000001305	-0.009517160	0.017208486	0.000001542	0.000001007	-0.029392223	0.003764095	-0.342335489	-0.755993835	-0.837428429	-0.023206512	0.326252876	0.440551526	-0.342334709	-0.755992888	-0.837428092	-0.023216144	0.326246741	-0.440554353	-0.345950943	-0.760176378	-0.838686522	-0.448570139	-0.324374600	0.000005969	0.001927370	-0.007270174	-0.112154180	0.001651946	-0.000149842	0.000331216	0.001927710	-0.007270517	-0.112156710	0.001652401	-0.000149816	-0.000331439	-0.002985822	-0.002491227	-0.033038270	-0.001450760	-0.000684436	-0.000000461	-0.003383801	-0.002897169	-0.033664828	-0.000165915	0.001195223	-0.000000228	0.003574674	-0.009205224	-0.129207148	0.001713199	-0.003164164	-0.000000401		A2: R14*s(0)
-0.370960325	-0.424842008	-0.473260806	-0.579303092	-0.638160933	0.213625982	-0.134117357	-0.000002701	0.482163536	-0.305188434	-0.000005993	0.601845951	-0.383233524	-0.000007453	0.051085127	0.000001218	-0.000001321	-0.027461827	0.065118424	0.294811636	0.000008445	-0.000006356	-0.196981212	0.428473848	0.000003201	-0.106264378	0.065004090	-0.000002299	0.000003771	-0.021057487	-0.169682245	-2.270756147	-2.305933959	-1.663176334	-1.338542797	-1.013948824	-0.001794077	-0.001505233	0.000000285	-0.056078003	0.029124749	0.000001332	-0.068153071	0.037873454	0.000001317	0.005721864	0.000000387	-0.000000559	-0.003691043	0.002800225	0.053571417	0.000002070	-0.000001759	-0.037960983	0.071260708	0.000001509	0.020454863	-0.198804856	0.000001808	-0.000006228	-0.017054952	0.170019556	-0.012942752	-0.018208076	-0.047342407	-0.112552237	-0.241033300	0.040971495	0.002043689	-0.000000218	0.167926525	0.029448096	0.000000551	0.455268668	0.041515879	0.000000851	0.013042871	-0.000000199	-0.000000285	-0.022282322	-0.004606434	0.096764155	-0.000001346	-0.000000624	-0.139688820	-0.070517970	-0.000000642	-0.026534982	-0.009318612	0.000001647	0.000000009	0.020334818	0.028128139	-0.016466887	-0.022835365	-0.059929877	-0.134407064	-0.262512333	0.023227784	-0.046838979	-0.000001481	0.071330393	-0.190801476	-0.000004915	0.210474761	-0.432750967	-0.000010955	0.018102492	0.000000504	-0.000001905	0.021944745	0.022188560	0.115557406	0.000002771	-0.000009275	0.151918996	0.107216958	0.000003105	-0.009704273	0.042595917	0.000004279	0.000001021	-0.030705564	0.045006118	-0.355072730	-0.638195834	-0.740495761	-0.017609440	0.241963141	0.327535252	-0.355072107	-0.638195276	-0.740495771	-0.017616631	0.241958642	-0.327537257	-0.357548712	-0.640028549	-0.740044148	-0.333018685	-0.241189137	0.000004405	-0.007373996	-0.033212872	-0.147185322	0.016588841	0.006229272	-0.008039330	-0.007374058	-0.033213714	-0.147187695	0.016589572	0.006229446	0.008039286	-0.001188896	-0.008772327	-0.065679110	0.002819963	-0.001011742	-0.000000511	-0.001649108	-0.009931485	-0.067779794	0.002493785	-0.002277175	-0.000000361	-0.009102013	-0.039697872	-0.164595981	-0.000994302	-0.023912495	-0.000001053		A2: R15*s(0)
-0.558651302	-0.615319269	-0.606629083	-0.652393045	-0.654484422	0.131936105	-0.077496845	-0.000001375	0.293378416	-0.180816575	-0.000002962	0.379931247	-0.250585270	-0.000004225	0.055617748	0.000000557	-0.000002182	-0.004863258	0.033910362	0.281017607	0.000004658	-0.000008741	-0.096290177	0.247194275	0.000001271	-0.067505496	0.033884149	-0.000003882	0.000002427	-0.014551448	-0.173537599	-1.190252374	-1.287335474	-1.151741560	-1.013948824	-0.815096734	0.004493939	-0.005397621	0.000000206	-0.083634037	0.045204960	0.000001748	-0.162637261	0.092028510	0.000002677	0.005150814	0.000000313	-0.000000482	-0.003238854	0.002692786	0.084704130	0.000002812	-0.000002487	-0.056849544	0.109202005	0.000001096	0.025176398	-0.177419515	0.000001595	-0.000005690	-0.013839398	0.156960627	-0.135509129	-0.156455885	-0.187446410	-0.241033174	-0.326028290	0.082073724	0.001799467	-0.000000188	0.205406118	0.050481900	0.000000986	0.419673534	0.087926988	0.000001893	0.011739897	-0.000000304	-0.000000479	-0.017701424	-0.014262664	0.103140328	-0.000002408	-0.000001827	-0.113749823	-0.129553216	-0.000001256	-0.034531811	-0.033429888	0.000001837	0.000000873	0.008396783	0.054538717	-0.149883928	-0.172365326	-0.209614387	-0.268324501	-0.345933914	0.043202307	-0.086847674	-0.000002577	0.068667617	-0.240379624	-0.000006356	0.146414444	-0.419778571	-0.000010791	0.029220889	0.000000208	-0.000002768	0.034182254	0.010376424	0.143942266	0.000001250	-0.000012039	0.197289236	0.049613081	0.000004396	-0.010776706	0.062315244	0.000006608	0.000000716	-0.018209241	0.089385006	-0.316061964	-0.489743655	-0.576305679	-0.012007505	0.181479765	0.247813529	-0.316061509	-0.489743293	-0.576305797	-0.012012858	0.181476462	-0.247815104	-0.317642553	-0.490827666	-0.575842127	-0.249690709	-0.182744958	0.000003177	-0.050355546	-0.097780339	-0.204243874	0.025631980	0.026800481	-0.036743224	-0.050356372	-0.097781529	-0.204245671	0.025631891	0.026800702	0.036743505	-0.013333544	-0.051015837	-0.137749988	0.030391509	-0.013342470	-0.000000358	-0.014861024	-0.053972043	-0.139057955	0.027036868	-0.022452395	-0.000000864	-0.058468543	-0.108422968	-0.216766740	-0.031077103	-0.047813198	-0.000001760		A2: R16*s(0)
-0.030648751	-0.080332849	-0.221443168	-0.215903794	-0.134264171	0.196727524	-0.162168788	-0.000003680	0.148821704	-0.178681620	-0.000004016	-0.016984089	-0.098279563	-0.000002212	0.051124554	0.000002201	-0.000001722	-0.000972567	0.104878839	0.002202650	0.000001245	-0.000001826	0.089803301	0.068828763	-0.000000413	0.033438855	-0.007824685	0.000001145	0.000000073	-0.039664195	0.048272235	-0.000311069	-0.000240606	-0.000829797	-0.001794077	0.004493939	0.180176213	-0.002321684	0.000000157	-0.456993406	0.000786920	0.000000256	-0.346378742	-0.005050666	-0.000000030	0.001829923	0.000000238	-0.000001856	-0.009191483	0.079161650	0.005213355	0.000000349	-0.000002500	-0.014650218	0.113441190	-0.000001730	0.051043404	0.006591988	0.000001450	0.000000179	0.012694892	0.000398098	-0.001022611	0.000741115	-0.002006263	-0.040972879	-0.082075018	0.001620578	-0.002463011	0.000000317	0.087071952	0.000190743	0.000000208	0.145306820	0.006156916	0.000000090	0.005104946	0.000000208	0.000000324	-0.011633616	0.002817639	0.064235775	-0.000000034	0.000000460	-0.119053751	-0.005950629	0.000000198	-0.019010559	0.001313151	-0.000000611	0.000000010	0.030761041	0.004456070	-0.000661751	0.000478325	-0.001803501	-0.027488801	-0.047009522	0.004481177	0.001833503	0.000000030	0.020852174	-0.055719055	-0.000001800	-0.009127500	-0.096690731	-0.000002632	0.002029850	0.000000246	-0.000000210	0.002713738	0.010861739	0.040434992	0.000001299	-0.000003614	0.074486325	0.057119032	0.000000763	-0.006085667	0.012084451	0.000000271	0.000001392	-0.026766280	0.009693963	0.014604102	0.012961369	0.009318527	-0.137101075	-0.004412987	-0.005358359	0.014610924	0.012967471	0.009321658	-0.137101023	-0.004414967	0.005361049	0.314914498	0.285616021	0.150172247	-0.013767792	0.087778780	-0.000001707	0.002711159	-0.006456623	-0.052336330	0.001214703	-0.000269887	0.000368345	0.002711710	-0.006456616	-0.052337082	0.001214540	-0.000269967	-0.000368095	-0.004080684	-0.002847801	-0.021675174	-0.003134017	-0.001254039	-0.000000083	-0.003556206	-0.002646410	-0.015381801	0.000138812	0.002708704	-0.000000456	0.002545683	0.001740966	-0.003829429	-0.002255143	0.000656124	-0.000000213		A2: R17*p(0)
0.019390447	0.050731338	0.139530795	0.135234330	0.082961875	-0.162404567	0.043639616	0.000002245	-0.178387533	-0.022469200	0.000002416	-0.097036875	-0.112661890	0.000001239	-0.033094511	-0.000002005	0.000000280	0.088846608	-0.023992004	-0.008048395	-0.000002494	-0.000000874	0.160457775	0.065036217	0.000000246	-0.006072999	0.024050567	0.000000924	0.000000715	-0.071777480	-0.021052101	-0.000089796	-0.000454753	-0.001475629	-0.001505233	-0.005397621	-0.002321684	0.179787278	-0.000000244	0.000466869	-0.454084449	-0.000000324	-0.005862849	-0.350290133	-0.000000075	-0.068623501	-0.000001964	-0.000000819	0.042870805	0.006799740	-0.093974688	-0.000002618	-0.000001069	0.059262985	0.005326858	0.000000712	0.006985210	-0.033543190	0.000001175	0.000000309	-0.001007659	-0.040288268	0.000111433	-0.000128676	-0.000709592	0.002011044	0.001734131	0.002462112	0.002389164	0.000000078	-0.004893737	-0.009630566	-0.000000145	-0.001695686	-0.055973864	-0.000000353	0.000161658	-0.000000157	-0.000000402	0.002247428	-0.000413654	-0.005909671	-0.000000004	-0.000000220	0.016021193	0.032685131	-0.000000261	0.001341039	0.000791385	0.000000356	0.000000147	-0.005676797	-0.007580177	0.001049513	-0.000684609	0.003359800	0.040834692	0.075124792	-0.003245548	0.003731628	-0.000000409	-0.049280821	0.071582188	0.000001906	-0.089454699	0.095425705	0.000003782	-0.004505501	-0.000000434	-0.000000214	-0.002880240	-0.013837431	-0.058975433	-0.000003377	0.000004368	-0.038482331	-0.106091992	-0.000000774	0.011295441	-0.017130411	0.000000078	-0.000001775	0.031595302	0.002745188	-0.230076393	-0.209946172	-0.111455024	-0.006144260	-0.070749815	0.092036973	-0.230072315	-0.209942491	-0.111453123	-0.006146204	-0.070752038	-0.092036320	0.229697464	0.207292349	0.103771990	0.089548020	-0.072692491	-0.000001215	-0.000051933	-0.002724328	-0.014449535	0.001911627	-0.000408472	0.000316323	-0.000052187	-0.002724738	-0.014450091	0.001911792	-0.000408442	-0.000316497	0.001329941	0.000890119	0.005066086	0.001256947	0.000954404	-0.000000041	0.003960904	0.002998343	0.017364755	0.000654329	-0.001780696	-0.000000285	-0.004870206	0.009548338	0.065455616	-0.002811218	0.004009172	-0.000000309		A2: R17*p(1)
0.000000419	0.000001036	0.000002768	0.000002799	0.000001864	-0.000003176	0.000002182	-0.065597750	-0.000003742	0.000002603	-0.141974815	-0.000002304	0.000001653	-0.177795201	-0.000002214	0.069498913	-0.045633103	0.000000879	-0.000001928	-0.000003817	0.169210551	-0.117573608	0.000001005	-0.000002565	0.050355364	0.000001631	-0.000000931	-0.025530504	0.061799297	0.000000274	0.000000434	0.000000019	0.000000061	0.000000185	0.000000285	0.000000206	0.000000157	-0.000000244	0.182271788	0.000000264	-0.000000343	-0.450311868	0.000000056	-0.000000075	-0.353731161	0.000001121	0.000583408	-0.082359386	0.000000525	-0.000001921	0.000001580	-0.000598473	-0.109176559	0.000000759	-0.000002516	-0.003097045	-0.000001587	0.000000160	0.050253076	0.012290810	0.000000493	0.000000551	0.000000001	-0.000000006	-0.000000063	-0.000000008	-0.000000016	0.000000222	-0.000000246	0.002634147	-0.000000108	0.000000067	-0.010269576	-0.000000111	-0.000000085	-0.056717056	0.000000065	0.002087894	0.000700118	-0.000000543	0.000000292	-0.000000009	0.035970201	0.001080250	0.000000223	0.000000054	0.005196561	0.000000123	-0.000000069	-0.006815834	-0.000531258	-0.000000143	0.000000425	0.000000032	-0.000000032	-0.000000074	0.000000848	0.000001720	-0.000000263	0.000000143	0.002280926	-0.000001330	0.000002081	-0.011574404	-0.000002181	0.000003903	-0.054540074	-0.000000216	0.000875476	-0.002155044	-0.000000313	-0.000000023	-0.000002754	0.017979923	-0.033589615	-0.000001842	-0.000002748	0.006187569	0.000000476	-0.000000805	0.004924072	0.006154043	0.000000819	-0.000000015	-0.311553583	-0.283000921	-0.146598894	-0.007469277	0.091678350	-0.015101386	0.311555773	0.283003241	0.146600395	0.007471983	-0.091677748	-0.015098940	-0.000004189	-0.000003717	-0.000001820	-0.000001617	-0.000001074	-0.138157128	-0.001947980	0.002268646	0.020865963	-0.002049405	0.000761038	-0.000454803	0.001948011	-0.002268897	-0.020866639	0.002048724	-0.000761464	-0.000454695	-0.000000038	-0.000000066	-0.000000065	0.000000350	-0.000000763	0.001193023	-0.000000110	-0.000000023	0.000000254	0.000000364	-0.000000097	0.001356209	-0.000000065	0.000000239	0.000001470	-0.000000542	0.000000477	0.000917643		A2: R17*p(-1)
-0.697440284	-0.762968765	-0.634950133	-0.487899164	-0.313940053	0.152665885	-0.182158921	-0.000003806	0.042099179	-0.125353759	-0.000002486	-0.068163827	-0.078175602	-0.000001468	0.008226426	-0.000000066	-0.000000952	0.026399457	-0.004031733	-0.007219879	-0.000001214	-0.000001264	0.052550924	-0.039415329	0.000000630	-0.020976276	0.015922261	-0.000000774	0.000000702	0.008343433	-0.052281340	-0.000759119	0.000529046	-0.007998881	-0.056078003	-0.083634037	-0.456993406	0.000466869	0.000000264	-0.364654788	0.053280057	0.000001599	-0.402443409	0.061338824	0.000001571	0.007005124	0.000000435	-0.000002689	-0.017395626	0.116251148	0.090703188	0.000003054	-0.000006645	-0.102197759	0.335834750	-0.000004163	0.125711254	-0.000588902	0.000003294	-0.000000427	0.022620464	0.036361210	-0.020360417	-0.032185322	-0.092317055	-0.167950391	-0.205446693	0.087067189	0.004970783	0.000000331	0.235020406	0.056766075	0.000001141	0.252365486	0.080383707	0.000001447	0.026470945	-0.000000014	0.000000176	-0.045008052	-0.011213744	0.115003900	-0.000002675	-0.000001061	-0.149468184	-0.135009892	-0.000000688	-0.042139908	-0.018561786	-0.000000025	0.000001012	0.025843319	0.057327047	-0.014207580	-0.020958509	-0.064282693	-0.134170996	-0.160713084	0.017336180	-0.057442852	-0.000001062	0.022184328	-0.221315960	-0.000005732	-0.027175022	-0.245159791	-0.000006167	0.021055017	0.000000551	-0.000002088	0.039027043	0.019715732	0.118113110	0.000000926	-0.000011680	0.237414822	0.037486853	0.000003962	-0.004070415	0.061602632	0.000004838	0.000001455	-0.028960056	0.088800533	0.014452252	0.005011074	-0.033949993	-0.027304190	-0.000626407	-0.000130632	0.014458992	0.005015949	-0.033947308	-0.027304645	-0.000626759	0.000131066	0.304951742	0.224271797	0.099569584	-0.005295072	0.011891576	-0.000000505	-0.013686371	-0.054493392	-0.124713374	0.031840550	0.013343158	-0.016745099	-0.013686700	-0.054494429	-0.124714196	0.031840682	0.013343426	0.016746052	-0.000395186	-0.014740491	-0.084085617	0.004632612	-0.001169166	-0.000000169	-0.002206886	-0.012076962	-0.067999152	0.002504470	-0.001470265	-0.000000350	-0.000962113	-0.012897559	-0.048438344	-0.009212266	-0.009299498	-0.000000460		A2: R18*p(0)
0.440401492	0.481842487	0.401035421	0.305454627	0.192705269	-0.182961745	-0.022923098	0.000002232	-0.122928207	-0.081084388	0.000001091	-0.072292277	-0.145454483	0.000000512	-0.006563385	-0.000000251	0.000000427	0.017262510	0.019451279	-0.005454303	0.000000035	0.000000477	0.011949059	0.052200060	0.000000104	0.019907600	-0.005045401	0.000000670	-0.000001252	0.027926917	0.029933741	0.000311444	-0.000462032	0.002309691	0.029124749	0.045204960	0.000786920	-0.454084449	-0.000000343	0.053280057	-0.307787873	-0.000001350	0.060354196	-0.339303168	-0.000001364	-0.098309937	-0.000002774	-0.000001083	0.058906186	0.004284755	-0.240145994	-0.000006629	-0.000000772	0.129816050	-0.074527698	0.000001886	-0.000428833	-0.054588532	0.000002162	0.000001153	-0.014989197	-0.099421344	0.000346576	-0.000325155	0.002129697	0.029314228	0.050318096	-0.000114641	-0.009626662	0.000000274	-0.056533301	-0.058292717	-0.000000410	-0.077286060	-0.118712579	-0.000001199	-0.002377787	-0.000000169	-0.000000491	0.004317352	0.012305559	-0.053007254	0.000001209	0.000000428	0.054045007	0.111206867	-0.000000052	0.014989721	0.009646773	0.000000337	-0.000000177	-0.004756651	-0.034588596	0.023062184	0.035657219	0.097618880	0.157384226	0.171496644	-0.046218067	0.079242996	0.000002104	-0.085597844	0.194370579	0.000006275	-0.093996899	0.164283484	0.000006578	-0.029383803	-0.000001144	0.000001818	-0.029963911	-0.038782334	-0.093460625	-0.000002871	0.000009314	-0.126354721	-0.079045009	-0.000003193	0.011280346	-0.049596927	-0.000003377	-0.000002191	0.033996155	-0.055235556	-0.224019030	-0.167429759	-0.082109310	-0.003411387	-0.017259858	0.015093338	-0.224015276	-0.167426803	-0.082107213	-0.003411762	-0.017260507	-0.015093108	0.221976342	0.168588935	0.121397824	0.014685093	-0.016606776	-0.000000248	-0.004607987	-0.010424548	0.000137781	0.008994235	-0.002091926	-0.003239689	-0.004608271	-0.010424833	0.000137206	0.008994577	-0.002092154	0.003239524	0.002135299	0.004304747	0.028752318	0.000127805	0.000806069	0.000000072	0.000651007	0.013145778	0.064428171	-0.002839263	0.003162700	-0.000000022	0.019037153	0.065987048	0.129534853	0.000258341	0.048239288	0.000001010		A2: R18*p(1)
0.000009068	0.000009890	0.000008173	0.000006507	0.000004547	-0.000003593	0.000002154	-0.133711103	-0.000002737	0.000001371	-0.141031256	-0.000002096	0.000001085	-0.176497740	-0.000000672	0.030201392	-0.019079828	-0.000000060	-0.000000241	-0.000000440	0.034456093	-0.035270421	-0.000000286	-0.000000415	-0.005338660	-0.000000387	0.000000026	0.014817178	-0.012610617	0.000000539	0.000000552	0.000000011	0.000000038	0.000000400	0.000001332	0.000001748	0.000000256	-0.000000324	-0.450311868	0.000001599	-0.000001350	-0.266145612	0.000001639	-0.000001396	-0.289930435	0.000001563	-0.001380929	-0.112418903	0.000000742	-0.000002727	0.000002695	-0.020459744	-0.209436513	0.000001934	-0.000006554	-0.000023626	-0.000003225	0.000000568	0.095850556	0.031528224	0.000000882	0.000000759	0.000000001	-0.000000001	0.000000040	0.000000606	0.000001083	0.000000347	-0.000000381	-0.010269659	-0.000001036	-0.000000486	-0.037973294	-0.000001715	-0.000001191	-0.081390427	0.000000055	0.014029558	0.001398817	-0.000000653	0.000000402	-0.000000634	0.061549024	0.009143752	0.000001151	0.000001219	0.014558906	0.000000255	-0.000000123	-0.015677877	-0.005895779	-0.000000314	0.000000214	0.000000565	0.000000890	0.000002336	0.000003701	0.000004014	-0.000001215	0.000002485	-0.020051537	-0.000002022	0.000005652	-0.048748901	-0.000002016	0.000005989	-0.077580348	-0.000001500	0.006781839	-0.016582438	-0.000001369	-0.000000763	-0.000004658	0.021090144	-0.061313895	-0.000004366	-0.000002027	0.018157250	0.000000682	-0.000002722	0.017946897	0.011796245	0.000000936	-0.000001750	-0.303411920	-0.228005067	-0.135853129	-0.003901705	0.015230510	-0.009003191	0.303414261	0.228007359	0.135856077	0.003902122	-0.015230339	-0.009002988	-0.000004069	-0.000002819	-0.000000819	-0.000000226	-0.000000067	-0.026979561	0.003772876	0.015372880	0.031545222	-0.012007033	-0.003372626	-0.000091689	-0.003773107	-0.015373325	-0.031545050	0.012006521	0.003372217	-0.000091541	0.000000047	0.000000026	0.000000385	0.000000416	-0.000000970	-0.000097243	-0.000000012	0.000000479	0.000001505	0.000000226	0.000000173	-0.002084547	0.000000590	0.000001707	0.000002903	-0.000000563	0.000001941	-0.007205027		A2: R18*p(-1)
-0.839623643	-0.898824253	-0.761828243	-0.644007539	-0.480474905	-0.006734002	-0.094871791	-0.000001729	-0.114251020	-0.078330607	-0.000000828	-0.201748487	-0.052643750	-0.000000345	0.050629892	-0.000000042	-0.000002852	0.029158932	-0.003524793	0.156978468	-0.000002045	-0.000008325	0.064073112	-0.091307544	0.000000047	0.012149492	0.014220915	-0.000003826	-0.000000077	-0.006873511	-0.142716190	-0.002003078	0.001623955	0.000739244	-0.068153071	-0.162637261	-0.346378742	-0.005862849	0.000000056	-0.402443409	0.060354196	0.000001639	-0.393131662	0.113350224	0.000002694	0.004844225	0.000000274	-0.000001589	-0.011137417	0.066696699	0.120260256	0.000003471	-0.000005597	-0.124360333	0.296301424	-0.000002775	0.088460676	-0.006714188	0.000002056	-0.000000627	0.011781322	0.037753803	-0.377216894	-0.423118932	-0.439128368	-0.455301378	-0.419743205	0.145309814	0.001855943	0.000000224	0.252368127	0.077581107	0.000001649	0.253695481	0.133151988	0.000002765	0.013617025	-0.000000233	-0.000000368	-0.018981048	-0.027822103	0.112910424	-0.000003889	-0.000003153	-0.091708773	-0.208843308	-0.000001831	-0.052619818	-0.073780842	0.000000549	0.000002635	0.003300746	0.101440424	-0.210378170	-0.234120993	-0.251455718	-0.294732189	-0.301482794	-0.004797237	-0.113044669	-0.000002802	-0.025701462	-0.285270776	-0.000007619	-0.081025991	-0.328467109	-0.000008471	0.031625336	0.000000035	-0.000003119	0.055570142	-0.001042185	0.159832010	-0.000000609	-0.000014769	0.270822574	-0.021338343	0.000005649	0.001180691	0.087683140	0.000007300	0.000000174	-0.000512383	0.125003580	0.012421775	0.001891738	-0.077669496	-0.048512193	-0.006162746	-0.005200015	0.012427404	0.001895506	-0.077667879	-0.048512187	-0.006164442	0.005202290	0.251847719	0.165024482	-0.004414229	0.056999490	0.071768019	-0.000001932	-0.118441221	-0.200560401	-0.271398128	0.034319225	0.065820890	-0.089927746	-0.118442885	-0.200561765	-0.271398517	0.034317151	0.065821025	0.089929178	-0.043787523	-0.131894720	-0.246468665	0.078647446	-0.039235067	0.000000081	-0.032841809	-0.084936136	-0.171542775	0.037579367	-0.038791129	-0.000001248	-0.021046110	-0.063674193	-0.127388266	-0.043219004	-0.030821709	-0.000001097		A2: R19*p(0)
0.530122344	0.567847023	0.485560284	0.407445554	0.292520235	-0.104316572	-0.118309621	0.000000556	-0.085746906	-0.221176667	-0.000002504	-0.037981680	-0.244809141	-0.000003635	-0.035733953	-0.000000275	0.000002216	-0.006649579	0.010573730	-0.108425389	-0.000000023	0.000007514	-0.067534789	0.035808242	0.000002690	0.027580527	0.052719551	0.000005698	-0.000001561	-0.004670843	0.105480285	0.001133814	-0.001046879	-0.001909157	0.037873454	0.092028510	-0.005050666	-0.350290133	-0.000000075	0.061338824	-0.339303168	-0.000001396	0.113350224	-0.271262010	-0.000003259	-0.056759254	-0.000001582	-0.000000583	0.032701341	0.001325000	-0.201498925	-0.000005494	0.000000776	0.085143958	-0.112959732	0.000001382	-0.006721530	-0.026970050	0.000001269	0.000000997	-0.015971895	-0.069304935	0.000320787	-0.000599909	0.003156404	0.041153894	0.087593238	-0.005997016	-0.055977139	0.000000025	-0.080088681	-0.118714847	-0.000001047	-0.132801598	-0.186589051	-0.000002779	-0.009235346	-0.000000024	-0.000000326	0.006181792	0.020063046	-0.083922049	0.000002126	0.000001304	0.045695333	0.127546716	0.000000310	0.021624394	0.007011190	0.000000259	-0.000000452	0.008127899	-0.033434816	0.351530977	0.393094599	0.405286383	0.398588956	0.331113920	-0.089553636	0.108095311	0.000004110	-0.091945757	0.194335118	0.000007196	-0.065678425	0.145903381	0.000006057	-0.042529480	-0.000000204	0.000002997	-0.034284380	-0.005453021	-0.129588005	-0.000000152	0.000011821	-0.157143526	-0.001457223	-0.000004350	0.019342862	-0.064115537	-0.000006731	-0.000001812	0.019135927	-0.119898588	-0.185337476	-0.124509294	-0.013970551	-0.007657419	0.005596560	0.075651070	-0.185334494	-0.124507079	-0.013968767	-0.007659399	0.005594496	-0.075650482	0.182982704	0.128184825	0.103169564	0.073652769	0.002420712	-0.000001023	-0.030121509	-0.029123090	0.010101043	0.007091839	-0.006544571	-0.013046448	-0.030121935	-0.029123294	0.010100379	0.007091787	-0.006544986	0.013046296	0.012326702	0.019794704	0.057893078	-0.011301939	-0.003914093	-0.000000009	0.036373410	0.110985991	0.188588935	-0.062766560	0.042965888	0.000001361	0.142019950	0.211516567	0.245186354	0.079828276	0.082970898	0.000002636		A2: R19*p(1)
0.000010906	0.000011663	0.000010022	0.000008839	0.000006894	-0.000002024	0.000000643	-0.158264970	-0.000001925	-0.000001857	-0.149294260	-0.000001331	-0.000002755	-0.122072461	-0.000001023	0.024900554	-0.012108081	-0.000000474	-0.000000282	-0.000002622	0.035953808	-0.031718878	-0.000002259	-0.000000377	0.047316506	0.000001051	-0.000001121	0.000195017	0.023098165	0.000000751	0.000002539	0.000000027	0.000000016	0.000000165	0.000001317	0.000002677	-0.000000030	-0.000000075	-0.353731161	0.000001571	-0.000001364	-0.289930435	0.000002694	-0.000003259	-0.143343325	0.000000959	-0.002821832	-0.062767347	0.000000420	-0.000001477	0.000001575	-0.033563400	-0.133147691	0.000001404	-0.000005446	0.004572932	-0.000001925	0.000000439	0.055928475	0.024130864	0.000000533	0.000000377	0.000000017	0.000000006	0.000000064	0.000000851	0.000001919	0.000000175	-0.000000388	-0.056717011	-0.000001496	-0.000001108	-0.081390262	-0.000002903	-0.000002779	-0.087676706	-0.000000033	0.018568856	-0.004306897	-0.000000392	0.000000406	-0.000000934	0.042822947	0.002167469	0.000001117	0.000002170	0.009858909	0.000000293	-0.000000367	-0.000498992	-0.011151142	-0.000000270	-0.000000157	0.000008742	0.000009782	0.000009976	0.000009635	0.000007900	-0.000002276	0.000004270	-0.064788524	-0.000002244	0.000006290	-0.079699140	-0.000001396	0.000005242	-0.073292688	-0.000002082	0.007000016	-0.022673215	-0.000001502	-0.000000042	-0.000005194	0.001389137	-0.051179246	-0.000004707	0.000000255	0.019960091	0.000000610	-0.000003480	0.022288062	0.000859568	0.000000254	-0.000003481	-0.250887161	-0.170001605	-0.063982308	-0.008038597	0.076310283	0.049819780	0.250889168	0.170003317	0.063985069	0.008040749	-0.076309601	0.049821525	-0.000003355	-0.000002025	0.000000917	-0.000001379	-0.000000980	-0.051714951	0.038255303	0.041255857	0.033745008	-0.010835377	-0.013696684	0.001028554	-0.038256215	-0.041256426	-0.033744094	0.010834666	0.013696509	0.001028800	-0.000000073	-0.000000076	0.000000826	0.000000378	-0.000000758	-0.010019596	0.000000940	0.000002906	0.000004570	-0.000001395	0.000001418	-0.012893706	0.000003768	0.000005397	0.000005800	0.000001686	0.000002947	-0.019994645		A2: R19*p(-1)
0.018773326	0.051852719	0.070011101	0.042705708	0.026102460	-0.053285389	0.034648133	0.000002320	0.003403615	-0.008828237	0.000000937	-0.008855340	-0.013888013	0.000001221	0.009359944	-0.000000563	0.000000354	-0.022424443	0.051764567	0.024762211	0.000002052	-0.000001348	-0.009159304	0.060845348	0.000006607	-0.121083106	0.077007484	-0.000003702	0.000007859	-0.026833538	-0.189210540	-0.000117642	0.000117458	0.003049670	0.005721864	0.005150814	0.001829923	-0.068623501	0.000001121	0.007005124	-0.098309937	0.000001563	0.004844225	-0.056759254	0.000000959	2.379822626	-0.000001141	0.000000203	0.027869423	0.006819373	0.349694386	-0.000001353	0.000000267	0.037057398	0.002688016	0.000001049	0.002225027	-0.047539327	0.000000009	-0.000000008	0.007510731	-0.059636528	-0.000135858	0.000128783	0.004176932	0.013043789	0.011740513	-0.005104643	0.000158162	0.000000456	-0.026468588	-0.002398174	0.000000471	-0.013609300	-0.009245727	0.000000368	-0.001691541	0.000000056	0.000000109	0.003496433	0.000365045	-0.017107151	0.000000033	0.000000116	0.024299602	0.007927945	-0.000000054	0.010539628	0.000325731	0.000000052	0.000000054	-0.012487579	-0.002196849	0.000186090	-0.000108546	0.003676817	0.015561930	0.019523404	-0.002934268	0.003110852	0.000000185	-0.015038342	0.027520829	0.000001291	-0.014467496	0.023998979	0.000001570	-0.002401484	-0.000000139	0.000000240	-0.001976776	-0.004731096	-0.021592590	-0.000001275	0.000002483	-0.019004834	-0.023806044	-0.000001019	0.006893151	-0.012275039	-0.000000599	-0.000001181	0.016607502	-0.001442876	-0.055172012	-0.023046436	-0.017939912	0.014958368	-0.224337818	-0.138767260	-0.055173973	-0.023047084	-0.017940580	0.014965024	-0.224339544	0.138777131	0.057124914	0.025437041	0.023825507	-0.210270077	-0.160516653	0.000005058	0.000244794	0.002892400	0.005021834	-0.000936533	-0.000464413	0.000491917	0.000245294	0.002893044	0.005022152	-0.000936494	-0.000464680	-0.000492136	-0.000547365	-0.000343007	0.004775574	0.000247043	-0.000136082	0.000000095	0.000287343	0.000257952	0.005826137	0.000174010	-0.000584736	-0.000000041	-0.000117414	0.005423858	0.015471156	-0.000488133	0.001796212	0.000000062		A2: R20*d(0)
0.000000608	0.000001661	0.000002237	0.000001420	0.000000945	-0.000002138	0.000001877	-0.067013998	-0.000000109	0.000000149	-0.028996146	-0.000000375	0.000000061	-0.026170287	-0.000000485	0.047041983	-0.043027893	-0.000000841	0.000000549	0.000002583	-0.071915716	0.043544139	-0.000000105	0.000002795	-0.126683929	-0.000009092	0.000005990	0.074606971	-0.148337109	-0.000002423	-0.000008057	-0.000000010	0.000000020	0.000000279	0.000000387	0.000000313	0.000000238	-0.000001964	0.000583408	0.000000435	-0.000002774	-0.001380929	0.000000274	-0.000001582	-0.002821832	-0.000001141	2.416727885	0.006627796	0.000000862	0.000000126	-0.000001396	0.393700344	0.011860786	0.000001122	0.000000126	0.007083097	0.000000879	-0.000001328	-0.010653259	0.004092277	0.000000358	-0.000001717	0.000000334	0.000000349	0.000000252	0.000000299	0.000000341	0.000000106	0.000000157	-0.002088233	-0.000000085	0.000000037	-0.014030426	-0.000000271	-0.000000190	-0.018565263	0.000000046	0.001718887	0.000487842	0.000000086	-0.000000070	-0.000000071	0.029423726	0.002851334	0.000000383	0.000000103	0.006686542	-0.000000026	-0.000000010	-0.007899661	-0.001226965	-0.000000117	-0.000000143	-0.000000001	0.000000006	0.000000212	0.000000640	0.000000732	-0.000000097	0.000000399	-0.007173872	-0.000000441	0.000001580	-0.016141512	-0.000000309	0.000001365	-0.016246939	-0.000000196	0.000613309	-0.002383892	-0.000000121	-0.000000194	-0.000001546	0.005245424	-0.020741573	-0.000001540	-0.000000966	0.005637286	0.000000396	-0.000001023	0.005442290	0.004330195	0.000000830	-0.000000368	0.006242073	0.000831712	0.000426283	0.085892400	0.023628832	0.026504533	-0.006245127	-0.000832914	-0.000427047	-0.085891071	-0.023638404	0.026515653	0.000001699	0.000000725	0.000000737	-0.000006782	-0.000006049	-0.092949580	0.000386678	0.004050547	0.006542257	-0.001044212	-0.000725935	0.000243672	-0.000386604	-0.004050495	-0.006542007	0.001044456	0.000725928	0.000243457	0.000000089	0.000000145	0.000000179	-0.000000010	-0.000000021	-0.000411010	0.000000017	0.000000012	0.000000264	-0.000000067	0.000000077	-0.001800419	0.000000007	0.000000102	0.000000412	0.000000005	0.000000124	-0.002027444		A2: R20*d(1)
-0.000000379	-0.000001047	-0.000001417	-0.000000881	-0.000000640	0.000001811	-0.000000253	0.042957348	-0.000000031	0.000000184	0.009596586	-0.000000073	-0.000000287	-0.006310207	0.000000199	-0.041952109	0.001603503	-0.000000484	-0.000000923	-0.000002254	0.061554257	-0.053821734	0.000001923	-0.000001305	0.083767031	0.000006303	-0.000003166	-0.046088247	0.100663634	-0.000001657	0.000005623	0.000000016	-0.000000030	-0.000000432	-0.000000559	-0.000000482	-0.000001856	-0.000000819	-0.082359386	-0.000002689	-0.000001083	-0.112418903	-0.000001589	-0.000000583	-0.062767347	0.000000203	0.006627796	2.355749478	0.000000754	0.000000126	0.000000304	0.012101131	0.320629485	0.000000898	0.000000240	-0.021811417	-0.000001338	0.000000131	0.093090646	0.003768944	0.000001653	0.000000578	0.000000148	0.000000150	0.000000019	-0.000000136	-0.000000440	-0.000000091	-0.000000162	0.000697852	0.000000096	-0.000000130	0.001386836	0.000000731	-0.000000144	-0.004322348	-0.000000072	-0.000485900	-0.000771985	-0.000000208	0.000000141	-0.000000003	-0.001303388	-0.006912182	-0.000000284	0.000000036	-0.000713106	0.000000027	0.000000031	0.000185754	0.002141961	0.000000020	0.000000024	0.000000028	-0.000000026	-0.000000473	-0.000000880	-0.000000551	0.000000285	-0.000000647	0.009313009	0.000000990	-0.000001761	0.021245891	0.000000221	-0.000000633	0.015800701	0.000000298	-0.000864228	0.002828328	0.000000182	0.000000354	0.000001785	-0.013409214	0.023468801	0.000000811	0.000001463	-0.007928349	-0.000000747	0.000001398	-0.005124637	-0.007816597	-0.000001210	0.000000018	-0.097452135	-0.040887628	-0.034706864	0.021699476	-0.228428240	-0.371511746	0.097451657	0.040887020	0.034706002	-0.021709026	0.228418951	-0.371512111	0.000001247	0.000000459	0.000000233	-0.000006022	-0.000003020	-0.076610515	0.000306644	0.001216694	0.003934187	-0.000317643	0.000400059	-0.000118073	-0.000306768	-0.001216974	-0.003934983	0.000317352	-0.000400206	-0.000117986	-0.000000033	-0.000000051	-0.000000107	-0.000000014	-0.000000204	0.000303507	0.000000058	0.000000068	-0.000000222	0.000000028	-0.000000144	0.002435095	-0.000000108	-0.000000521	-0.000000519	-0.000000203	-0.000000094	0.002798452		A2: R20*d(-1)
-0.014002996	-0.038633352	-0.052502672	-0.032499535	-0.019698158	0.001429324	-0.088258294	-0.000000952	-0.019167063	-0.021892184	-0.000000125	-0.009072596	-0.013790836	-0.000000055	-0.023832464	-0.000000908	-0.000000541	0.072435655	-0.000574558	-0.023806422	-0.000000615	0.000001558	-0.072252634	-0.078305161	-0.000003628	0.062871238	-0.104650365	-0.000001442	-0.000005968	0.234403656	0.113159832	0.000094288	-0.000044357	-0.001815574	-0.003691043	-0.003238854	-0.009191483	0.042870805	0.000000525	-0.017395626	0.058906186	0.000000742	-0.011137417	0.032701341	0.000000420	0.027869423	0.000000862	0.000000754	2.397633350	-0.002526098	0.036376644	0.000001080	0.000000884	0.367262814	-0.002107922	-0.000000627	0.003933270	0.031261557	-0.000000633	-0.000000064	-0.012099033	0.036670017	0.000453543	-0.000394047	-0.008711188	-0.022289550	-0.017724209	0.011627770	0.002255715	0.000000153	0.045022595	0.004372347	0.000000166	0.019020481	0.006228527	0.000000199	0.003497003	-0.000000019	0.000000117	-0.006335173	-0.001246560	0.020832106	-0.000000225	0.000000056	-0.041029182	-0.006891325	-0.000000026	-0.016568484	-0.000367844	-0.000000021	0.000000025	0.022126170	0.003055858	-0.000674004	0.000530802	0.006939519	0.007650272	-0.002132049	-0.003770849	0.007875316	0.000000411	-0.016468139	0.004680265	0.000000587	-0.007772683	-0.018388751	-0.000000056	-0.002198805	-0.000000087	0.000000315	-0.001625750	-0.002936116	0.000721588	-0.000000772	-0.000000015	0.023647589	-0.017656947	-0.000000594	0.006469893	-0.005416187	-0.000000080	-0.000000749	0.010391499	0.011131225	0.036469005	0.015000314	0.011197977	-0.014045499	0.056597007	0.157174249	0.036467741	0.014999652	0.011197441	-0.014050501	0.056591856	-0.157168999	-0.031279290	-0.012749398	-0.011407449	0.051391905	0.176036201	-0.000001891	0.000271065	-0.005282696	-0.010429771	0.002552027	0.001227537	-0.000560471	0.000271179	-0.005282813	-0.010429727	0.002552106	0.001227580	0.000560478	0.000981518	0.000297957	-0.006752404	0.000384259	0.000829436	0.000000037	-0.001370251	-0.000795110	-0.000891024	0.000216696	0.000709323	0.000000055	0.000625056	0.007978333	0.005554318	-0.000019989	0.003568487	0.000000197		A2: R20*d(2)
0.029390787	0.081126644	0.109203384	0.065470779	0.038270468	-0.103078789	0.023686700	0.000001846	0.005188098	-0.015262321	0.000000110	0.003488404	-0.000453714	0.000000150	0.050755752	0.000000620	-0.000000882	-0.002264250	0.072881757	0.054465746	0.000003296	-0.000001203	-0.087770308	0.050219160	0.000007703	-0.208991550	0.100018793	-0.000005982	0.000008210	0.072004731	-0.305347748	-0.000105520	-0.000279794	-0.000284158	0.002800225	0.002692786	0.079161650	0.006799740	-0.000001921	0.116251148	0.004284755	-0.000002727	0.066696699	0.001325000	-0.000001477	0.006819373	0.000000126	0.000000126	-0.002526098	2.362660082	0.002647632	0.000000133	0.000000225	-0.002503885	0.323082449	0.000002139	-0.080393419	-0.001076656	-0.000000048	-0.000000307	-0.034897446	0.002715341	0.000437657	-0.000343724	-0.002000934	0.004572056	0.014235275	0.002836033	0.000420622	0.000000805	-0.011132214	-0.012305899	0.000000972	-0.027775438	-0.020074160	0.000000488	-0.000359328	0.000000075	0.000000272	0.001236248	-0.000052444	-0.012009001	0.000000307	0.000000423	0.019105526	0.031747921	-0.000000049	0.001925677	0.002142131	-0.000000046	0.000000080	-0.003352981	-0.010325973	-0.000254293	0.000244129	0.008846199	0.024950013	0.022614659	-0.004999435	0.009772752	0.000000437	-0.016577077	0.048013720	0.000001588	0.003146151	0.032987566	0.000001091	-0.003881932	-0.000000220	0.000000307	-0.005059303	-0.007326435	-0.024043847	-0.000000870	0.000002695	-0.045794196	-0.031197538	-0.000001267	0.008351110	-0.018327654	-0.000001107	-0.000001323	0.028517399	-0.009153426	0.004388187	0.000966536	0.001857966	0.073362219	0.013067219	0.022916319	0.004390309	0.000967512	0.001858732	0.073359751	0.013071594	-0.022925786	-0.095159582	-0.041633005	-0.034398164	0.376672200	0.221904030	-0.000005963	-0.000870308	-0.002805697	0.003466394	0.001156823	0.000466542	-0.000590020	-0.000869074	-0.002804479	0.003467008	0.001157128	0.000466196	0.000589839	0.001319378	0.000929530	0.005689752	0.000910608	0.000491517	0.000000154	-0.000359504	0.000024652	0.008725286	0.000482531	-0.000252780	0.000000071	-0.000795883	0.001953294	0.004966064	0.000590638	0.001698008	0.000000076		A2: R20*d(-2)
0.668601141	0.671074523	0.400733568	0.288531464	0.202225603	-0.007849269	0.005008494	0.000003640	0.024294700	-0.028271670	0.000000390	-0.018896145	-0.031049218	0.000002064	0.012455512	0.000002635	-0.000000941	-0.029417417	0.060195459	0.052144006	0.000005506	-0.000002437	0.020445635	0.020169950	0.000004828	-0.070488575	0.047291383	-0.000001186	0.000003551	0.001597250	0.083826031	0.000295650	-0.000233564	0.009275537	0.053571417	0.084704130	0.005213355	-0.093974688	0.000001580	0.090703188	-0.240145994	0.000002695	0.120260256	-0.201498925	0.000001575	0.349694386	-0.000001396	0.000000304	0.036376644	0.002647632	0.474638439	-0.000004636	0.000001797	0.135427075	-0.093535934	0.000002203	-0.020146013	-0.062443501	-0.000000246	0.000000489	0.008042971	-0.130376226	0.017783610	0.029082586	0.069160165	0.096764566	0.103140713	-0.064230312	-0.005960843	-0.000000048	-0.114960569	-0.053098818	-0.000000644	-0.112842713	-0.084011913	-0.000000620	-0.017107320	0.000000092	-0.000000001	0.020813228	0.012042260	-0.058012017	0.000001499	0.000000766	0.028232620	0.122850146	0.000000534	0.024226707	0.018195280	-0.000000252	-0.000000684	0.011624726	-0.047288807	0.024451322	0.036814843	0.083827587	0.120213494	0.132041654	-0.031223185	0.067897991	0.000003518	-0.021991451	0.155797987	0.000006663	-0.024720235	0.159935725	0.000006177	-0.025954375	-0.000000930	0.000003129	-0.030530194	-0.014391544	-0.081371378	0.000000302	0.000009064	-0.145747594	0.021082928	-0.000004104	0.000981371	-0.052984208	-0.000005371	-0.000000395	-0.004112187	-0.079254804	-0.030837348	-0.003320770	0.005857061	0.015166553	-0.244318399	0.113835320	-0.030838372	-0.003321019	0.005855823	0.015173458	-0.244318623	-0.113829502	0.031107735	0.010478338	0.071566586	-0.039948166	-0.042397194	0.000006616	0.011387966	0.029571538	0.050482285	-0.017449873	-0.008612268	0.015683840	0.011388217	0.029571830	0.050482501	-0.017449884	-0.008612462	-0.015684435	-0.003284210	0.008903906	0.049626217	-0.006441756	0.000140218	0.000000020	-0.001943095	0.010897672	0.054366755	-0.003778759	0.004512701	0.000000295	0.019376430	0.041890068	0.074226932	0.003545767	0.032332896	0.000001641		A2: R21*d(0)
0.000021479	0.000021541	0.000012743	0.000009004	0.000006177	-0.000001373	0.000001505	-0.148380753	0.000000194	-0.000001328	-0.010716430	-0.000001075	-0.000000643	-0.038181762	0.000002395	-0.074368759	0.047562342	-0.000000792	0.000002709	0.000006051	-0.200970501	0.190412632	0.000001512	0.000004030	-0.107707835	-0.000005160	0.000004046	0.019564199	-0.177242868	-0.000002354	-0.000000789	-0.000000014	0.000000022	0.000000599	0.000002070	0.000002812	0.000000349	-0.000002618	-0.000598473	0.000003054	-0.000006629	-0.020459744	0.000003471	-0.000005494	-0.033563400	-0.000001353	0.393700344	0.012101131	0.000001080	0.000000133	-0.000004636	0.615743510	0.048367476	0.000003950	-0.000002492	0.025431420	0.000001191	-0.000001990	-0.026509833	0.021921507	0.000000484	-0.000003688	0.000000008	0.000000001	0.000000235	0.000001470	0.000002502	-0.000000078	0.000000068	-0.035970938	-0.000002529	-0.000001288	-0.061556232	-0.000003713	-0.000002290	-0.042824816	-0.000000021	0.029424948	0.001332288	0.000000337	-0.000000044	-0.000001593	0.039816227	0.019538255	0.000002554	0.000002869	0.017224515	0.000000250	-0.000000029	-0.014159442	-0.013706727	-0.000000404	-0.000001113	0.000000905	0.000001421	0.000003372	0.000004527	0.000004492	-0.000000777	0.000004365	-0.043710725	-0.000000438	0.000007927	-0.067927820	-0.000000779	0.000006500	-0.053085186	-0.000001925	0.004771600	-0.024319592	-0.000002156	-0.000000687	-0.000004881	-0.004960831	-0.054497266	-0.000006420	0.000000329	0.019308979	0.000000069	-0.000004245	0.028775901	0.001394342	0.000000233	-0.000003903	0.004100051	-0.004752136	-0.008042753	0.242134195	0.018622929	0.010216007	-0.004101675	0.004752310	0.008043842	-0.242134762	-0.018630291	0.010220037	0.000000866	0.000000130	0.000002018	-0.000002290	-0.000004475	-0.251387639	0.016258076	0.028974835	0.015401473	-0.022252365	-0.011542418	0.001779899	-0.016258842	-0.028975102	-0.015399305	0.022253320	0.011542912	0.001779905	0.000000085	0.000000117	0.000000955	0.000000057	-0.000000096	-0.004191734	-0.000000015	0.000000477	0.000001999	-0.000000280	0.000000511	-0.008560444	0.000000204	0.000000881	0.000002474	0.000000453	0.000001000	-0.010305597		A2: R21*d(1)
-0.000013545	-0.000013612	-0.000008322	-0.000006163	-0.000004516	0.000002177	0.000001468	0.099484441	-0.000000186	0.000001628	-0.005416177	0.000000079	0.000000256	-0.027728862	-0.000001734	0.046356952	-0.043608764	0.000002074	-0.000001358	-0.000004980	0.217226065	-0.074222582	0.000005614	-0.000001039	0.073813346	0.000005078	0.000000045	-0.149202847	0.056661703	-0.000004107	0.000001248	0.000000013	-0.000000021	-0.000000583	-0.000001759	-0.000002487	-0.000002500	-0.000001069	-0.109176559	-0.000006645	-0.000000772	-0.209436513	-0.000005597	0.000000776	-0.133147691	0.000000267	0.011860786	0.320629485	0.000000884	0.000000225	0.000001797	0.048367476	0.458362879	0.000001827	0.000002696	-0.044636942	-0.000002104	0.000000108	0.157097018	-0.004004112	0.000003045	0.000001391	-0.000000039	0.000000035	0.000000149	-0.000000619	-0.000001996	-0.000000331	-0.000000295	0.001051661	0.000001107	0.000000421	0.009094819	0.000003545	0.000001038	0.002133295	-0.000000086	-0.002822483	-0.006913221	-0.000000455	0.000000325	0.000000807	-0.019484349	-0.027940997	-0.000001324	-0.000001418	-0.006318691	0.000000009	0.000000120	0.003595666	0.014478749	0.000000008	0.000000430	-0.000001472	-0.000002402	-0.000005246	-0.000005110	-0.000003567	0.000002733	-0.000005382	0.056300123	0.000001802	-0.000006024	0.075356648	-0.000000021	-0.000002983	0.032748102	0.000002554	-0.014199041	0.029045094	0.000001551	0.000001637	0.000002115	0.000130921	0.030356790	0.000003491	-0.000002232	-0.017506781	-0.000000217	0.000003208	-0.018309309	-0.006697466	0.000000004	0.000003166	-0.055630311	-0.011087025	-0.050780096	0.015456268	0.020612187	-0.137081488	0.055630029	0.011086609	0.050777398	-0.015463627	-0.020619898	-0.137084976	0.000000732	-0.000000031	-0.000000577	-0.000004411	0.000000345	-0.197172321	0.004830121	0.005958550	0.004518954	-0.005376744	0.002326616	-0.000319740	-0.004830135	-0.005958790	-0.004521321	0.005375967	-0.002327383	-0.000319677	-0.000000059	-0.000000053	-0.000000573	0.000000020	-0.000000305	0.000724331	0.000000263	-0.000000333	-0.000001800	0.000000362	-0.000000565	0.010019455	-0.000001819	-0.000003273	-0.000002315	-0.000000667	-0.000003055	0.022348309		A2: R21*d(-1)
-0.498151987	-0.499337831	-0.292515763	-0.205755124	-0.140129749	-0.090329509	-0.167235091	-0.000001497	-0.049523416	-0.042145610	-0.000000904	-0.028179985	-0.045156082	-0.000000818	-0.015784429	-0.000000730	0.000001420	-0.075904969	-0.081571713	0.023688661	0.000000754	0.000004047	-0.273277608	-0.164500150	0.000000973	-0.033504969	-0.011450540	-0.000003700	-0.000004045	0.238114231	-0.017334503	-0.000122426	0.000127612	-0.006996013	-0.037960983	-0.056849544	-0.014650218	0.059262985	0.000000759	-0.102197759	0.129816050	0.000001934	-0.124360333	0.085143958	0.000001404	0.037057398	0.000001122	0.000000898	0.367262814	-0.002503885	0.135427075	0.000003950	0.000001827	0.500823977	0.044092483	-0.000001412	0.026238749	0.047582533	-0.000000490	-0.000000505	-0.042176014	0.090158118	-0.029910481	-0.051125631	-0.122298195	-0.139800582	-0.113955506	0.119050636	0.016167794	0.000000241	0.149639821	0.054340906	0.000001229	0.092004545	0.045971478	0.000001321	0.024312366	-0.000000378	-0.000000188	-0.041009597	-0.019221892	0.028427811	-0.000002572	-0.000001223	-0.023421326	-0.107830213	-0.000001025	-0.017410470	-0.020806662	0.000000932	0.000001042	-0.005359288	0.059404802	0.017967837	0.031768257	0.060103556	0.009626304	-0.045821671	-0.052789915	0.033852968	0.000002227	-0.044491173	-0.082160240	-0.000000359	-0.013433167	-0.140616933	-0.000002806	-0.007454058	-0.000000979	0.000000925	0.013703454	-0.024621210	0.089471617	0.000000609	-0.000006404	0.122121833	0.025837960	0.000001644	-0.000612644	0.034728235	0.000001812	-0.000000190	0.000724800	0.029843344	0.022302771	0.001214436	-0.012209818	-0.020713323	-0.090250063	0.110710197	0.022301890	0.001214129	-0.012210379	-0.020720963	-0.090251083	-0.110706681	-0.020321888	-0.002325040	-0.025726949	-0.148688340	0.260757787	-0.000001471	-0.019197228	-0.052779861	-0.069015141	0.036592873	0.021920663	-0.022097860	-0.019198206	-0.052780580	-0.069014877	0.036593091	0.021921058	0.022098720	0.005103697	-0.014977384	-0.056978952	0.013039667	0.001414702	0.000000070	-0.005026849	0.000294579	-0.013834073	-0.002437233	0.002416324	0.000000267	0.032900887	0.055430029	0.002887527	0.002544580	0.050773556	0.000001920		A2: R21*d(2)
1.045996035	1.049133330	0.617354847	0.428370968	0.285337166	-0.065297563	-0.071108068	0.000001355	0.030182489	-0.054017117	-0.000001659	0.002342708	-0.011250470	-0.000000929	0.030867920	0.000002803	0.000000027	-0.091919380	0.054114225	-0.040617010	0.000004651	0.000001034	-0.181710533	-0.027549311	0.000001064	0.029313164	-0.031628944	-0.000001643	-0.000000226	0.115312509	-0.018156890	0.000287784	-0.000376431	0.010715922	0.071260708	0.109202005	0.113441190	0.005326858	-0.000002516	0.335834750	-0.074527698	-0.000006554	0.296301424	-0.112959732	-0.000005446	0.002688016	0.000000126	0.000000240	-0.002107922	0.323082449	-0.093535934	-0.000002492	0.000002696	0.044092483	0.313650142	0.000004562	-0.165655482	0.024231811	-0.000000510	0.000000779	-0.075355827	-0.047918425	0.000943150	-0.000729832	0.006468408	0.070295010	0.129371171	-0.005736539	-0.032664019	-0.000000067	-0.134685538	-0.111227540	-0.000001161	-0.208596598	-0.127639575	-0.000002163	-0.007889236	0.000000060	0.000000023	0.006775406	0.031728449	-0.122805163	0.000002905	0.000001487	0.107523949	0.168909088	0.000000784	0.037311664	0.020402820	-0.000000347	-0.000000919	-0.000557471	-0.060905041	0.035899686	0.057307998	0.140215956	0.195025364	0.185962963	-0.034979917	0.132127151	0.000004621	-0.018862251	0.273817941	0.000009137	0.003285572	0.223793505	0.000006998	-0.036387418	-0.000000740	0.000004021	-0.068737279	-0.023299463	-0.110561113	0.000000364	0.000013260	-0.243083031	0.009891172	-0.000006026	-0.002977259	-0.081560515	-0.000008722	-0.000000428	0.011703254	-0.134848764	0.002657667	0.002366597	0.044358739	0.195439191	0.001439571	0.016418739	0.002658688	0.002366968	0.044360488	0.195435246	0.001438829	-0.016426010	-0.054128422	-0.006735024	-0.001996871	0.137371931	-0.030326650	-0.000004294	-0.012929480	-0.015754965	0.051413328	0.015987623	-0.003330290	-0.010064715	-0.012929943	-0.015755031	0.051413361	0.015987851	-0.003330660	0.010064910	0.003875256	0.010318184	0.056863935	-0.002958742	-0.000546897	-0.000000002	-0.003220999	0.019155388	0.084262222	-0.005105013	0.010894899	0.000000604	0.007645030	0.033346299	0.080847326	0.017890513	0.027528346	0.000001043		A2: R21*d(-2)
-0.000007406	-0.000008887	-0.000003967	-0.000003120	-0.000001378	-0.000000423	0.000000358	0.047277954	0.000000127	0.000000094	-0.018530695	-0.000000499	0.000000390	0.017564416	-0.000006799	0.128773360	-0.082730201	0.000003703	-0.000007709	-0.000005667	0.129403799	-0.087623909	0.000000325	-0.000000995	0.307676064	0.000020627	-0.000012781	-0.159482771	0.329687197	0.000000606	0.000005963	-0.000000036	0.000000059	0.000001226	0.000001509	0.000001096	-0.000001730	0.000000712	-0.003097045	-0.000004163	0.000001886	-0.000023626	-0.000002775	0.000001382	0.004572932	0.000001049	0.007083097	-0.021811417	-0.000000627	0.000002139	0.000002203	0.025431420	-0.044636942	-0.000001412	0.000004562	2.640186670	0.000000396	0.000001847	0.008838801	-0.014708326	0.000000197	-0.000000821	-0.000000039	0.000000033	0.000000236	-0.000000093	-0.000000373	0.000000121	0.000000091	0.005196893	0.000001067	0.000000453	0.014559359	0.000001212	0.000000762	0.009859290	-0.000000015	-0.006685908	-0.000718389	-0.000000094	0.000000065	0.000000643	-0.017219401	-0.006332296	-0.000001061	-0.000000842	-0.014199861	-0.000000124	0.000000097	0.016046885	0.003075975	0.000000179	0.000000155	0.000000014	-0.000000041	-0.000000946	-0.000001237	-0.000001019	0.000000752	-0.000001638	0.013517684	0.000000652	-0.000002688	0.024338125	0.000000101	-0.000001879	0.016691391	0.000001145	-0.004129924	0.009328095	0.000000862	0.000001012	0.000001663	-0.003691344	0.019887005	0.000001994	-0.000000411	-0.018124092	-0.000001309	0.000003140	-0.013750153	-0.015680544	-0.000001519	0.000001004	0.021372833	-0.003264005	-0.001342006	0.030547554	-0.428147065	0.271698503	-0.021378075	0.003265993	0.001344665	-0.030561494	0.428157424	0.271688624	-0.000003952	0.000001341	0.000001667	-0.000008601	-0.000006109	-0.385756952	-0.001043279	-0.005472736	-0.002741409	0.003720839	0.001687661	-0.000910464	0.001043745	0.005473392	0.002741413	-0.003721067	-0.001687885	-0.000910703	0.000000131	0.000000242	0.000000053	-0.000000091	0.000000145	0.000587502	0.000000223	0.000000199	-0.000000293	-0.000000085	-0.000000081	0.002562634	-0.000000108	-0.000000600	-0.000000456	0.000000079	-0.000000737	0.004184692		A2: R22*f(0)
0.233729699	0.279495018	0.122665001	0.104319122	0.067992682	0.033120388	-0.006486612	0.000001639	-0.017368214	0.011450232	-0.000000514	-0.001095925	0.019462191	0.000000573	0.120698176	0.000009159	-0.000006154	-0.064219444	0.208929437	0.073762392	0.000005565	-0.000005304	0.038569422	-0.019557814	0.000020470	-0.238563113	0.196173540	-0.000004697	0.000021407	-0.099640474	-0.020227453	-0.000093121	0.000114803	0.005663572	0.020454863	0.025176398	0.051043404	0.006985210	-0.000001587	0.125711254	-0.000428833	-0.000003225	0.088460676	-0.006721530	-0.000001925	0.002225027	0.000000879	-0.000001338	0.003933270	-0.080393419	-0.020146013	0.000001191	-0.000002104	0.026238749	-0.165655482	0.000000396	2.621211580	0.014846494	0.000000266	0.000000090	0.005328351	-0.002243327	-0.000251454	0.000539289	0.014899917	0.026541484	0.034557707	-0.019009409	-0.001355633	0.000000122	-0.042143419	-0.015029648	0.000000059	-0.052660989	-0.021671160	-0.000000076	-0.010539400	0.000000005	-0.000000008	0.016565046	0.001954308	-0.024240926	0.000000363	0.000000093	0.017367245	0.037355982	0.000000114	0.027007688	0.004132392	-0.000000141	-0.000000047	-0.018683912	-0.013351710	0.000010521	0.000258218	0.010655122	0.025301025	0.031892428	-0.005139478	0.012255484	0.000000832	-0.005377686	0.048207027	0.000002265	0.001166789	0.054723246	0.000001945	-0.008230618	-0.000000383	0.000001085	-0.010409408	-0.008423446	-0.030907828	-0.000000191	0.000003791	-0.054222134	-0.004264351	-0.000002400	0.004880064	-0.025479959	-0.000002660	-0.000001326	0.014754853	-0.026125759	-0.014295100	0.004007554	0.014837552	0.344782833	0.048324601	0.011337663	-0.014301097	0.004008861	0.014838733	0.344787568	0.048344710	-0.011344193	0.120654797	-0.031165848	-0.019398246	0.108096037	0.191568661	-0.000017337	0.000444954	0.005497634	0.017321216	-0.003213006	-0.001099331	0.002194106	0.000445140	0.005497927	0.017321432	-0.003213082	-0.001099463	-0.002194277	-0.000608423	0.000861341	0.012713503	-0.000075952	-0.000316371	0.000000042	-0.000382728	0.000481451	0.011353531	0.000156992	-0.000351753	0.000000085	0.000405241	0.002411743	0.009426241	0.000760996	0.001522141	0.000000182		A2: R22*f(1)
-0.147897870	-0.176187702	-0.076794677	-0.083623038	-0.100660685	-0.008376646	0.026940353	-0.000000735	0.036565438	-0.030172439	0.000000464	0.102058764	-0.067102467	-0.000001201	-0.076094679	-0.000006173	0.000003209	0.107336888	-0.099393171	-0.026477258	-0.000004742	0.000000228	0.027195697	0.080285270	-0.000013068	0.196610041	-0.050357502	0.000013041	-0.000008658	-0.153234006	0.036096727	0.003385880	-0.005673123	-0.124705384	-0.198804856	-0.177419515	0.006591988	-0.033543190	0.000000160	-0.000588902	-0.054588532	0.000000568	-0.006714188	-0.026970050	0.000000439	-0.047539327	-0.000001328	0.000000131	0.031261557	-0.001076656	-0.062443501	-0.000001990	0.000000108	0.047582533	0.024231811	0.000001847	0.014846494	2.498753716	0.000001105	-0.000003733	-0.006594547	0.103610494	-0.000247242	0.000197649	0.000520453	-0.009296587	-0.033402062	-0.001327772	0.000788588	0.000000038	0.018521726	0.009648887	0.000000132	0.073734263	0.007052995	0.000000066	0.000317016	0.000000025	0.000000013	-0.000350736	-0.002141223	0.018175812	-0.000000143	-0.000000032	-0.020759888	-0.020406384	-0.000000095	-0.004107939	-0.004070486	0.000000184	0.000000015	0.001545680	0.011709877	0.000433291	-0.000789647	-0.017130923	-0.025286235	-0.039608754	0.010818229	-0.019250581	-0.000000851	0.011537803	-0.036693527	-0.000001805	0.030328928	-0.066714230	-0.000001767	0.012410710	0.000000836	-0.000001419	0.010065874	0.015562261	0.018016511	0.000000453	-0.000002291	0.028343032	-0.001781216	0.000002943	-0.011244909	0.025312392	0.000002212	0.000002374	-0.017820239	0.010956526	0.193936065	-0.081164943	-0.143349530	0.046044910	-0.323138638	-0.157833401	0.193936777	-0.081164940	-0.143349697	0.046064667	-0.323121203	0.157851317	0.088586869	-0.054452215	-0.119302596	0.183024860	-0.025929287	-0.000012367	0.000306438	0.000292093	-0.019320950	-0.000877421	-0.000354946	0.000705521	0.000306638	0.000292205	-0.019321383	-0.000877360	-0.000354932	-0.000705633	-0.000424566	-0.000512116	-0.007595574	-0.000334840	-0.000266120	0.000000034	0.001169196	-0.000101745	-0.009900279	-0.000253489	-0.000226282	0.000000048	-0.001921141	-0.010722836	-0.023483611	0.000751580	-0.009593609	-0.000000458		A2: R22*f(-1)
0.000004109	0.000004931	0.000002200	0.000001856	0.000001261	0.000001030	0.000000956	-0.024442922	-0.000000466	-0.000000039	0.015361424	-0.000000559	0.000001203	0.008178114	0.000003775	-0.073486159	0.043601718	0.000001462	0.000005852	0.000002070	-0.019682247	0.148335640	0.000004021	0.000002578	-0.155170534	-0.000004582	0.000012855	-0.179258943	-0.324150883	-0.000016270	-0.000003441	-0.000000030	0.000000045	0.000001085	0.000001808	0.000001595	0.000001450	0.000001175	0.050253076	0.000003294	0.000002162	0.095850556	0.000002056	0.000001269	0.055928475	0.000000009	-0.010653259	0.093090646	-0.000000633	-0.000000048	-0.000000246	-0.026509833	0.157097018	-0.000000490	-0.000000510	0.008838801	0.000000266	0.000001105	2.609022555	-0.003513890	0.000000412	-0.000001452	0.000000069	-0.000000053	-0.000000469	-0.000000262	0.000000199	-0.000000573	-0.000000304	-0.006816982	-0.000001519	-0.000000576	-0.015687673	-0.000002119	-0.000000256	-0.000516980	-0.000000117	0.007901526	0.000195135	0.000000201	0.000000036	-0.000000670	0.014178198	0.003629493	0.000001062	0.000000548	0.016051540	0.000000153	-0.000000099	-0.020277393	-0.002389534	-0.000000136	-0.000000152	0.000000023	-0.000000035	-0.000000497	0.000000010	0.000000296	0.000000496	-0.000000252	-0.001445714	0.000000280	0.000001223	-0.002703894	-0.000000072	0.000001269	-0.006298361	0.000000481	-0.003475403	0.002391408	-0.000000078	0.000000758	-0.000001342	-0.005327800	-0.009903389	-0.000001930	-0.000000797	-0.006072107	-0.000001026	0.000000273	0.003984853	-0.012791819	-0.000000642	-0.000001498	-0.130887245	0.032000024	0.029335873	-0.060021132	-0.089083443	0.343490275	0.130882816	-0.031998188	-0.029333023	0.060045833	0.089096469	0.343486056	0.000001553	-0.000000351	0.000000234	-0.000002459	0.000010864	0.158871847	0.001910213	0.006834836	-0.000373113	-0.004254029	-0.002387089	0.001046258	-0.001911147	-0.006836148	0.000373087	0.004254072	0.002387454	0.001046717	-0.000000392	-0.000000606	-0.000000445	0.000000067	-0.000000141	-0.000791332	-0.000000120	-0.000000190	-0.000000046	0.000000004	0.000000025	-0.001133406	-0.000000185	-0.000000728	-0.000000070	0.000000163	-0.000000823	0.000802147		A2: R22*f(2)
-0.000008662	-0.000010336	-0.000004530	-0.000004439	-0.000004334	-0.000000192	0.000000881	0.054854833	0.000001199	-0.000000823	-0.022089117	0.000003571	-0.000001681	0.024280977	-0.000007996	0.149195207	-0.097814927	0.000005943	-0.000008085	-0.000003554	0.176726243	-0.057613376	0.000002459	0.000000533	0.326872261	0.000021416	-0.000008482	-0.325602306	0.345199899	-0.000006133	0.000012091	0.000000101	-0.000000174	-0.000003780	-0.000006228	-0.000005690	0.000000179	0.000000309	0.012290810	-0.000000427	0.000001153	0.031528224	-0.000000627	0.000000997	0.024130864	-0.000000008	0.004092277	0.003768944	-0.000000064	-0.000000307	0.000000489	0.021921507	-0.004004112	-0.000000505	0.000000779	-0.014708326	0.000000090	-0.000003733	-0.003513890	2.627720386	0.000000155	0.000003661	-0.000000031	0.000000028	0.000000185	-0.000000266	-0.000001269	0.000000009	-0.000000119	0.000520245	0.000000990	0.000000274	0.005870657	0.000002951	0.000000677	0.011150153	-0.000000049	-0.001212820	-0.002142754	0.000000005	-0.000000014	0.000000653	-0.013672746	-0.014484015	-0.000001023	-0.000000865	-0.003050468	-0.000000077	0.000000013	0.002340832	0.010211127	0.000000105	0.000000283	0.000000070	-0.000000092	-0.000001532	-0.000002111	-0.000002489	0.000000336	-0.000001647	0.015697766	0.000000202	-0.000002990	0.028770035	0.000001100	-0.000003384	0.019754342	0.000001332	-0.004219592	0.011265441	0.000001194	0.000001258	0.000002060	-0.002326056	0.026297000	0.000002487	0.000000313	-0.020462145	-0.000001057	0.000003582	-0.020598470	-0.016968422	-0.000002109	0.000001907	-0.018900559	0.005825177	0.007909635	0.466897213	0.019547257	0.048110547	0.018908125	-0.005829025	-0.007917620	-0.466889133	-0.019553921	0.048130638	0.000004889	-0.000002122	-0.000004177	0.000012344	0.000004779	0.474839353	0.000981589	0.002446358	-0.002353590	-0.001963843	0.000350624	0.000322528	-0.000981472	-0.002446282	0.002352382	0.001963957	-0.000350795	0.000322494	0.000000113	0.000000176	-0.000000234	-0.000000057	0.000000129	0.000184964	-0.000000459	-0.000000712	-0.000001136	0.000000180	-0.000000158	0.002945024	-0.000000054	-0.000000479	-0.000001505	-0.000000206	-0.000000342	0.003652941		A2: R22*f(-2)
0.042252121	0.050585965	0.021187846	0.014879071	0.004217482	-0.037700491	-0.073804677	-0.000000174	0.013133795	0.017395811	-0.000000190	-0.004242006	-0.026989317	0.000000188	0.023063729	0.000002342	0.000001624	-0.235101223	-0.068903688	-0.001225754	0.000002518	0.000003482	-0.224240778	-0.098846514	0.000000857	-0.098849507	-0.146258702	-0.000016254	-0.000006358	0.721658005	-0.130615985	0.000306383	-0.000551259	-0.012242672	-0.017054952	-0.013839398	0.012694892	-0.001007659	0.000000493	0.022620464	-0.014989197	0.000000882	0.011781322	-0.015971895	0.000000533	0.007510731	0.000000358	0.000001653	-0.012099033	-0.034897446	0.008042971	0.000000484	0.000003045	-0.042176014	-0.075355827	0.000000197	0.005328351	-0.006594547	0.000000412	0.000000155	2.612783014	0.012558079	0.001063238	-0.001313288	-0.022522199	-0.020403579	-0.008528151	0.030765231	0.005719860	0.000000161	0.025973932	0.004860358	0.000000327	0.003547362	-0.008045405	0.000000294	0.012493031	-0.000000102	-0.000000080	-0.022128383	-0.003412351	-0.011511490	-0.000000379	-0.000000045	0.005217927	-0.000693857	-0.000000157	-0.018714055	-0.001588224	0.000000243	0.000000070	0.029915535	0.007440418	-0.001232152	0.001735711	0.028557776	0.027322618	0.013979669	-0.015193088	0.034827348	0.000001368	-0.012904436	0.032223563	0.000001781	-0.004858528	0.005323090	0.000000749	-0.016326041	-0.000000738	0.000001562	-0.017842465	-0.024858045	0.009419865	-0.000000012	0.000000649	-0.007447756	0.001687766	-0.000001967	0.009214730	-0.021052270	-0.000001783	-0.000002070	0.037210016	-0.010586302	0.008954753	-0.006347700	-0.013161562	-0.211096152	0.006714175	-0.031566461	0.008957860	-0.006348541	-0.013162248	-0.211086201	0.006717299	0.031579374	0.057063506	-0.016212853	-0.016390333	0.419174419	-0.416337074	-0.000003015	-0.000358697	-0.008156123	-0.007789454	0.006942436	0.003750285	-0.002265961	-0.000358738	-0.008156194	-0.007789266	0.006942633	0.003750354	0.002266174	0.001610422	-0.000638780	-0.003593034	0.001867701	0.001520350	0.000000045	-0.001716599	0.000587184	0.006326116	0.000527968	0.001402514	0.000000188	-0.000053252	0.007010195	0.008595705	0.001944087	0.007819997	0.000000330		A2: R22*f(3)
0.354912748	0.423255886	0.181955996	0.166130104	0.141188757	0.045593205	-0.016971784	0.000000582	-0.050854713	0.024961343	0.000000710	-0.090932736	0.046475658	0.000001939	0.187391136	0.000008029	-0.000005522	-0.112137797	0.303409773	-0.077897980	0.000000541	-0.000001549	0.027749695	0.029383327	0.000005705	-0.018618634	0.037129180	-0.000003467	0.000012025	-0.132914808	-0.364050042	-0.002809549	0.004523196	0.100368790	0.170019556	0.156960627	0.000398098	-0.040288268	0.000000551	0.036361210	-0.099421344	0.000000759	0.037753803	-0.069304935	0.000000377	-0.059636528	-0.000001717	0.000000578	0.036670017	0.002715341	-0.130376226	-0.000003688	0.000001391	0.090158118	-0.047918425	-0.000000821	-0.002243327	0.103610494	-0.000001452	0.000003661	0.012558079	2.529506974	0.000060740	-0.000005256	0.003642413	0.028080674	0.054519213	-0.004375410	-0.007570058	-0.000000195	-0.057235696	-0.034622398	-0.000000593	-0.101403899	-0.033533453	-0.000000580	-0.002167328	-0.000000000	-0.000000119	0.002986673	0.010322302	-0.047316637	0.000000751	0.000000063	0.059320958	0.060997286	0.000000144	0.013297766	0.011717207	-0.000000193	-0.000000113	-0.007264206	-0.043927496	0.000417209	-0.000222737	0.005152899	0.035424578	0.064477756	0.005057749	0.009191567	0.000000636	-0.002860903	0.081281343	0.000002757	-0.036227091	0.113542708	0.000003854	-0.003604117	0.000000216	0.000000501	-0.016020321	0.001665204	-0.056943994	-0.000000624	0.000005382	-0.093384365	-0.033102406	-0.000001774	-0.002926705	-0.029112014	-0.000003285	-0.000000051	0.015653843	-0.059602788	-0.040330496	0.034186615	0.092569371	-0.037821434	-0.104175573	0.148569307	-0.040327697	0.034186149	0.092568928	-0.037836138	-0.104176286	-0.148560483	-0.184888461	0.070849524	0.125891035	-0.131602942	-0.323508932	0.000009481	-0.001833770	-0.003897500	0.025518996	0.003378706	-0.000228674	-0.002118808	-0.001834301	-0.003898010	0.025519127	0.003378879	-0.000228656	0.002118915	0.000508411	0.001704910	0.017750332	-0.000262324	-0.000376155	0.000000020	0.000882002	0.001820770	0.018380110	0.000223142	-0.000106632	0.000000336	-0.003388462	-0.008276301	0.032876316	0.001034336	-0.009800208	-0.000000139		A2: R22*f(-3)
-0.000593133	0.000503566	-0.050289028	-0.370471331	-0.557056409	-0.031061223	-0.019735375	-0.000000398	-0.697192134	-0.441259804	-0.000009008	-0.838284666	-0.530436524	-0.000010834	0.019238743	-0.000000594	-0.000000403	-0.013774844	-0.029179695	0.669078899	-0.000021341	-0.000013554	-0.495505114	-1.045177414	0.000007393	0.233578989	0.147826734	-0.000004100	-0.000008624	0.043230802	-0.354669162	0.000138495	-0.000108388	-0.000727589	-0.012942752	-0.135509129	-0.001022611	0.000111433	0.000000001	-0.020360417	0.000346576	0.000000001	-0.377216894	0.000320787	0.000000017	-0.000135858	0.000000334	0.000000148	0.000453543	0.000437657	0.017783610	0.000000008	-0.000000039	-0.029910481	0.000943150	-0.000000039	-0.000251454	-0.000247242	0.000000069	-0.000000031	0.001063238	0.000060740	-4.783045425	-11.156898788	-4.301248843	-2.270756098	-1.190252363	0.000311113	-0.000089578	0.000000008	0.000758870	0.000312030	0.000000009	0.002002120	0.001135342	0.000000024	-0.000117645	0.000000002	0.000000014	0.000094126	0.000105671	0.000295677	-0.000000004	0.000000008	-0.000121991	-0.000287915	0.000000036	0.000090442	0.003385928	-0.000000014	-0.000000068	-0.000299755	-0.002810256	0.000152832	-0.000116833	-0.000765706	-0.016359410	-0.149903580	-0.000417967	-0.000819226	0.000000001	-0.013396423	-0.023015630	-0.000000583	-0.209280152	-0.352222449	-0.000008756	0.000006566	0.000000010	0.000000014	0.000167187	0.000926055	0.024062658	-0.000000855	-0.000001534	0.020014343	-0.034616400	0.000000033	-0.000265986	-0.000152341	0.000000091	0.000000088	-0.001314103	0.000265209	-0.000382297	-0.000611267	-0.071192194	-0.000151950	0.000125786	0.000198079	-0.000381740	-0.000611211	-0.071189623	-0.000151925	0.000125805	-0.000197993	0.000599295	0.000426592	-0.014983907	-0.000197303	0.000141976	-0.000000330	-0.060741173	-0.750228219	-0.814449134	0.032077008	0.467768892	-0.631438475	-0.060741351	-0.750228876	-0.814449365	0.032066343	0.467766356	0.631442587	-0.062859140	-0.757594486	-0.817028716	0.650113067	-0.469079566	0.000002412	-0.000734686	-0.001123977	-0.085046320	0.000217616	-0.000128015	-0.000000015	0.000661297	0.000483201	-0.015193544	0.000013488	-0.000148125	-0.000000177		A3: R23*s(0)
0.000515188	-0.000613818	-0.090565029	-0.424375030	-0.615318033	-0.079911910	-0.050507145	-0.000001035	-0.760840132	-0.481212620	-0.000009822	-0.897224996	-0.567565606	-0.000011577	0.051424748	-0.000001656	-0.000001030	-0.038570392	-0.081258350	0.669027266	-0.000021404	-0.000013507	-0.497063903	-1.048709649	0.000008813	0.278669731	0.176216223	-0.000004873	-0.000010287	0.051557566	-0.422169293	-0.000108390	0.000087854	0.000464344	-0.018208076	-0.156455885	0.000741115	-0.000128676	-0.000000006	-0.032185322	-0.000325155	-0.000000001	-0.423118932	-0.000599909	0.000000006	0.000128783	0.000000349	0.000000150	-0.000394047	-0.000343724	0.029082586	0.000000001	0.000000035	-0.051125631	-0.000729832	0.000000033	0.000539289	0.000197649	-0.000000053	0.000000028	-0.001313288	-0.000005256	-11.156898788	-7.168631988	-3.875721619	-2.305933848	-1.287335406	0.000240811	-0.000454689	0.000000030	-0.000528744	-0.000462462	0.000000008	-0.001623146	-0.001048172	-0.000000009	0.000117372	0.000000000	-0.000000024	-0.000044718	0.000279782	-0.000233606	0.000000001	-0.000000010	0.000127058	0.000376595	-0.000000058	-0.000110295	-0.005673220	0.000000013	0.000000116	0.000540559	0.004524499	-0.000122256	0.000098512	0.000442520	-0.022836250	-0.172468658	0.000245326	0.000609386	0.000000010	-0.021475773	-0.035569709	-0.000000862	-0.234675200	-0.393342514	-0.000009756	0.000018552	0.000000015	-0.000000028	-0.000114561	-0.000787727	0.037115401	-0.000001441	-0.000002356	0.030567187	-0.058097959	0.000000001	0.000517591	0.000624113	-0.000000055	-0.000000103	0.001841707	-0.000206853	0.000296722	-0.000711865	-0.084796702	0.000095697	-0.000105472	-0.000143661	0.000297226	-0.000711785	-0.084793746	0.000095667	-0.000105490	0.000143599	-0.000452391	-0.000312575	-0.018966445	0.000175313	-0.000115060	-0.000000534	-0.147886886	-0.829777558	-0.892744393	0.036957957	0.540099410	-0.729090450	-0.147887208	-0.829778222	-0.892744632	0.036945628	0.540096291	0.729094938	-0.151479079	-0.837222330	-0.895437116	0.747647995	-0.539636927	0.000002780	0.000557246	-0.001101730	-0.100524548	-0.000183812	0.000075420	0.000000005	-0.000510152	-0.000363446	-0.019235755	-0.000005395	0.000137788	-0.000000210		A3: R24*s(0)
-0.050286337	-0.090668195	-0.253854224	-0.474342185	-0.609848705	-0.219162463	-0.138769617	-0.000002861	-0.630805772	-0.399208210	-0.000008115	-0.756831276	-0.479362428	-0.000009693	0.068094643	-0.000002271	-0.000001331	-0.052253521	-0.110768096	0.391891009	-0.000012644	-0.000007788	-0.293580354	-0.623465511	0.000003794	0.121010344	0.075981327	-0.000002042	-0.000004450	0.023201798	-0.180122591	-0.000727588	0.000464332	-0.002745205	-0.047342407	-0.187446410	-0.002006263	-0.000709592	-0.000000063	-0.092317055	0.002129697	0.000000040	-0.439128368	0.003156404	0.000000064	0.004176932	0.000000252	0.000000019	-0.008711188	-0.002000934	0.069160165	0.000000235	0.000000149	-0.122298195	0.006468408	0.000000236	0.014899917	0.000520453	-0.000000469	0.000000185	-0.022522199	0.003642413	-4.301248843	-3.875721619	-2.192617056	-1.663176109	-1.151741365	0.000830570	-0.001474836	0.000000141	0.007996638	0.002316337	0.000000298	-0.000737920	-0.001909621	0.000000105	0.003049761	-0.000000048	-0.000000307	-0.001815416	0.000280710	0.009275373	-0.000000278	-0.000000446	-0.006978524	-0.010727698	-0.000001319	-0.005565798	-0.124710342	0.000000256	0.000002647	0.012004526	0.100398200	-0.000830101	0.000448390	-0.004864858	-0.057114402	-0.204259566	-0.003101234	-0.003903492	-0.000000245	-0.054385842	-0.097664177	-0.000002354	-0.236680549	-0.404298782	-0.000010016	0.004492122	-0.000000142	-0.000000458	0.003630034	-0.012419314	0.079971298	-0.000003143	-0.000005403	0.075767712	-0.123768824	0.000000722	0.009502044	0.017217911	0.000000102	-0.000001557	0.029383921	0.003833431	0.001927427	-0.007270769	-0.112157938	-0.001652385	-0.000150817	-0.000331380	0.001927663	-0.007270269	-0.112154663	-0.001652503	-0.000151101	0.000330843	-0.002986048	-0.002491898	-0.033038263	0.001450619	-0.000683785	-0.000000928	-0.342334916	-0.755993113	-0.837428071	0.022958079	0.326268695	-0.440551981	-0.342335322	-0.755993540	-0.837428199	0.022950602	0.326266625	0.440554467	-0.345950984	-0.760176392	-0.838686504	0.448826879	-0.324019651	0.000001707	0.003574537	-0.009205270	-0.129207519	-0.001710308	-0.003165109	-0.000000028	-0.003383902	-0.002897343	-0.033665155	0.000163791	0.001194344	-0.000000150		A3: R25*s(0)
-0.370960475	-0.424842121	-0.473260941	-0.579303175	-0.638160926	-0.213519301	-0.134287274	-0.000002714	-0.481920748	-0.305571539	-0.000006043	-0.601541069	-0.383711617	-0.000007562	0.051085477	-0.000001309	-0.000001335	-0.027358253	-0.065162274	0.294811749	-0.000008534	-0.000006466	-0.196299630	-0.428786154	0.000003142	0.106213017	0.065088887	-0.000002238	-0.000003988	0.021462286	-0.169632048	-0.012942769	-0.018208080	-0.047342308	-0.112552237	-0.241033174	-0.040972879	0.002011044	-0.000000008	-0.167950391	0.029314228	0.000000606	-0.455301378	0.041153894	0.000000851	0.013043789	0.000000299	-0.000000136	-0.022289550	0.004572056	0.096764566	0.000001470	-0.000000619	-0.139800582	0.070295010	-0.000000093	0.026541484	-0.009296587	-0.000000262	-0.000000266	-0.020403579	0.028080674	-2.270756098	-2.305933848	-1.663176109	-1.338542539	-1.013948647	0.001794894	-0.001503596	0.000000208	0.056054268	0.029169751	0.000001106	0.068122672	0.037927990	0.000001147	0.005721907	-0.000000098	-0.000000395	-0.003685958	-0.002806688	0.053571261	-0.000001541	-0.000001555	-0.037846902	-0.071321879	-0.000002392	-0.020298564	-0.198821528	0.000000523	0.000004499	0.016651116	0.170059795	-0.016467159	-0.022835690	-0.059930384	-0.134407864	-0.262513406	-0.023190562	-0.046857721	-0.000001453	-0.071178330	-0.190859145	-0.000004910	-0.210130086	-0.432919972	-0.000010948	0.018102276	-0.000000363	-0.000001589	0.021980814	-0.022153654	0.115557816	-0.000002765	-0.000009256	0.152090431	-0.106974390	0.000002334	0.009668274	0.042605808	0.000002343	-0.000001722	0.030598199	0.045078497	-0.007374437	-0.033214185	-0.147188802	-0.016594810	0.006216762	0.008039441	-0.007373796	-0.033213147	-0.147185847	-0.016594729	0.006216070	-0.008039868	-0.001188840	-0.008772747	-0.065678766	-0.002819954	-0.001014355	-0.000000985	-0.355072255	-0.638195319	-0.740495522	0.017425197	0.241975178	-0.327535535	-0.355072545	-0.638195553	-0.740495483	0.017419579	0.241973638	0.327537401	-0.357548570	-0.640028548	-0.740044300	0.333209578	-0.240925547	0.000001287	-0.009102274	-0.039698044	-0.164596376	0.001013752	-0.023911178	-0.000000574	-0.001649189	-0.009931777	-0.067780239	-0.002493354	-0.002279962	-0.000000230		A3: R26*s(0)
-0.558651404	-0.615319337	-0.606629179	-0.652393228	-0.654484606	-0.131874519	-0.077601654	-0.000001385	-0.293234865	-0.181049388	-0.000003007	-0.379732124	-0.250886800	-0.000004349	0.055618012	-0.000000662	-0.000002200	-0.004809284	-0.033917999	0.281017859	-0.000004790	-0.000008856	-0.095896909	-0.247346013	0.000001214	0.067478942	0.033937984	-0.000003820	-0.000002663	0.014965926	-0.173502685	-0.135509150	-0.156455898	-0.187446412	-0.241033300	-0.326028290	-0.082075018	0.001734131	-0.000000016	-0.205446693	0.050318096	0.000001083	-0.419743205	0.087593238	0.000001919	0.011740513	0.000000341	-0.000000440	-0.017724209	0.014235275	0.103140713	0.000002502	-0.000001996	-0.113955506	0.129371171	-0.000000373	0.034557707	-0.033402062	0.000000199	-0.000001269	-0.008528151	0.054519213	-1.190252363	-1.287335406	-1.151741365	-1.013948647	-0.815096705	-0.004489915	-0.005401031	0.000000109	0.083597625	0.045271909	0.000001482	0.162563865	0.092158381	0.000002440	0.005150754	-0.000000067	-0.000000337	-0.003234049	-0.002698266	0.084704060	-0.000002322	-0.000002321	-0.056675046	-0.109293067	-0.000002341	-0.025036840	-0.177439734	0.000000606	0.000004155	0.013466375	0.156993064	-0.149884938	-0.172366413	-0.209615391	-0.268325506	-0.345934944	-0.043133053	-0.086882261	-0.000002540	-0.068475628	-0.240434784	-0.000006361	-0.146079687	-0.419895984	-0.000010790	0.029220690	-0.000000089	-0.000002527	0.034199248	-0.010321826	0.143942603	-0.000001299	-0.000012001	0.197368487	-0.049297640	0.000003724	0.010724806	0.062325534	0.000004802	-0.000001387	0.017995424	0.089427692	-0.050357031	-0.097782195	-0.204246637	-0.025653122	0.026781130	0.036743588	-0.050355470	-0.097780685	-0.204244488	-0.025653842	0.026779872	-0.036743856	-0.013333517	-0.051016268	-0.137749611	-0.030381634	-0.013366831	-0.000000628	-0.316061668	-0.489743248	-0.576305382	0.011869484	0.181487905	-0.247813815	-0.316061823	-0.489743426	-0.576305372	0.011865094	0.181486754	0.247815159	-0.317642375	-0.490827701	-0.575842571	0.249835223	-0.182547294	0.000000917	-0.058468895	-0.108423290	-0.216767147	0.031115445	-0.047787874	-0.000001285	-0.014861204	-0.053972624	-0.139058634	-0.027020237	-0.022474502	-0.000000807		A3: R27*s(0)
0.030633353	0.080292576	0.221332470	0.215796171	0.134197916	0.196469562	0.162290691	0.000003468	0.148537391	0.178817712	0.000003840	-0.017139824	0.098355591	0.000002164	-0.051098412	0.000002096	0.000001773	0.000735618	0.104861604	-0.002196058	0.000001172	0.000002046	-0.090039909	0.068736917	0.000000359	0.033427400	0.007832233	-0.000000993	-0.000000112	-0.039605793	-0.048349439	0.001022480	-0.000740943	0.002007219	0.040971495	0.082073724	0.001620578	0.002462112	0.000000222	0.087067189	-0.000114641	0.000000347	0.145309814	-0.005997016	0.000000175	-0.005104643	0.000000106	-0.000000091	0.011627770	0.002836033	-0.064230312	-0.000000078	-0.000000331	0.119050636	-0.005736539	0.000000121	-0.019009409	-0.001327772	-0.000000573	0.000000009	0.030765231	-0.004375410	0.000311113	0.000240811	0.000830570	0.001794894	-0.004489915	0.180173525	0.002321710	-0.000000004	-0.456991509	-0.000789804	-0.000000056	-0.346386926	0.005053573	0.000000114	-0.001776022	0.000000755	0.000001307	0.009032392	0.079182694	-0.005139144	0.000001039	0.000001751	0.014423736	0.113469119	0.000001027	0.051054043	-0.006525130	-0.000001078	-0.000000530	0.012696964	-0.000337013	0.000660963	-0.000477863	0.001800421	0.027455968	0.046949300	0.004480507	-0.001832457	-0.000000150	0.020768937	0.055679396	0.000001363	-0.009276114	0.096607651	0.000002386	-0.002026576	0.000000382	0.000000037	-0.002728703	0.010846287	-0.040388067	0.000001422	0.000003657	-0.074547371	0.056915280	-0.000000891	-0.006067552	-0.012075847	-0.000001394	0.000000788	-0.026717676	-0.009759906	-0.002711581	0.006459221	0.052349133	0.001216039	0.000271225	0.000368363	-0.002711590	0.006458501	0.052347906	0.001215908	0.000271158	-0.000369073	0.004079934	0.002846865	0.021671332	-0.003133952	0.001250737	0.000000473	-0.014429053	-0.012801677	-0.009233764	-0.137109049	0.004362717	-0.005288464	-0.014423827	-0.012796932	-0.009231295	-0.137109277	0.004361129	0.005286397	-0.315095952	-0.285779668	-0.150254213	-0.013627478	-0.087731430	0.000000514	-0.002541758	-0.001748782	0.003776876	-0.002256661	-0.000660547	0.000000066	0.003552284	0.002642900	0.015367568	0.000141686	-0.002706048	0.000000072		A3: R28*p(0)
0.019414875	0.050795259	0.139706842	0.135405988	0.083068717	0.162526107	0.043898080	0.000002360	0.178523499	-0.022184880	0.000002554	0.097112944	-0.112506294	0.000001324	-0.033135489	0.000001958	0.000000227	0.088808886	0.024217339	-0.008050347	0.000002433	-0.000000947	0.160489313	-0.064725962	0.000000179	0.006080120	0.024061363	0.000000871	-0.000000762	0.071795515	-0.020918708	0.000112246	-0.000129274	-0.000708084	0.002043689	0.001799467	-0.002463011	0.002389164	-0.000000246	0.004970783	-0.009626662	-0.000000381	0.001855943	-0.055977139	-0.000000388	0.000158162	0.000000157	-0.000000162	0.002255715	0.000420622	-0.005960843	0.000000068	-0.000000295	0.016167794	-0.032664019	0.000000091	-0.001355633	0.000788588	-0.000000304	-0.000000119	0.005719860	-0.007570058	-0.000089578	-0.000454689	-0.001474836	-0.001503596	-0.005401031	0.002321710	0.179790651	-0.000000162	-0.000469559	-0.454085742	-0.000000210	0.005865737	-0.350281501	0.000000006	-0.068625510	0.000001317	0.000000540	0.042889225	-0.006669806	-0.093979085	0.000001771	0.000000701	0.059282766	-0.005143531	-0.000000082	-0.006918367	-0.033553681	-0.000000310	0.000000179	0.001113115	-0.040287119	0.001050017	-0.000684984	0.003361467	0.040856906	0.075162545	0.003246399	0.003733179	-0.000000221	0.049240688	0.071666473	0.000002166	0.089371470	0.095574170	0.000003922	-0.004506958	0.000000528	-0.000000017	-0.002903877	0.013841232	-0.059007907	0.000003246	0.000004404	-0.038711057	0.106076181	-0.000001594	-0.011288845	-0.017147053	-0.000001308	0.000001467	-0.031622699	0.002660291	-0.000054538	-0.002719817	-0.014408754	-0.001910600	-0.000409340	-0.000316079	-0.000054290	-0.002718967	-0.014407726	-0.001910728	-0.000409772	0.000315974	0.001333154	0.000892379	0.005083247	-0.001260417	0.000954390	-0.000000170	-0.230086549	-0.209955056	-0.111461590	0.006093767	-0.070742180	-0.092041052	-0.230084924	-0.209953608	-0.111460846	0.006092115	-0.070743241	0.092040789	0.229448786	0.207066563	0.103653257	-0.089501682	-0.072832553	-0.000000329	-0.004872234	0.009547027	0.065458864	0.002806453	0.004010975	0.000000053	0.003963676	0.003000480	0.017377119	-0.000653088	-0.001783908	0.000000036		A3: R28*p(1)
0.000000412	0.000001038	0.000002770	0.000002749	0.000001769	0.000003253	0.000002210	-0.065597627	0.000003752	0.000002493	-0.141974594	0.000002291	0.000001382	-0.177795079	-0.000002249	-0.069462309	-0.045688210	0.000000826	0.000001929	-0.000004003	-0.169116681	-0.117707825	0.000000769	0.000002485	0.050355065	-0.000001799	-0.000001086	-0.025432065	-0.061839346	-0.000000008	0.000000302	0.000000023	-0.000000023	-0.000000190	-0.000000218	-0.000000188	0.000000317	0.000000078	0.002634147	0.000000331	0.000000274	-0.010269659	0.000000224	0.000000025	-0.056717011	0.000000456	-0.002088233	0.000697852	0.000000153	0.000000805	-0.000000048	-0.035970938	0.001051661	0.000000241	-0.000000067	0.005196893	0.000000122	0.000000038	-0.006816982	0.000520245	0.000000161	-0.000000195	0.000000008	0.000000030	0.000000141	0.000000208	0.000000109	-0.000000004	-0.000000162	0.182271971	-0.000000053	-0.000000219	-0.450311719	0.000000087	0.000000007	-0.353731152	-0.000000663	-0.000519179	-0.082360260	0.000000078	0.000001307	-0.000000904	0.000684010	-0.109176183	0.000000192	0.000001766	-0.003097206	0.000001082	-0.000000431	0.050272696	-0.012211874	-0.000000464	-0.000000312	0.000000003	0.000000009	0.000000267	0.000001125	0.000001906	0.000000040	-0.000000095	0.002280862	0.000001050	0.000001840	-0.011574570	0.000002094	0.000003632	-0.054540377	-0.000000041	-0.000873786	-0.002155557	-0.000000001	0.000000411	-0.000002796	-0.017953258	-0.033604235	-0.000001809	0.000002984	0.006187966	0.000000597	-0.000001348	0.004933776	-0.006146667	-0.000001361	-0.000000342	0.001948075	-0.002269089	-0.020866821	-0.002048336	-0.000762867	-0.000454546	-0.001948078	0.002268769	0.020866060	0.002047690	0.000762500	-0.000455244	-0.000000227	-0.000000301	-0.000000315	0.000000141	-0.000000545	0.001193000	0.311553998	0.283001520	0.146599440	-0.007399243	-0.091683952	-0.015100558	-0.311555658	-0.283002839	-0.146599966	0.007397207	0.091683535	-0.015099541	-0.000001191	-0.000001006	-0.000000463	0.000000443	-0.000000241	-0.138157004	0.000000047	0.000000282	0.000001587	-0.000000006	-0.000000218	0.000917711	0.000000211	0.000000177	0.000000534	0.000000313	-0.000000490	0.001355067		A3: R28*p(-1)
0.697090097	0.762585631	0.634631405	0.487656203	0.313786477	0.152375367	0.182298675	0.000003726	0.041901295	0.125451532	0.000002479	-0.068283739	0.078236526	0.000001534	-0.008221199	-0.000000146	0.000000938	-0.026406590	-0.004058055	0.007224340	-0.000001072	0.000001220	-0.052497987	-0.039457711	-0.000000701	-0.020948199	-0.015934808	0.000000868	0.000000522	0.008241122	0.052277740	0.020360160	0.032185580	0.092315196	0.167926525	0.205406118	0.087071952	-0.004893737	-0.000000108	0.235020406	-0.056533301	-0.000001036	0.252368127	-0.080088681	-0.000001496	-0.026468588	-0.000000085	0.000000096	0.045022595	-0.011132214	-0.114960569	-0.000002529	0.000001107	0.149639821	-0.134685538	0.000001067	-0.042143419	0.018521726	-0.000001519	0.000000990	0.025973932	-0.057235696	0.000758870	-0.000528744	0.007996638	0.056054268	0.083597625	-0.456991509	-0.000469559	-0.000000053	-0.364569145	-0.053325990	-0.000001154	-0.402346137	-0.061389352	-0.000001298	-0.006927850	0.000001129	0.000001881	0.017165000	0.116282986	-0.090513338	0.000004387	0.000005021	0.101562189	0.335937528	0.000002718	0.125709959	0.000731391	-0.000002524	-0.000001800	0.022697089	-0.036229659	0.014189417	0.020930378	0.064205392	0.134046122	0.160576590	0.017253382	0.057393859	0.000001293	0.021938871	0.221178999	0.000005716	-0.027446495	0.245006864	0.000006231	-0.021032031	0.000000628	0.000001857	-0.039034522	0.019622444	-0.118038640	0.000000958	0.000011676	-0.237374290	0.037043943	-0.000004260	-0.004012612	-0.061566302	-0.000006305	0.000000747	-0.028719356	-0.088825726	0.013690463	0.054502976	0.124714104	0.031859146	-0.013316530	-0.016748651	0.013689777	0.054501612	0.124713302	0.031858527	-0.013316069	0.016747183	0.000392679	0.014735125	0.084061812	0.004631339	0.001171711	0.000000410	-0.014281767	-0.004883881	0.034011493	-0.027307392	0.000618982	-0.000119255	-0.014276714	-0.004880032	0.034013761	-0.027307329	0.000618727	0.000118925	-0.305126875	-0.224404816	-0.099665575	-0.005273981	-0.011882060	0.000000233	0.000947058	0.012844864	0.048334842	-0.009219240	0.009254118	0.000000410	0.002206435	0.012066421	0.067948317	0.002501571	0.001471347	0.000000262		A3: R29*p(0)
0.440956189	0.482449237	0.401540092	0.305842668	0.192955431	0.183101171	-0.022632589	0.000002190	0.123026349	-0.080887025	0.000001038	0.072353905	-0.145334938	0.000000457	-0.006570163	0.000000191	0.000000423	0.017272192	-0.019426713	-0.005449157	-0.000000200	0.000000616	0.011990205	-0.052212361	0.000000042	-0.019920651	-0.005073967	0.000000664	0.000001152	-0.027992522	0.029908858	0.000362743	-0.000299559	0.002203154	0.029448096	0.050481900	0.000190743	-0.009630566	0.000000067	0.056766075	-0.058292717	-0.000000486	0.077581107	-0.118714847	-0.000001108	-0.002398174	0.000000037	-0.000000130	0.004372347	-0.012305899	-0.053098818	-0.000001288	0.000000421	0.054340906	-0.111227540	0.000000453	-0.015029648	0.009648887	-0.000000576	0.000000274	0.004860358	-0.034622398	0.000312030	-0.000462462	0.002316337	0.029169751	0.045271909	-0.000789804	-0.454085742	-0.000000219	-0.053325990	-0.307873086	-0.000001184	-0.060404856	-0.339400355	-0.000001279	-0.098316004	0.000001886	0.000000814	0.058926714	-0.004099852	-0.240218442	0.000005027	0.000002923	0.129777174	0.074999422	0.000000321	0.000571284	-0.054587084	-0.000000687	-0.000000304	0.015243779	-0.099414920	0.023073893	0.035674562	0.097671430	0.157492147	0.171625510	0.046168829	0.079326025	0.000002013	0.085459947	0.194614855	0.000006224	0.093843755	0.164553251	0.000006451	-0.029400524	0.000001325	0.000002146	-0.030056295	0.038749849	-0.093554636	0.000002771	0.000009324	-0.126669566	0.078871995	-0.000004223	-0.011246560	-0.049651940	-0.000005154	0.000001716	-0.033885154	-0.055389921	-0.004597588	-0.010381672	0.000236397	-0.008968007	-0.002109421	0.003226400	-0.004597440	-0.010380885	0.000237498	-0.008967880	-0.002109690	-0.003226556	0.002136022	0.004317040	0.028819467	-0.000125140	0.000807021	0.000000009	-0.224029155	-0.167432535	-0.082081179	0.003403663	-0.017256940	-0.015093307	-0.224027455	-0.167431361	-0.082080702	0.003403427	-0.017257048	0.015093369	0.221735180	0.168411564	0.121319590	-0.014676355	-0.016627628	-0.000000090	0.019038191	0.065997786	0.129574030	-0.000304142	0.048246676	0.000001366	0.000653321	0.013156325	0.064483240	0.002838675	0.003165561	0.000000215		A3: R29*p(1)
0.000009019	0.000009862	0.000008182	0.000006403	0.000004296	0.000003656	0.000002184	-0.133711002	0.000002662	0.000001277	-0.141031043	0.000001923	0.000000851	-0.176497560	-0.000000728	-0.030185888	-0.019103614	-0.000000089	0.000000203	-0.000000729	-0.034427707	-0.035297298	-0.000000357	0.000000057	-0.005338911	0.000000137	-0.000000205	0.014797155	0.012634816	-0.000000274	0.000000379	0.000000001	-0.000000003	0.000000058	0.000000551	0.000000986	0.000000208	-0.000000145	-0.010269576	0.000001141	-0.000000410	-0.037973294	0.000001649	-0.000001047	-0.081390262	0.000000471	-0.014030426	0.001386836	0.000000166	0.000000972	-0.000000644	-0.061556232	0.009094819	0.000001229	-0.000001161	0.014559359	0.000000059	0.000000132	-0.015687673	0.005870657	0.000000327	-0.000000593	0.000000009	0.000000008	0.000000298	0.000001106	0.000001482	-0.000000056	-0.000000210	-0.450311719	-0.000001154	-0.000001184	-0.266145462	-0.000001322	-0.000001276	-0.289930445	-0.000000931	0.001468954	-0.112417922	0.000000131	0.000001869	-0.000002395	0.020624092	-0.209420090	0.000000765	0.000005023	-0.000023967	0.000002187	-0.000000876	0.095900498	-0.031377800	-0.000000858	-0.000000982	0.000000561	0.000000897	0.000002462	0.000003710	0.000003988	0.000001251	0.000002413	-0.020051781	0.000002018	0.000005622	-0.048749181	0.000002091	0.000005821	-0.077580610	-0.000001199	-0.006768619	-0.016587807	-0.000000970	0.000001131	-0.000004652	-0.021041141	-0.061330824	-0.000004366	0.000002122	0.018157710	0.000000751	-0.000003458	0.017965559	-0.011768110	-0.000001695	-0.000002124	-0.003773028	-0.015373456	-0.031545067	-0.012009556	0.003362885	-0.000091419	0.003772812	0.015373168	0.031545396	0.012008432	-0.003363416	-0.000092156	0.000000012	-0.000000021	0.000000176	0.000000267	-0.000000568	-0.000097133	0.303412350	0.228005768	0.135855023	-0.003889696	-0.015233367	-0.009003249	-0.303413899	-0.228006581	-0.135854222	0.003889565	0.015233340	-0.009002985	-0.000001177	-0.000000656	0.000000360	0.000000072	0.000000008	-0.026979295	0.000000684	0.000001661	0.000002919	-0.000000070	0.000001012	-0.007204937	-0.000000067	0.000000197	0.000001540	0.000000411	-0.000000164	-0.002086028		A3: R29*p(-1)
0.839201844	0.898372474	0.761441970	0.643683343	0.480242094	-0.006892243	0.094960476	0.000001695	-0.114381338	0.078415559	0.000000823	-0.201820662	0.052677916	0.000000364	-0.050601283	-0.000000075	0.000002837	-0.029148011	-0.003562881	-0.156892144	-0.000001878	0.000008256	-0.063874283	-0.091381843	-0.000000103	0.012182353	-0.014252921	0.000003889	-0.000000162	-0.007218140	0.142615345	0.377216511	0.423119333	0.439126024	0.455268668	0.419673534	0.145306820	-0.001695686	-0.000000111	0.252365486	-0.077286060	-0.000001715	0.253695481	-0.132801598	-0.000002903	-0.013609300	-0.000000271	0.000000731	0.019020481	-0.027775438	-0.112842713	-0.000003713	0.000003545	0.092004545	-0.208596598	0.000001212	-0.052660989	0.073734263	-0.000002119	0.000002951	0.003547362	-0.101403899	0.002002120	-0.001623146	-0.000737920	0.068122672	0.162563865	-0.346386926	0.005865737	0.000000087	-0.402346137	-0.060404856	-0.000001322	-0.392951130	-0.113447355	-0.000002451	-0.004799375	0.000000630	0.000001111	0.011005776	0.066715508	-0.120100790	0.000004367	0.000004474	0.123822436	0.296408953	0.000002025	0.088449756	0.006805340	-0.000001934	-0.000001360	0.011859566	-0.037671415	0.210098758	0.233808491	0.251133293	0.294414941	0.301219009	-0.004959139	0.112954801	0.000002915	-0.026003093	0.285095330	0.000007621	-0.081341278	0.328285784	0.000008522	-0.031591766	0.000000080	0.000003125	-0.055540919	-0.001135411	-0.159728775	-0.000000541	0.000014776	-0.270663160	-0.021772667	-0.000006081	0.001266522	-0.087630408	-0.000008737	-0.000000249	-0.000197142	-0.124909301	0.118467643	0.200585582	0.271390829	0.034374535	-0.065789483	-0.089939312	0.118465242	0.200583794	0.271390630	0.034376701	-0.065787772	0.089938264	0.043777489	0.131877990	0.246422114	0.078606927	0.039300255	-0.000000399	-0.012280563	-0.001797210	0.077678105	-0.048522751	0.006121723	-0.005142426	-0.012276506	-0.001794248	0.077679603	-0.048522915	0.006120372	0.005140845	-0.251992188	-0.165125695	0.004332724	0.057114657	-0.071724653	0.000000689	0.020932920	0.063505536	0.127192591	-0.043179294	0.030721108	0.000001104	0.032812877	0.084847821	0.171393058	0.037498738	0.038787975	0.000001418		A3: R30*p(0)
0.530789934	0.568561667	0.486165997	0.407957939	0.292902859	0.104405134	-0.118151350	0.000000526	0.085832617	-0.221046802	-0.000002537	0.038016880	-0.244737623	-0.000003668	-0.035774370	0.000000233	0.000002214	-0.006656083	-0.010587483	-0.108550838	-0.000000083	0.000007577	-0.067528936	-0.035989826	0.000002650	-0.027613269	0.052686528	0.000005686	0.000001486	0.004411971	0.105604646	0.000620737	-0.000263476	0.003505442	0.041515879	0.087926988	0.006156916	-0.055973864	-0.000000085	0.080383707	-0.118712579	-0.000001191	0.133151988	-0.186589051	-0.000002779	-0.009245727	-0.000000190	-0.000000144	0.006228527	-0.020074160	-0.084011913	-0.000002290	0.000001038	0.045971478	-0.127639575	0.000000762	-0.021671160	0.007052995	-0.000000256	0.000000677	-0.008045405	-0.033533453	0.001135342	-0.001048172	-0.001909621	0.037927990	0.092158381	0.005053573	-0.350281501	0.000000007	-0.061389352	-0.339400355	-0.000001276	-0.113447355	-0.271443151	-0.000003191	-0.056763363	0.000001012	0.000000422	0.032712123	-0.001220442	-0.201594916	0.000004398	0.000003291	0.085061718	0.113329669	0.000000401	0.006812958	-0.026959313	-0.000000341	-0.000000447	0.016146290	-0.069297052	0.351700610	0.393283284	0.405488491	0.398824840	0.331354703	0.089463589	0.108256980	0.000004088	0.091769533	0.194635315	0.000007245	0.065496950	0.146216852	0.000006026	-0.042554615	0.000000412	0.000003191	-0.034336928	0.005396824	-0.129715356	0.000000199	0.000011777	-0.157361150	0.001187968	-0.000005075	-0.019292825	-0.064198873	-0.000007799	0.000001321	-0.018847572	-0.120045041	-0.030028483	-0.028964383	0.010315897	-0.007059339	-0.006602166	0.012975016	-0.030027463	-0.028963264	0.010317266	-0.007060029	-0.006602667	-0.012975205	0.012361404	0.019899480	0.058088574	0.011367131	-0.003874026	-0.000000110	-0.185346217	-0.124509827	-0.013907500	0.007615844	0.005606701	-0.075654852	-0.185344774	-0.124508946	-0.013907851	0.007614913	0.005605716	0.075654634	0.182783513	0.128054500	0.103174204	-0.073609652	0.002305914	-0.000000318	0.142037097	0.211567779	0.245288270	-0.079929010	0.082932140	0.000002698	0.036399919	0.111054405	0.188726272	0.062762317	0.043046577	0.000001599		A3: R30*p(1)
0.000010854	0.000011623	0.000010007	0.000008758	0.000006711	0.000002101	0.000000661	-0.158264984	0.000001885	-0.000001917	-0.149294277	0.000001136	-0.000002936	-0.122072458	-0.000001056	-0.024890780	-0.012127774	-0.000000483	0.000000259	-0.000002801	-0.035928486	-0.031747153	-0.000002243	0.000000128	0.047316483	-0.000001251	-0.000001270	0.000231754	-0.023097278	-0.000000570	0.000002425	-0.000000005	-0.000000007	0.000000089	0.000000851	0.000001893	0.000000090	-0.000000353	-0.056717056	0.000001447	-0.000001199	-0.081390427	0.000002765	-0.000002779	-0.087676706	0.000000368	-0.018565263	-0.004322348	0.000000199	0.000000488	-0.000000620	-0.042824816	0.002133295	0.000001321	-0.000002163	0.009859290	-0.000000076	0.000000066	-0.000516980	0.011150153	0.000000294	-0.000000580	0.000000024	-0.000000009	0.000000105	0.000001147	0.000002440	0.000000114	0.000000006	-0.353731152	-0.000001298	-0.000001279	-0.289930445	-0.000002451	-0.000003191	-0.143343451	-0.000000483	0.002871173	-0.062764947	0.000000037	0.000001045	-0.000001949	0.033667879	-0.133120835	0.000000582	0.000004415	0.004572707	0.000001305	-0.000000597	0.055966631	-0.024043106	-0.000000515	-0.000000707	0.000008731	0.000009774	0.000010028	0.000009606	0.000007863	0.000002326	0.000004236	-0.064788857	0.000002246	0.000006281	-0.079699348	0.000001433	0.000005144	-0.073292778	-0.000001874	-0.006981853	-0.022678747	-0.000001231	0.000000340	-0.000005183	-0.001348082	-0.051180353	-0.000004704	-0.000000173	0.019960412	0.000000582	-0.000003965	0.022289340	-0.000824353	-0.000000896	-0.000003739	-0.038256174	-0.041256404	-0.033743994	-0.010845527	0.013688030	0.001028747	0.038255597	0.041256328	0.033745242	0.010845457	-0.013688439	0.001028473	-0.000000146	-0.000000219	0.000000611	-0.000000003	-0.000000500	-0.010019587	0.250887609	0.170002122	0.063984479	-0.007980117	-0.076316134	0.049820194	-0.250888888	-0.170002750	-0.063982893	0.007978797	0.076316173	0.049821128	-0.000000996	-0.000000439	0.000001397	0.000000491	-0.000000379	-0.051714776	0.000003752	0.000005319	0.000005789	-0.000002057	0.000002293	-0.019994415	0.000000903	0.000002714	0.000004612	0.000001837	0.000001294	-0.012894843		A3: R30*p(-1)
0.018773331	0.051852804	0.070011493	0.042705983	0.026102459	0.053258079	0.034690864	0.000002322	-0.003396214	-0.008830815	0.000000696	0.008866807	-0.013881225	0.000000615	0.009359441	0.000000523	0.000000274	-0.022341685	-0.051799328	0.024762200	-0.000002451	-0.000001845	-0.009062317	-0.060859194	0.000006664	0.121021212	0.077103460	-0.000003745	-0.000007935	0.027284811	-0.189144864	-0.000137643	0.000126905	0.004175711	0.013042871	0.011739897	0.005104946	0.000161658	0.000000065	0.026470945	-0.002377787	0.000000055	0.013617025	-0.009235346	-0.000000033	-0.001691541	0.000000046	-0.000000072	0.003497003	-0.000359328	-0.017107320	-0.000000021	-0.000000086	0.024312366	-0.007889236	-0.000000015	-0.010539400	0.000317016	-0.000000117	-0.000000049	0.012493031	-0.002167328	-0.000117645	0.000117372	0.003049761	0.005721907	0.005150754	-0.001776022	-0.068625510	-0.000000663	-0.006927850	-0.098316004	-0.000000931	-0.004799375	-0.056763363	-0.000000483	2.379822553	0.000000701	-0.000000341	0.027879731	-0.006774892	0.349694384	0.000000820	-0.000000428	0.037061287	-0.002629214	-0.000000351	-0.002187778	-0.047540129	0.000000099	0.000000145	-0.007368879	-0.059655465	0.000186091	-0.000108539	0.003676911	0.015562070	0.019523527	0.002931873	0.003113306	0.000000244	0.015016457	0.027533038	0.000001408	0.014448479	0.024010598	0.000001500	-0.002401622	0.000000150	0.000000379	-0.001984289	0.004727989	-0.021592692	0.000001244	0.000002494	-0.019042927	0.023775552	-0.000001153	-0.006883630	-0.012280517	-0.000000850	0.000001121	-0.016604098	-0.001482692	0.000244578	0.002892121	0.005021376	0.000936957	-0.000463612	-0.000491651	0.000244500	0.002891969	0.005021420	0.000936832	-0.000463617	0.000491467	-0.000547470	-0.000343311	0.004775102	-0.000247203	-0.000136718	-0.000000075	-0.055172462	-0.023046556	-0.017940172	-0.014787823	-0.224349614	0.138769821	-0.055173505	-0.023047051	-0.017940547	-0.014783175	-0.224352004	-0.138775381	0.057125033	0.025437014	0.023825485	0.210396602	-0.160350727	0.000001311	-0.000117347	0.005423920	0.015471246	0.000486612	0.001796512	0.000000166	0.000287305	0.000257956	0.005826171	-0.000173604	-0.000584982	0.000000063		A3: R31*d(0)
-0.000000612	-0.000001645	-0.000002144	-0.000001253	-0.000000735	-0.000002185	-0.000001873	0.066979886	-0.000000103	-0.000000207	0.028988542	-0.000000193	-0.000000256	0.026175324	0.000000482	0.046973798	0.043063559	0.000000866	0.000000533	-0.000002635	-0.071832744	-0.043558992	0.000000362	0.000002728	0.126618013	-0.000009049	-0.000005976	-0.074334931	-0.148376405	-0.000002356	0.000008067	0.000000005	-0.000000012	-0.000000069	-0.000000199	-0.000000304	0.000000208	-0.000000157	0.002087894	-0.000000014	-0.000000169	0.014029558	-0.000000233	-0.000000024	0.018568856	0.000000056	0.001718887	-0.000485900	-0.000000019	0.000000075	0.000000092	0.029424948	-0.002822483	-0.000000378	0.000000060	-0.006685908	0.000000005	0.000000025	0.007901526	-0.001212820	-0.000000102	-0.000000000	0.000000002	0.000000000	-0.000000048	-0.000000098	-0.000000067	0.000000755	0.000001317	-0.000519179	0.000001129	0.000001886	0.001468954	0.000000630	0.000001012	0.002871173	0.000000701	2.416739048	-0.006579961	-0.000000610	-0.000000274	0.000000822	0.393719608	-0.011803497	-0.000000790	-0.000000386	-0.007065637	0.000000099	0.000001069	0.010573206	0.004111120	0.000000025	0.000001077	-0.000000004	0.000000007	-0.000000133	-0.000000511	-0.000000526	-0.000000149	-0.000000416	0.007166704	-0.000000488	-0.000001540	0.016125014	-0.000000219	-0.000001217	0.016234614	0.000000228	0.000610689	0.002382354	0.000000180	-0.000000181	0.000001531	0.005218144	0.020727230	0.000001532	-0.000000941	-0.005631088	0.000000398	0.000001018	-0.005445260	0.004315315	0.000000802	0.000000333	0.000386923	0.004051591	0.006545130	0.001045314	-0.000724871	-0.000243439	-0.000387042	-0.004051717	-0.006545541	-0.001045172	0.000724746	-0.000243673	-0.000000086	-0.000000089	-0.000000086	0.000000005	0.000000029	0.000410933	0.006168288	0.000800784	0.000399751	-0.085926524	0.023389626	-0.026221473	-0.006166045	-0.000799848	-0.000399020	0.085928378	-0.023382084	-0.026213515	-0.000000426	-0.000000117	-0.000000139	-0.000001871	0.000001835	0.093010464	0.000000027	-0.000000055	-0.000000241	-0.000000039	-0.000000147	0.002025294	0.000000027	0.000000049	-0.000000151	0.000000052	0.000000108	0.001798604		A3: R31*d(1)
-0.000000391	-0.000001033	-0.000001303	-0.000000754	-0.000000538	-0.000001945	-0.000000243	0.043010808	-0.000000211	0.000000252	0.009619998	-0.000000103	-0.000000101	-0.006288881	0.000000192	0.041987820	0.001670849	-0.000000527	0.000000914	-0.000002254	-0.061568980	-0.053905322	0.000001531	0.000001501	0.083868194	-0.000006296	-0.000003216	-0.045987624	-0.100855488	0.000001572	0.000005594	0.000000022	-0.000000010	-0.000000142	-0.000000285	-0.000000479	0.000000324	-0.000000402	0.000700118	0.000000176	-0.000000491	0.001398817	-0.000000368	-0.000000326	-0.004306897	0.000000109	0.000487842	-0.000771985	0.000000117	0.000000272	-0.000000001	0.001332288	-0.006913221	-0.000000188	0.000000023	-0.000718389	-0.000000008	0.000000013	0.000195135	-0.002142754	-0.000000080	-0.000000119	0.000000014	-0.000000024	-0.000000307	-0.000000395	-0.000000337	0.000001307	0.000000540	-0.082360260	0.000001881	0.000000814	-0.112417922	0.000001111	0.000000422	-0.062764947	-0.000000341	-0.006579961	2.355739265	-0.000000127	0.000000152	-0.000000420	-0.012043907	0.320610637	-0.000000116	0.000000088	-0.021816285	0.000001053	-0.000000107	0.093105065	-0.003619888	-0.000001229	0.000000097	0.000000011	-0.000000015	-0.000000316	-0.000000727	-0.000000461	-0.000000296	-0.000000684	0.009318983	-0.000001085	-0.000001773	0.021259162	-0.000000445	-0.000000694	0.015813969	0.000000356	0.000862405	0.002831073	0.000000229	-0.000000264	0.000001822	0.013394684	0.023496242	0.000000767	-0.000001590	-0.007932895	0.000001178	0.000001206	-0.005141595	0.007811850	0.000001037	-0.000000105	-0.000306196	-0.001213558	-0.003929647	-0.000316256	-0.000401173	-0.000118087	0.000305723	0.001212794	0.003928620	0.000316193	0.000401017	-0.000118603	-0.000000057	-0.000000078	-0.000000161	0.000000123	-0.000000181	0.000304204	0.097457031	0.040887994	0.034706568	0.021460821	0.228460390	-0.371531673	-0.097456631	-0.040888059	-0.034706878	-0.021453331	-0.228456979	-0.371533400	0.000000395	0.000000144	0.000000002	0.000001788	-0.000000720	-0.076537343	-0.000000045	-0.000000430	-0.000000502	0.000000015	-0.000000343	0.002800104	0.000000102	0.000000097	-0.000000102	-0.000000083	0.000000083	0.002436400		A3: R31*d(-1)
-0.013956253	-0.038504326	-0.052329068	-0.032395396	-0.019637097	-0.001195751	-0.088221469	-0.000000827	0.019175980	-0.021901020	-0.000000098	0.009078267	-0.013784167	-0.000000244	-0.023751308	0.000000936	-0.000000631	0.072429871	0.000573578	-0.023719660	0.000000710	0.000001144	-0.072517251	0.078110079	-0.000003546	-0.062455062	-0.104541046	-0.000001531	0.000005984	-0.234787850	0.112113210	0.000452555	-0.000396263	-0.008714825	-0.022282322	-0.017701424	-0.011633616	0.002247428	-0.000000543	-0.045008052	0.004317352	-0.000000653	-0.018981048	0.006181792	-0.000000392	0.003496433	0.000000086	-0.000000208	-0.006335173	0.001236248	0.020813228	0.000000337	-0.000000455	-0.041009597	0.006775406	-0.000000094	0.016565046	-0.000350736	0.000000201	0.000000005	-0.022128383	0.002986673	0.000094126	-0.000044718	-0.001815416	-0.003685958	-0.003234049	0.009032392	0.042889225	0.000000078	0.017165000	0.058926714	0.000000131	0.011005776	0.032712123	0.000000037	0.027879731	-0.000000610	-0.000000127	2.397627937	0.002580257	0.036380434	-0.000000816	-0.000000236	0.367256710	0.002177472	-0.000000043	-0.003830901	0.031256599	0.000000860	-0.000000080	0.012065780	0.036702718	-0.000674423	0.000531209	0.006953750	0.007690153	-0.002095931	0.003772546	0.007893890	0.000000660	0.016490785	0.004769763	0.000000865	0.007782394	-0.018330096	0.000000093	-0.002205104	0.000000050	0.000000313	-0.001638727	0.002945341	0.000683484	0.000000785	0.000000059	0.023546599	0.017744051	-0.000000501	-0.006478445	-0.005451022	-0.000000002	0.000000791	-0.010463801	0.011092142	0.000269492	-0.005287676	-0.010424292	-0.002554842	0.001226456	0.000561540	0.000270610	-0.005286360	-0.010423780	-0.002554839	0.001226196	-0.000561419	0.000983414	0.000299106	-0.006743380	-0.000386594	0.000829786	-0.000000136	0.036475530	0.015001814	0.011201102	0.013889931	0.056626408	-0.157207571	0.036475043	0.015001640	0.011200911	0.013885698	0.056624621	0.157206734	-0.031429158	-0.012814864	-0.011461511	-0.052127004	0.176347023	-0.000000553	0.000623833	0.007981573	0.005562359	0.000016149	0.003571384	0.000000202	-0.001370775	-0.000795029	-0.000877072	-0.000218191	0.000708770	0.000000046		A3: R31*d(2)
-0.029413049	-0.081188110	-0.109287369	-0.065522825	-0.038301880	-0.103062458	-0.023909833	-0.000001973	0.005206157	0.015231193	-0.000000236	0.003502086	0.000434847	-0.000000165	-0.050792767	0.000000544	0.000000974	0.002263271	0.072884498	-0.054503332	0.000002786	0.000001548	0.087575294	0.050481772	-0.000007673	-0.209010515	-0.100350493	0.000006001	0.000008058	0.070904040	0.305695435	-0.000436250	0.000343940	0.001988085	-0.004606434	-0.014262664	0.002817639	-0.000413654	0.000000292	-0.011213744	0.012305559	0.000000402	-0.027822103	0.020063046	0.000000406	0.000365045	-0.000000070	0.000000141	-0.001246560	-0.000052444	0.012042260	-0.000000044	0.000000325	-0.019221892	0.031728449	0.000000065	0.001954308	-0.002141223	0.000000036	-0.000000014	-0.003412351	0.010322302	0.000105671	0.000279782	0.000280710	-0.002806688	-0.002698266	0.079182694	-0.006669806	0.000001307	0.116282986	-0.004099852	0.000001869	0.066715508	-0.001220442	0.000001045	-0.006774892	-0.000000274	0.000000152	0.002580257	2.362665221	-0.002589985	-0.000000366	0.000000148	0.002573402	0.323088677	-0.000001397	-0.080402127	0.001061421	-0.000000084	0.000000951	-0.034873306	-0.002738410	0.000253256	-0.000243296	-0.008835474	-0.024938228	-0.022618308	-0.004985781	-0.009764072	-0.000000727	-0.016512468	-0.048019352	-0.000001987	0.003185173	-0.033014096	-0.000001366	0.003878670	-0.000000200	-0.000000381	0.005068713	-0.007313779	0.024044920	-0.000000908	-0.000002715	0.045881806	-0.031095629	0.000001287	0.008326168	0.018325886	0.000001226	-0.000001305	0.028479038	0.009239652	0.000871474	0.002798415	-0.003482147	0.001153172	-0.000463593	-0.000589660	0.000870743	0.002797652	-0.003482497	0.001153245	-0.000463351	0.000589764	-0.001317995	-0.000928924	-0.005700084	0.000910288	-0.000489297	0.000000023	-0.004332761	-0.000943855	-0.001841136	0.073393107	-0.012924353	0.022677362	-0.004331057	-0.000943161	-0.001840537	0.073393625	-0.012920209	-0.022669760	0.095110829	0.041613238	0.034380017	0.376764655	-0.221327632	0.000001753	0.000796578	-0.001940912	-0.004957357	0.000592154	-0.001691868	-0.000000205	0.000357260	-0.000026036	-0.008727020	0.000481735	0.000254119	-0.000000145		A3: R31*d(-2)
0.668601352	0.671074736	0.400733939	0.288531926	0.202225824	0.007845012	0.005014688	0.000003607	-0.024272078	-0.028291045	-0.000000045	0.018921279	-0.031034189	0.000000793	0.012455278	-0.000002732	-0.000001041	-0.029321740	-0.060242138	0.052143817	-0.000006431	-0.000003187	0.020477513	-0.020137729	0.000004908	0.070450648	0.047347450	-0.000001266	-0.000003780	-0.001797505	0.083822353	0.017783651	0.029082547	0.069159795	0.096764155	0.103140328	0.064235775	-0.005909671	-0.000000009	0.115003900	-0.053007254	-0.000000634	0.112910424	-0.083922049	-0.000000934	-0.017107151	-0.000000071	-0.000000003	0.020832106	-0.012009001	-0.058012017	-0.000001593	0.000000807	0.028427811	-0.122805163	0.000000643	-0.024240926	0.018175812	-0.000000670	0.000000653	-0.011511490	-0.047316637	0.000295677	-0.000233606	0.009275373	0.053571261	0.084704060	-0.005139144	-0.093979085	-0.000000904	-0.090513338	-0.240218442	-0.000002395	-0.120100790	-0.201594916	-0.000001949	0.349694384	0.000000822	-0.000000420	0.036380434	-0.002589985	0.474638172	0.000003339	0.000000054	0.135277297	0.093750407	-0.000000141	0.020194597	-0.062427073	-0.000000031	-0.000000251	-0.007732633	-0.130395150	0.024451801	0.036815432	0.083828147	0.120213743	0.132041824	0.031169235	0.067923550	0.000003586	0.021866821	0.155815859	0.000006823	0.024592684	0.159955786	0.000005976	-0.025954447	0.000000969	0.000003339	-0.030553043	0.014342476	-0.081371206	-0.000000366	0.000009020	-0.145713891	-0.021316878	-0.000004372	-0.000939116	-0.052984485	-0.000005803	0.000000270	0.004302975	-0.079245279	0.011388355	0.029571864	0.050482092	0.017456970	-0.008598595	-0.015684501	0.011387721	0.029571387	0.050482357	0.017456583	-0.008598161	0.015683806	-0.003284996	0.008902968	0.049625274	0.006441208	0.000144895	-0.000000105	-0.030837411	-0.003320899	0.005856326	-0.014980383	-0.244330043	-0.113833655	-0.030838127	-0.003320978	0.005856000	-0.014975294	-0.244331061	0.113830753	0.031107614	0.010478364	0.071566759	0.039981586	-0.042365748	0.000001681	0.019376511	0.041890101	0.074226935	-0.003571591	0.032329903	0.000001784	-0.001943367	0.010897563	0.054366744	0.003774950	0.004515812	0.000000480		A3: R32*d(0)
-0.000021375	-0.000021445	-0.000012699	-0.000008898	-0.000005940	-0.000001350	-0.000001487	0.148301478	0.000000346	0.000001278	0.010720442	-0.000000640	0.000000410	0.038203313	-0.000002391	-0.074294415	-0.047587047	0.000000838	0.000002699	-0.000006111	-0.200646739	-0.190513634	-0.000001070	0.000003985	0.107649436	-0.000005138	-0.000004028	-0.019163871	-0.177229213	-0.000002224	0.000000796	-0.000000017	0.000000005	-0.000000106	-0.000001346	-0.000002408	-0.000000034	-0.000000004	0.035970201	-0.000002675	0.000001209	0.061549024	-0.000003889	0.000002126	0.042822947	0.000000033	0.029423726	-0.001303388	-0.000000225	0.000000307	0.000001499	0.039816227	-0.019484349	-0.000002572	0.000002905	-0.017219401	0.000000363	-0.000000143	0.014178198	-0.013672746	-0.000000379	0.000000751	-0.000000004	0.000000001	-0.000000278	-0.000001541	-0.000002322	0.000001039	0.000001771	0.000684010	0.000004387	0.000005027	0.020624092	0.000004367	0.000004398	0.033667879	0.000000820	0.393719608	-0.012043907	-0.000000816	-0.000000366	0.000003339	0.615820375	-0.048244013	-0.000003267	-0.000003737	-0.025395949	-0.000000067	0.000001740	0.026350727	0.021959455	-0.000000005	0.000002634	-0.000000898	-0.000001414	-0.000003364	-0.000004489	-0.000004297	-0.000000846	-0.000004406	0.043666018	-0.000000483	-0.000007914	0.067867890	-0.000000534	-0.000006279	0.053059019	0.000001975	0.004740846	0.024300537	0.000002276	-0.000000666	0.000004815	-0.005004525	0.054468893	0.000006439	0.000000433	-0.019294961	0.000000021	0.000004171	-0.028763607	0.001342832	0.000000164	0.000003821	0.016262793	0.028979842	0.015402699	0.022266669	-0.011523394	-0.001779482	-0.016262220	-0.028979828	-0.015405093	-0.022266471	0.011522926	-0.001780098	0.000000113	0.000000249	-0.000000605	0.000000144	0.000000133	0.004191347	0.004057860	-0.004760725	-0.008083525	-0.242160436	0.018454766	-0.010111258	-0.004056597	0.004760752	0.008082727	0.242162518	-0.018449302	-0.010108678	-0.000000172	0.000000033	-0.000001154	-0.000000626	0.000001526	0.251543576	-0.000000186	-0.000000854	-0.000002227	0.000000395	-0.000001049	0.010287709	0.000000050	-0.000000499	-0.000001949	-0.000000052	-0.000000478	0.008552593		A3: R32*d(1)
-0.000013507	-0.000013573	-0.000008306	-0.000006184	-0.000004540	-0.000002167	0.000001422	0.099602457	-0.000000002	0.000001786	-0.005407541	-0.000000541	0.000000984	-0.027698264	-0.000001736	-0.046381449	-0.043683656	0.000001962	0.000001394	-0.000005005	-0.217326487	-0.074546767	0.000004893	0.000001333	0.073899104	-0.000005121	-0.000000054	-0.149128045	-0.057040244	0.000004033	0.000001186	-0.000000033	0.000000018	0.000000131	-0.000000624	-0.000001827	0.000000460	-0.000000220	0.001080250	-0.000001061	0.000000428	0.009143752	-0.000003153	0.000001304	0.002167469	0.000000116	0.002851334	-0.006912182	0.000000056	0.000000423	0.000000766	0.019538255	-0.027940997	-0.000001223	0.000001487	-0.006332296	0.000000093	-0.000000032	0.003629493	-0.014484015	-0.000000045	0.000000063	0.000000008	-0.000000010	-0.000000446	-0.000001555	-0.000002321	0.000001751	0.000000701	-0.109176183	0.000005021	0.000002923	-0.209420090	0.000004474	0.000003291	-0.133120835	-0.000000428	-0.011803497	0.320610637	-0.000000236	0.000000148	0.000000054	-0.048244013	0.458286496	-0.000000635	-0.000001964	-0.044656937	0.000001684	-0.000000199	0.157111021	0.004268892	-0.000002333	0.000000687	-0.000001482	-0.000002394	-0.000005126	-0.000005089	-0.000003711	-0.000002697	-0.000005376	0.056335233	-0.000001890	-0.000006062	0.075410742	-0.000000399	-0.000003186	0.032790197	0.000002673	0.014179720	0.029075906	0.000001708	-0.000001467	0.000002193	-0.000159637	0.030399546	0.000003436	0.000002135	-0.017521742	0.000001103	0.000002846	-0.018342928	0.006668631	-0.000000431	0.000002881	-0.004817309	-0.005935855	-0.004508912	-0.005356830	-0.002340515	-0.000321073	0.004817066	0.005935504	0.004506825	0.005356238	0.002340149	-0.000321443	-0.000000073	0.000000033	-0.000000501	0.000000201	-0.000000160	0.000727932	0.055633444	0.011082953	0.050771418	0.015288223	-0.020588031	-0.137090356	-0.055633177	-0.011083152	-0.050773237	-0.015282959	0.020591399	-0.137092144	0.000000276	-0.000000105	-0.000001056	0.000001377	0.000000338	-0.196973833	-0.000001743	-0.000003179	-0.000002522	0.000000332	-0.000003486	0.022356506	0.000000247	-0.000000496	-0.000001826	-0.000000461	-0.000000417	0.010025948		A3: R32*d(-1)
-0.496487910	-0.497668731	-0.291533471	-0.205073320	-0.139675377	0.090566177	-0.167275919	-0.000001517	0.049509150	-0.042192398	-0.000001024	0.028212947	-0.045152093	-0.000001109	-0.015735157	0.000000724	0.000001380	-0.076181124	0.081364229	0.023623731	-0.000000886	0.000003802	-0.273827745	0.164107863	0.000001018	0.033467703	-0.011474015	-0.000003718	0.000004029	-0.238256252	-0.017932376	-0.029908947	-0.051126750	-0.122287815	-0.139688820	-0.113749823	-0.119053751	0.016021193	0.000000223	-0.149468184	0.054045007	0.000001151	-0.091708773	0.045695333	0.000001117	0.024299602	0.000000383	-0.000000284	-0.041029182	0.019105526	0.028232620	0.000002554	-0.000001324	-0.023421326	0.107523949	-0.000001061	0.017367245	-0.020759888	0.000001062	-0.000001023	0.005217927	0.059320958	-0.000121991	0.000127058	-0.006978524	-0.037846902	-0.056675046	0.014423736	0.059282766	0.000000192	0.101562189	0.129777174	0.000000765	0.123822436	0.085061718	0.000000582	0.037061287	-0.000000790	-0.000000116	0.367256710	0.002573402	0.135277297	-0.000003267	-0.000000635	0.500964929	-0.043794802	-0.000000404	-0.026013730	0.047600517	0.000001953	0.000000131	0.042080484	0.090182117	0.018025474	0.031860151	0.060327589	0.009937328	-0.045525165	0.052818645	0.034105418	0.000002385	0.044586104	-0.081689505	-0.000000284	0.013540134	-0.140250171	-0.000002797	-0.007512085	0.000000940	0.000000736	0.013554616	0.024680047	0.089296036	-0.000000580	-0.000006413	0.121775920	-0.025659977	0.000001853	0.000590998	0.034598318	0.000001956	0.000000293	-0.000814411	0.029626984	-0.019219229	-0.052806061	-0.068933407	-0.036635730	0.021887107	0.022114795	-0.019218002	-0.052805227	-0.068933597	-0.036635595	0.021886242	-0.022114292	0.005109597	-0.014961327	-0.056888568	-0.013035937	0.001403403	0.000000021	0.022306438	0.001218185	-0.012138825	0.020483200	-0.090232043	-0.110734354	0.022306362	0.001218223	-0.012139246	0.020477131	-0.090232490	0.110733624	-0.020407131	-0.002335359	-0.025729045	0.148264718	0.260827335	-0.000000486	0.032913326	0.055483461	0.003016796	-0.002614047	0.050815971	0.000001755	-0.005031601	0.000325478	-0.013699616	0.002443526	0.002435728	0.000000132		A3: R32*d(2)
-1.046787414	-1.049926448	-0.617819268	-0.428697748	-0.285560191	-0.065210542	0.070790377	-0.000001330	0.030217923	0.053974357	0.000001574	0.002378999	0.011180279	0.000000606	-0.030892843	0.000002764	-0.000000041	0.091712429	0.054389377	0.040654988	0.000004332	-0.000001147	0.181319208	-0.026999639	-0.000001021	0.029341711	0.031634175	0.000001580	-0.000000258	0.114891262	0.018402911	-0.000990656	0.000648459	-0.006663480	-0.070517970	-0.129553216	-0.005950629	0.032685131	0.000000054	-0.135009892	0.111206867	0.000001219	-0.208843308	0.127546716	0.000002170	0.007927945	0.000000103	0.000000036	-0.006891325	0.031747921	0.122850146	0.000002869	-0.000001418	-0.107830213	0.168909088	-0.000000842	0.037355982	-0.020406384	0.000000548	-0.000000865	-0.000693857	0.060997286	-0.000287915	0.000376595	-0.010727698	-0.071321879	-0.109293067	0.113469119	-0.005143531	0.000001766	0.335937528	0.074999422	0.000005023	0.296408953	0.113329669	0.000004415	-0.002629214	-0.000000386	0.000000088	0.002177472	0.323088677	0.093750407	-0.000003737	-0.000001964	-0.043794802	0.313509442	-0.000003303	-0.165678252	-0.024288905	0.000000150	0.000002892	-0.075404510	0.047882569	-0.035871627	-0.057258158	-0.140121094	-0.195010436	-0.186036049	-0.034790064	-0.132101249	-0.000004572	-0.018571441	-0.273962923	-0.000009106	0.003487240	-0.224014086	-0.000007102	0.036375734	-0.000000722	-0.000004043	0.068796535	-0.023150178	0.110703054	0.000000339	-0.000013278	0.243260958	0.010240080	0.000005971	-0.003041919	0.081613330	0.000008741	-0.000000369	0.011377800	0.134924276	0.012899660	0.015671069	-0.051523886	0.015927547	0.003378144	-0.010029770	0.012898876	0.015670421	-0.051524166	0.015926955	0.003378028	0.010029689	-0.003868383	-0.010343313	-0.056955500	-0.002980026	0.000546274	-0.000000094	-0.002623543	-0.002364961	-0.044379901	0.195471186	-0.001427101	0.016250932	-0.002622623	-0.002364839	-0.044378843	0.195470513	-0.001427170	-0.016245221	0.054096242	0.006731142	0.001955333	0.137582385	0.030847785	0.000001328	-0.007592617	-0.033257890	-0.080842361	0.017908514	-0.027433201	-0.000001000	0.003212605	-0.019155562	-0.084285087	-0.005092881	-0.010895639	-0.000000541		A3: R32*d(-2)
-0.000007400	-0.000008832	-0.000003845	-0.000003469	-0.000002774	0.000000310	0.000000430	0.047277625	-0.000000744	-0.000000267	-0.018531057	-0.000001190	-0.000001063	0.017564123	-0.000006777	-0.128708239	-0.082833103	0.000003703	0.000007631	-0.000005196	-0.129334246	-0.087726994	0.000000129	0.000000212	0.307676880	-0.000020520	-0.000012756	-0.158958609	-0.329941373	-0.000000635	0.000005897	0.000000010	-0.000000009	-0.000000144	-0.000000642	-0.000001256	0.000000198	-0.000000261	0.005196561	-0.000000688	-0.000000052	0.014558906	-0.000001831	0.000000310	0.009858909	-0.000000054	0.006686542	-0.000713106	-0.000000026	-0.000000049	0.000000534	0.017224515	-0.006318691	-0.000001025	0.000000784	-0.014199861	0.000000114	-0.000000095	0.016051540	-0.003050468	-0.000000157	0.000000144	0.000000036	-0.000000058	-0.000001319	-0.000002392	-0.000002341	0.000001027	-0.000000082	-0.003097206	0.000002718	0.000000321	-0.000023967	0.000002025	0.000000401	0.004572707	-0.000000351	-0.007065637	-0.021816285	-0.000000043	-0.000001397	-0.000000141	-0.025395949	-0.044656937	-0.000000404	-0.000003303	2.640187983	-0.000000261	-0.000001197	0.008814882	0.014721478	0.000000181	0.000001156	0.000000035	-0.000000069	-0.000001135	-0.000001469	-0.000001538	-0.000000579	-0.000001491	0.013517669	-0.000000485	-0.000002500	0.024337957	-0.000000441	-0.000002462	0.016691184	0.000001179	0.004122560	0.009331445	0.000000849	-0.000001112	0.000001720	0.003675305	0.019889790	0.000001904	0.000000199	-0.018124189	0.000001209	0.000003145	-0.013775214	0.015658658	0.000001540	0.000001018	0.001043134	0.005472591	0.002740440	0.003722611	-0.001684788	-0.000910508	-0.001043503	-0.005473115	-0.002742066	-0.003722262	0.001684714	-0.000910705	-0.000000036	-0.000000059	-0.000000390	0.000000066	-0.000000051	0.000587368	-0.021374362	0.003264280	0.001341827	0.030222398	0.428173117	0.271695548	0.021377505	-0.003265729	-0.001345027	-0.030213388	-0.428181096	0.271690615	-0.000001079	-0.000000045	-0.000000943	0.000002542	-0.000001764	-0.385757562	-0.000000112	-0.000000640	-0.000000803	-0.000000013	-0.000000704	0.004184584	-0.000000075	-0.000000175	-0.000000606	-0.000000001	-0.000000155	0.002562496		A3: R33*f(0)
-0.233612252	-0.279354996	-0.122604166	-0.104253123	-0.067913618	0.033108416	0.006490891	-0.000001657	-0.017330142	-0.011440668	0.000000530	-0.000999686	-0.019409946	-0.000000647	-0.120637099	0.000009103	0.000006155	0.063801060	0.208951223	-0.073740813	0.000005460	0.000005409	-0.038560688	-0.019555634	-0.000020403	-0.238250010	-0.196322630	0.000004646	0.000021344	-0.099810076	0.019959036	0.000251639	-0.000539743	-0.014901409	-0.026534982	-0.034531811	-0.019010559	0.001341039	0.000000123	-0.042139908	0.014989721	0.000000255	-0.052619818	0.021624394	0.000000293	0.010539628	-0.000000026	0.000000027	-0.016568484	0.001925677	0.024226707	0.000000250	0.000000009	-0.017410470	0.037311664	-0.000000124	0.027007688	-0.004107939	0.000000153	-0.000000077	-0.018714055	0.013297766	0.000090442	-0.000110295	-0.005565798	-0.020298564	-0.025036840	0.051054043	-0.006918367	0.000001082	0.125709959	0.000571284	0.000002187	0.088449756	0.006812958	0.000001305	-0.002187778	0.000000099	0.000001053	-0.003830901	-0.080402127	0.020194597	-0.000000067	0.000001684	-0.026013730	-0.165678252	-0.000000261	2.621234522	-0.014751914	-0.000000342	0.000000122	0.005315774	0.002175579	-0.000010772	-0.000257530	-0.010641747	-0.025281484	-0.031861831	-0.005121828	-0.012243775	-0.000000860	-0.005330574	-0.048181253	-0.000002283	0.001234468	-0.054669003	-0.000001980	0.008220639	-0.000000405	-0.000001072	0.010414947	-0.008394036	0.030893656	-0.000000241	-0.000003835	0.054206566	-0.004178391	0.000002383	0.004850926	0.025463840	0.000002672	-0.000001274	0.014677977	0.026152384	-0.000444988	-0.005497958	-0.017306271	-0.003214771	0.001097411	0.002194863	-0.000445129	-0.005497966	-0.017306277	-0.003214581	0.001097344	-0.002194707	0.000607501	-0.000862081	-0.012708082	-0.000077752	0.000315798	0.000000051	0.014147154	-0.003944964	-0.014725667	0.344855938	-0.047816153	0.011218130	0.014142963	-0.003944009	-0.014724889	0.344863254	-0.047800840	-0.011214953	-0.120725003	0.031208518	0.019491936	0.108391781	-0.191462972	0.000004902	-0.000404627	-0.002404347	-0.009408464	0.000763151	-0.001513832	-0.000000174	0.000381915	-0.000481595	-0.011346402	0.000156520	0.000352277	-0.000000022		A3: R33*f(1)
-0.148083741	-0.176410084	-0.076892797	-0.083706149	-0.100714059	0.008381387	0.026952612	-0.000001309	-0.036555560	-0.030211013	-0.000000403	-0.102006587	-0.067201260	-0.000002206	-0.076190270	0.000006153	0.000003349	0.107229652	0.099729347	-0.026536244	0.000004655	0.000000563	0.027291155	-0.080256687	-0.000012919	-0.196759058	-0.050669464	0.000013125	0.000008616	0.153069318	0.036477055	-0.000246995	0.000197026	0.000507677	-0.009318612	-0.033429888	0.001313151	0.000791385	-0.000000069	-0.018561786	0.009646773	-0.000000123	-0.073780842	0.007011190	-0.000000367	0.000325731	-0.000000010	0.000000031	-0.000367844	0.002142131	0.018195280	-0.000000029	0.000000120	-0.020806662	0.020402820	0.000000097	0.004132392	-0.004070486	-0.000000099	0.000000013	-0.001588224	0.011717207	0.003385928	-0.005673220	-0.124710342	-0.198821528	-0.177439734	-0.006525130	-0.033553681	-0.000000431	0.000731391	-0.054587084	-0.000000876	0.006805340	-0.026959313	-0.000000597	-0.047540129	0.000001069	-0.000000107	0.031256599	0.001061421	-0.062427073	0.000001740	-0.000000199	0.047600517	-0.024288905	-0.000001197	-0.014751914	2.498729541	0.000000237	0.000002617	0.006353272	0.103629100	0.000432935	-0.000789515	-0.017136663	-0.025302866	-0.039631141	-0.010808848	-0.019272233	-0.000001733	-0.011514868	-0.036744929	-0.000002883	-0.030276261	-0.066785029	-0.000002725	0.012416734	-0.000000723	-0.000001292	0.010099443	-0.015552363	0.018040080	-0.000000299	-0.000002463	0.028383747	0.001824739	0.000002908	0.011228583	0.025342426	0.000001956	-0.000002504	0.017805604	0.011019575	0.000306265	0.000287564	-0.019335756	0.000875261	-0.000353048	-0.000703828	0.000306218	0.000287634	-0.019334979	0.000875111	-0.000353115	0.000703699	-0.000424967	-0.000514257	-0.007606115	0.000334438	-0.000266574	-0.000000148	0.193946770	-0.081168143	-0.143361359	-0.045537036	-0.323206519	0.157847005	0.193948726	-0.081168323	-0.143361730	-0.045521933	-0.323199782	-0.157856702	0.088491352	-0.054427732	-0.119287494	-0.182918289	-0.026225618	-0.000003451	-0.001920267	-0.010722663	-0.023488691	-0.000744695	-0.009595824	-0.000000550	0.001173538	-0.000096987	-0.009905450	0.000255419	-0.000225389	-0.000000329		A3: R33*f(-1)
0.000004120	0.000004867	0.000001956	0.000001698	0.000001368	-0.000000686	0.000000841	-0.024355821	0.000000364	-0.000000137	0.015326005	-0.000000743	0.000001007	0.008216454	0.000003782	0.073214619	0.043504746	0.000001511	-0.000005794	0.000002052	0.019283254	0.148259629	0.000004421	-0.000003258	-0.154650820	0.000004512	0.000012814	-0.180290936	0.323315640	0.000016243	-0.000003363	-0.000000117	0.000000106	0.000001023	0.000001647	0.000001837	-0.000000611	0.000000356	-0.006815834	-0.000000025	0.000000337	-0.015677877	0.000000549	0.000000259	-0.000498992	0.000000052	-0.007899661	0.000185754	-0.000000021	-0.000000046	-0.000000252	-0.014159442	0.003595666	0.000000932	-0.000000347	0.016046885	-0.000000141	0.000000184	-0.020277393	0.002340832	0.000000243	-0.000000193	-0.000000014	0.000000013	0.000000256	0.000000523	0.000000606	-0.000001078	-0.000000310	0.050272696	-0.000002524	-0.000000687	0.095900498	-0.000001934	-0.000000341	0.055966631	0.000000099	0.010573206	0.093105065	0.000000860	-0.000000084	-0.000000031	0.026350727	0.157111021	0.000001953	0.000000150	0.008814882	-0.000000342	0.000000237	2.609011669	0.003485274	-0.000000078	-0.000000509	0.000000021	-0.000000073	-0.000000643	-0.000000072	0.000000401	-0.000000299	-0.000000202	-0.001421175	-0.000000079	0.000001162	-0.002658725	-0.000000129	0.000001335	-0.006267419	0.000000538	0.003480179	0.002412230	-0.000000101	-0.000000910	-0.000001274	0.005339201	-0.009857447	-0.000001832	0.000000840	-0.006104833	0.000000662	0.000000373	0.003931795	0.012825441	0.000000641	-0.000001316	-0.001911240	-0.006837982	0.000378556	-0.004259563	0.002383178	0.001046704	0.001912549	0.006840051	-0.000375517	0.004259001	-0.002383341	0.001047301	0.000000591	0.000000917	0.000001157	0.000000187	0.000000463	-0.000791340	0.130914719	-0.032008344	-0.029346664	-0.059378304	0.089010829	0.343562673	-0.130914108	0.032008394	0.029347256	0.059358704	-0.089015335	0.343563630	0.000000421	-0.000000201	-0.000000042	0.000000702	0.000003003	0.159622722	-0.000000119	-0.000000650	0.000000005	-0.000000108	-0.000000639	0.000807865	-0.000000272	-0.000000205	0.000000119	-0.000000281	-0.000000042	-0.001128638		A3: R33*f(2)
0.000008622	0.000010310	0.000004519	0.000004128	0.000003470	-0.000000139	-0.000000983	-0.054893320	0.000001069	0.000000731	0.022113735	0.000002840	0.000001649	-0.024268242	0.000007970	0.149234860	0.098003406	-0.000005955	-0.000008117	0.000003930	0.176711449	0.057989636	-0.000002688	0.000000125	-0.327119543	0.000021319	0.000008482	0.324767084	0.346233155	-0.000006171	-0.000012103	0.000000053	-0.000000047	-0.000000379	0.000000009	0.000000873	0.000000010	0.000000147	-0.000531258	0.000001012	-0.000000177	-0.005895779	0.000002635	-0.000000452	-0.011151142	0.000000054	-0.001226965	0.002141961	0.000000025	0.000000080	-0.000000684	-0.013706727	0.014478749	0.000001042	-0.000000919	0.003075975	-0.000000047	0.000000015	-0.002389534	0.010211127	0.000000070	-0.000000113	-0.000000068	0.000000116	0.000002647	0.000004499	0.000004155	-0.000000530	0.000000179	-0.012211874	-0.000001800	-0.000000304	-0.031377800	-0.000001360	-0.000000447	-0.024043106	0.000000145	0.004111120	-0.003619888	-0.000000080	0.000000951	-0.000000251	0.021959455	0.004268892	0.000000131	0.000002892	0.014721478	0.000000122	0.000002617	0.003485274	2.627733039	0.000000153	-0.000002363	-0.000000021	0.000000045	0.000001109	0.000001510	0.000001685	0.000000788	0.000002049	-0.015699995	0.000000779	0.000003469	-0.028774087	0.000001178	0.000003305	-0.019764252	-0.000001279	-0.004205232	-0.011265040	-0.000001223	0.000001134	-0.000001904	-0.002296415	-0.026314416	-0.000002604	0.000000004	0.020452447	-0.000001126	-0.000003644	0.020631928	-0.016915064	-0.000002165	-0.000001905	0.000978305	0.002435223	-0.002352112	0.001957058	0.000356197	-0.000320771	-0.000978523	-0.002435476	0.002352892	-0.001956815	-0.000356086	-0.000320841	-0.000000205	-0.000000360	-0.000000094	-0.000000234	-0.000000134	-0.000186176	-0.018701089	0.005778360	0.007870486	-0.467001583	0.019326402	-0.047587302	0.018695006	-0.005775472	-0.007864593	0.467003361	-0.019319042	-0.047572270	-0.000001423	0.000000962	0.000002547	0.000003381	-0.000001260	-0.474588317	0.000000036	0.000000289	0.000000935	-0.000000096	0.000000344	-0.003651607	-0.000000299	-0.000000259	0.000000346	0.000000005	0.000000001	-0.002946651		A3: R33*f(-2)
-0.043098769	-0.051595604	-0.021621824	-0.015275140	-0.004553789	-0.037650351	0.073814780	0.000000123	0.013026570	-0.017445504	0.000000134	-0.004478755	0.026874022	-0.000000215	-0.023510710	0.000002344	-0.000001575	0.235477932	-0.067806092	0.001411404	0.000002467	-0.000003340	0.224330812	-0.098418973	-0.000000861	-0.099010007	0.146091722	0.000016194	-0.000006263	0.721026576	0.133204597	-0.001063241	0.001313085	0.022511979	0.020334818	0.008396783	0.030761041	-0.005676797	-0.000000143	0.025843319	-0.004756651	-0.000000314	0.003300746	0.008127899	-0.000000270	-0.012487579	-0.000000117	0.000000020	0.022126170	-0.003352981	0.011624726	-0.000000404	0.000000008	-0.005359288	-0.000557471	0.000000179	-0.018683912	0.001545680	-0.000000136	0.000000105	0.029915535	-0.007264206	-0.000299755	0.000540559	0.012004526	0.016651116	0.013466375	0.012696964	0.001113115	-0.000000464	0.022697089	0.015243779	-0.000000858	0.011859566	0.016146290	-0.000000515	-0.007368879	0.000000025	-0.000001229	0.012065780	-0.034873306	-0.007732633	-0.000000005	-0.000002333	0.042080484	-0.075404510	0.000000181	0.005315774	0.006353272	-0.000000078	0.000000153	2.612844965	-0.012360622	0.001231043	-0.001735011	-0.028569046	-0.027405710	-0.014132294	-0.015154635	-0.034862676	-0.000001464	-0.012886597	-0.032428610	-0.000001834	-0.004940651	-0.005598491	-0.000000811	0.016334448	-0.000000792	-0.000001516	0.017920499	-0.024825094	-0.009284768	-0.000000110	-0.000000748	0.007668158	0.001622615	0.000001982	0.009190985	0.021129145	0.000001956	-0.000002021	0.037221278	0.010817652	0.000362885	0.008164831	0.007727451	0.006954123	-0.003744149	-0.002270976	0.000362920	0.008164830	0.007727588	0.006953938	-0.003743928	0.002270864	-0.001613647	0.000632023	0.003548976	0.001867872	-0.001519142	-0.000000049	-0.008862535	0.006267341	0.012942359	-0.211175011	-0.006636802	-0.031227639	-0.008859665	0.006266685	0.012941714	-0.211173890	-0.006635253	0.031216561	-0.056623663	0.016045390	0.016091527	0.418530554	0.417435926	0.000000832	0.000061284	-0.006990146	-0.008673320	0.001952520	-0.007795271	-0.000000335	0.001716659	-0.000589262	-0.006368605	0.000530408	-0.001401135	-0.000000015		A3: R33*f(3)
0.354811285	0.423134316	0.181905813	0.166095251	0.141179310	-0.045669445	-0.016831314	0.000000212	0.050865879	0.024959980	0.000000228	0.090884832	0.046610236	0.000001410	0.187334368	-0.000008026	-0.000005373	-0.111092742	-0.303748281	-0.077895811	-0.000000887	-0.000001123	0.028331019	-0.029571708	0.000005718	0.018351434	0.037491665	-0.000003271	-0.000012096	0.135504124	-0.363412277	0.000058356	-0.000002176	0.003695186	0.028128139	0.054538717	0.004456070	-0.007580177	0.000000425	0.057327047	-0.034588596	0.000000214	0.101440424	-0.033434816	-0.000000157	-0.002196849	-0.000000143	0.000000024	0.003055858	-0.010325973	-0.047288807	-0.000001113	0.000000430	0.059404802	-0.060905041	0.000000155	-0.013351710	0.011709877	-0.000000152	0.000000283	0.007440418	-0.043927496	-0.002810256	0.004524499	0.100398200	0.170059795	0.156993064	-0.000337013	-0.040287119	-0.000000312	-0.036229659	-0.099414920	-0.000000982	-0.037671415	-0.069297052	-0.000000707	-0.059655465	0.000001077	0.000000097	0.036702718	-0.002738410	-0.130395150	0.000002634	0.000000687	0.090182117	0.047882569	0.000001156	0.002175579	0.103629100	-0.000000509	-0.000002363	-0.012360622	2.529445428	0.000419959	-0.000226374	0.005087523	0.035362466	0.064446809	-0.005104928	0.009102185	-0.000000012	0.002761096	0.081204729	0.000001893	0.036122413	0.113557758	0.000003160	-0.003565941	-0.000000063	0.000000501	-0.015975104	-0.001748487	-0.056967582	0.000000759	0.000005358	-0.093418955	0.032959371	-0.000001574	0.002972852	-0.029058918	-0.000003165	-0.000000105	-0.015421119	-0.059615456	-0.001833380	-0.003878822	0.025537200	-0.003361956	-0.000240273	0.002113871	-0.001833839	-0.003879244	0.025536602	-0.003361532	-0.000240101	-0.002113754	0.000502291	0.001704464	0.017757839	0.000266829	-0.000380176	0.000000466	-0.040350215	0.034201372	0.092600085	0.037418456	-0.104162261	-0.148639198	-0.040349825	0.034201214	0.092599952	0.037405865	-0.104162208	0.148638063	-0.185023394	0.070887743	0.125929463	0.132850937	-0.322416293	0.000002644	-0.003388917	-0.008293202	0.032856638	-0.001022328	-0.009819990	-0.000000345	0.000890544	0.001824613	0.018368347	-0.000218727	-0.000109428	-0.000000101		A3: R33*f(-3)
-0.001048821	0.000844211	-0.136298887	-0.550760314	-0.657684016	-0.000055599	0.138834610	0.000003831	-0.000479029	1.196329578	0.000032931	-0.000418249	1.044499109	0.000028744	0.087797207	0.000000006	-0.000008341	0.151108388	0.000121009	0.897447424	0.000000036	-0.000085497	1.552754046	0.001243450	-0.000044103	0.000261975	-0.654274421	-0.000056971	-0.000000045	0.001015933	-0.845772521	0.000152831	-0.000122243	-0.000830094	-0.016466887	-0.149883928	-0.000661751	0.001049513	0.000000032	-0.014207580	0.023062184	0.000000565	-0.210378170	0.351530977	0.000008742	0.000186090	-0.000000001	0.000000028	-0.000674004	-0.000254293	0.024451322	0.000000905	-0.000001472	0.017967837	0.035899686	0.000000014	0.000010521	0.000433291	0.000000023	0.000000070	-0.001232152	0.000417209	0.000152832	-0.000122256	-0.000830101	-0.016467159	-0.149884938	0.000660963	0.001050017	0.000000003	0.014189417	0.023073893	0.000000561	0.210098758	0.351700610	0.000008731	0.000186091	-0.000000004	0.000000011	-0.000674423	0.000253256	0.024451801	-0.000000898	-0.000001482	0.018025474	-0.035871627	0.000000035	-0.000010772	0.000432935	0.000000021	-0.000000021	0.001231043	0.000419959	-4.769761251	-11.147909850	-4.297689160	-2.268992099	-1.189743806	-0.000000918	0.002288435	0.000000074	-0.000000056	0.000089627	0.000000001	0.000000993	-0.002526815	-0.000000072	-0.003391705	0.000000005	0.000000193	-0.000922406	-0.000000759	-0.004185361	0.000000009	0.000000205	0.000283006	0.000000210	0.000000007	0.000000022	0.000023631	-0.000000143	-0.000000002	0.000004981	-0.004147647	0.000354388	0.000167660	-0.030070177	-0.000200264	0.000320056	-0.000070466	0.000354272	0.000167620	-0.030072176	-0.000200681	0.000320268	0.000070537	-0.000775429	-0.001601043	-0.102957676	-0.000240039	-0.000203268	0.000000004	0.000354102	0.000167618	-0.030072007	0.000199418	0.000320296	0.000070167	0.000354065	0.000167637	-0.030070614	0.000199185	0.000320358	-0.000070228	-0.000775422	-0.001601119	-0.102959859	0.000240198	-0.000203070	-0.000000005	-0.065461185	-0.767399253	-0.820160968	0.702683651	-0.429723389	-0.000011679	-0.065461146	-0.767399118	-0.820160924	-0.702341153	-0.430282406	-0.000013253		A4: R34*s(0)
0.000841497	-0.001911129	-0.203345985	-0.614141892	-0.722208295	-0.000095198	0.237800625	0.000006540	-0.000502268	1.254472880	0.000034515	-0.000444684	1.110648723	0.000030559	0.149718570	0.000000005	-0.000014313	0.260786504	0.000208848	0.860233844	0.000000033	-0.000082062	1.491954227	0.001194755	-0.000043481	0.000258276	-0.645046174	-0.000056110	-0.000000045	0.000999591	-0.832161914	-0.000116812	0.000098533	0.000448390	-0.022835365	-0.172365326	0.000478325	-0.000684609	-0.000000032	-0.020958509	0.035657219	0.000000890	-0.234120993	0.393094599	0.000009782	-0.000108546	0.000000006	-0.000000026	0.000530802	0.000244129	0.036814843	0.000001421	-0.000002402	0.031768257	0.057307998	-0.000000041	0.000258218	-0.000789647	-0.000000035	-0.000000092	0.001735711	-0.000222737	-0.000116833	0.000098512	0.000448390	-0.022835690	-0.172366413	-0.000477863	-0.000684984	0.000000009	0.020930378	0.035674562	0.000000897	0.233808491	0.393283284	0.000009774	-0.000108539	0.000000007	-0.000000015	0.000531209	-0.000243296	0.036815432	-0.000001414	-0.000002394	0.031860151	-0.057258158	-0.000000069	-0.000257530	-0.000789515	-0.000000073	0.000000045	-0.001735011	-0.000226374	-11.147909850	-7.156853575	-3.870351276	-2.302660503	-1.285197846	0.000000456	-0.001086096	-0.000000011	0.000000369	-0.000880572	-0.000000018	-0.000000575	0.001469639	0.000000043	0.007961153	-0.000000009	-0.000000460	0.002772458	0.000002179	0.005050014	-0.000000010	-0.000000261	0.000547907	0.000000447	-0.000000008	-0.000000035	0.000006660	0.000000234	0.000000006	-0.000008226	0.006867015	-0.000213397	-0.000177821	-0.036879264	0.000149264	-0.000235145	0.000046578	-0.000213402	-0.000177806	-0.036881617	0.000149118	-0.000234874	-0.000046410	0.000561510	-0.002200086	-0.120930099	0.000149982	0.000186154	-0.000000006	-0.000213520	-0.000177796	-0.036881390	-0.000149396	-0.000235186	-0.000046771	-0.000213604	-0.000177796	-0.036879746	-0.000149769	-0.000234990	0.000046736	0.000561483	-0.002200260	-0.120932548	-0.000150118	0.000186025	0.000000010	-0.156957118	-0.847204659	-0.898026344	0.803299295	-0.491152302	-0.000013345	-0.156957059	-0.847204533	-0.898026300	-0.802907919	-0.491791366	-0.000015143		A4: R35*s(0)
-0.136412953	-0.203907344	-0.421865576	-0.651090821	-0.709431328	-0.000156517	0.391014607	0.000010724	-0.000375207	0.937277580	0.000025760	-0.000362279	0.905074746	0.000024891	0.100605304	-0.000000008	-0.000009798	0.180659704	0.000144676	0.464667278	0.000000027	-0.000044480	0.807738285	0.000646778	-0.000017872	0.000106086	-0.264935215	-0.000022820	-0.000000010	0.000402202	-0.334868349	-0.000765694	0.000442501	-0.004864769	-0.059929877	-0.209614387	-0.001803501	0.003359800	-0.000000074	-0.064282693	0.097618880	0.000002336	-0.251455718	0.405286383	0.000009976	0.003676817	0.000000212	-0.000000473	0.006939519	0.008846199	0.083827587	0.000003372	-0.000005246	0.060103556	0.140215956	-0.000000946	0.010655122	-0.017130923	-0.000000497	-0.000001532	0.028557776	0.005152899	-0.000765706	0.000442520	-0.004864858	-0.059930384	-0.209615391	0.001800421	0.003361467	0.000000267	0.064205392	0.097671430	0.000002462	0.251133293	0.405488491	0.000010028	0.003676911	-0.000000133	-0.000000316	0.006953750	-0.008835474	0.083828147	-0.000003364	-0.000005126	0.060327589	-0.140121094	-0.000001135	-0.010641747	-0.017136663	-0.000000643	0.000001109	-0.028569046	0.005087523	-4.297689160	-3.870351276	-2.186976752	-1.654877938	-1.142818229	0.000013662	-0.033863842	-0.000000831	0.000021812	-0.054204575	-0.000001340	0.000008138	-0.020115374	-0.000000478	0.097760707	-0.000000147	-0.000005722	0.036020093	0.000028753	0.121272090	-0.000000189	-0.000007219	0.048740915	0.000039264	0.000001189	-0.000008101	0.019901378	0.000006429	0.000000183	-0.000195862	0.163297996	-0.001281196	-0.002676268	-0.059010335	0.000885413	-0.001375464	0.000197813	-0.001280776	-0.002676222	-0.059013221	0.000886406	-0.001375106	-0.000197381	0.003212603	-0.014347218	-0.153261031	-0.003603658	0.004466622	0.000000072	-0.001280920	-0.002676205	-0.059012874	-0.000883551	-0.001376008	-0.000197580	-0.001281054	-0.002676076	-0.059010821	-0.000884336	-0.001375496	0.000197711	0.003212424	-0.014347942	-0.153263583	0.003600344	0.004469525	0.000000161	-0.353763860	-0.763470074	-0.833210230	0.475690491	-0.291043510	-0.000007900	-0.353763707	-0.763469983	-0.833210250	-0.475458781	-0.291421777	-0.000008934		A4: R36*s(0)
-0.551532801	-0.616000864	-0.654765729	-0.742443293	-0.724536887	-0.000132398	0.330714998	0.000009130	-0.000272518	0.680459795	0.000018846	-0.000274280	0.685019393	0.000018949	0.082620492	-0.000000016	-0.000007462	0.128250224	0.000102686	0.354686880	-0.000000008	-0.000032244	0.556630724	0.000445596	-0.000015295	0.000090188	-0.225020029	-0.000019832	-0.000000014	0.000360952	-0.300618750	-0.016359151	-0.022835940	-0.057113832	-0.134407064	-0.268324501	-0.027488801	0.040834692	0.000000848	-0.134170996	0.157384226	0.000003701	-0.294732189	0.398588956	0.000009635	0.015561930	0.000000640	-0.000000880	0.007650272	0.024950013	0.120213494	0.000004527	-0.000005110	0.009626304	0.195025364	-0.000001237	0.025301025	-0.025286235	0.000000010	-0.000002111	0.027322618	0.035424578	-0.016359410	-0.022836250	-0.057114402	-0.134407864	-0.268325506	0.027455968	0.040856906	0.000001125	0.134046122	0.157492147	0.000003710	0.294414941	0.398824840	0.000009606	0.015562070	-0.000000511	-0.000000727	0.007690153	-0.024938228	0.120213743	-0.000004489	-0.000005089	0.009937328	-0.195010436	-0.000001469	-0.025281484	-0.025302866	-0.000000072	0.000001510	-0.027405710	0.035362466	-2.268992099	-2.302660503	-1.654877938	-1.324349302	-0.997150615	0.000015597	-0.038745438	-0.000000943	0.000055663	-0.138566384	-0.000003579	0.000047244	-0.117811058	-0.000003082	0.120769299	-0.000000189	-0.000007083	0.046254449	0.000037075	0.244990490	-0.000000304	-0.000015845	0.147250750	0.000118274	0.000003084	-0.000019822	0.049314996	0.000011355	0.000000299	-0.000324938	0.271058332	-0.001885316	-0.016425167	-0.098549659	-0.003067467	0.007030683	0.003106733	-0.001885381	-0.016426127	-0.098552841	-0.003066455	0.007031579	-0.003106343	-0.013032360	-0.048163395	-0.187520281	-0.025824727	0.012047227	0.000000575	-0.001885523	-0.016426061	-0.098552446	0.003063303	0.007033853	-0.003106499	-0.001885362	-0.016425374	-0.098550296	0.003062119	0.007034013	0.003106824	-0.013032887	-0.048164458	-0.187522700	0.025815632	0.012067741	0.000000575	-0.364962083	-0.637581613	-0.723378497	0.352605451	-0.214803649	-0.000005855	-0.364961893	-0.637581588	-0.723378637	-0.352434464	-0.215084052	-0.000006603		A4: R37*s(0)
-0.659501054	-0.723785490	-0.714903653	-0.749981530	-0.702873813	-0.000075526	0.188577561	0.000005321	-0.000159755	0.398108141	0.000011520	-0.000162559	0.404948522	0.000011784	0.072855036	-0.000000019	-0.000005439	0.075909506	0.000060780	0.321976947	-0.000000009	-0.000023848	0.328301846	0.000262936	-0.000009147	0.000052182	-0.129744468	-0.000013470	-0.000000022	0.000288002	-0.240177267	-0.149902602	-0.172467592	-0.204258473	-0.262512333	-0.345933914	-0.047009522	0.075124792	0.000001720	-0.160713084	0.171496644	0.000004014	-0.301482794	0.331113920	0.000007900	0.019523404	0.000000732	-0.000000551	-0.002132049	0.022614659	0.132041654	0.000004492	-0.000003567	-0.045821671	0.185962963	-0.000001019	0.031892428	-0.039608754	0.000000296	-0.000002489	0.013979669	0.064477756	-0.149903580	-0.172468658	-0.204259566	-0.262513406	-0.345934944	0.046949300	0.075162545	0.000001906	0.160576590	0.171625510	0.000003988	0.301219009	0.331354703	0.000007863	0.019523527	-0.000000526	-0.000000461	-0.002095931	-0.022618308	0.132041824	-0.000004297	-0.000003711	-0.045525165	-0.186036049	-0.000001538	-0.031861831	-0.039631141	0.000000401	0.000001685	-0.014132294	0.064446809	-1.189743806	-1.285197846	-1.142818229	-0.997150615	-0.793003770	0.000008369	-0.020712727	-0.000000518	0.000063911	-0.159301720	-0.000004186	0.000087752	-0.219636803	-0.000005774	0.096055297	-0.000000150	-0.000005609	0.035670469	0.000028627	0.263478111	-0.000000273	-0.000017524	0.178302953	0.000142980	0.000003246	-0.000020694	0.051563663	0.000010529	0.000000231	-0.000292976	0.244459600	-0.025228265	-0.070305918	-0.167516833	-0.009852715	0.033954099	0.025713619	-0.025229547	-0.070307867	-0.167519488	-0.009852377	0.033955011	-0.025713589	-0.066036511	-0.117945989	-0.234474357	-0.058769413	-0.008883744	0.000000943	-0.025229591	-0.070307779	-0.167519216	0.009827645	0.033962943	-0.025713520	-0.025228519	-0.070306413	-0.167517458	0.009826127	0.033962631	0.025714078	-0.066037515	-0.117947259	-0.234476520	0.058776795	-0.008837565	0.000000691	-0.324075809	-0.486981326	-0.552867565	0.265605962	-0.159933455	-0.000004412	-0.324075674	-0.486981358	-0.552867713	-0.265478764	-0.160144832	-0.000004991		A4: R38*s(0)
0.000055604	0.000095446	0.000156571	0.000132172	0.000075993	-0.104943880	-0.000189421	0.000000045	-0.180413811	-0.000170223	0.000000039	-0.199810884	-0.000084954	0.000000008	-0.000014057	0.000003136	0.000000003	-0.000117343	0.112726137	0.000013178	0.000006346	0.000000043	-0.000168102	0.227052287	0.000000003	0.013734789	-0.000032221	0.000000009	-0.000002384	0.052646588	0.000013347	0.000418620	-0.000245795	0.003104295	0.023227784	0.043202307	0.004481177	-0.003245548	-0.000000263	0.017336180	-0.046218067	-0.000001215	-0.004797237	-0.089553636	-0.000002276	-0.002934268	-0.000000097	0.000000285	-0.003770849	-0.004999435	-0.031223185	-0.000000777	0.000002733	-0.052789915	-0.034979917	0.000000752	-0.005139478	0.010818229	0.000000496	0.000000336	-0.015193088	0.005057749	-0.000417967	0.000245326	-0.003101234	-0.023190562	-0.043133053	0.004480507	0.003246399	0.000000040	0.017253382	0.046168829	0.000001251	-0.004959139	0.089463589	0.000002326	0.002931873	-0.000000149	-0.000000296	0.003772546	-0.004985781	0.031169235	-0.000000846	-0.000002697	0.052818645	-0.034790064	-0.000000579	-0.005121828	-0.010808848	-0.000000299	0.000000788	-0.015154635	-0.005104928	-0.000000918	0.000000456	0.000013662	0.000015597	0.000008369	0.177328012	0.000020124	-0.000000108	-0.461169593	0.000024785	-0.000000140	-0.357571042	0.000006560	-0.000000073	-0.000008766	0.000002103	0.000000137	-0.000104309	0.069037547	-0.000008160	0.000002839	0.000000155	-0.000135529	0.094088232	0.000000133	0.086554732	-0.000011250	-0.000000189	-0.000004918	0.029208777	0.000020133	0.000173872	0.000808304	0.013188425	0.000340685	0.000836165	0.000174575	0.000173713	0.000808397	0.013189343	0.000340902	0.000835933	-0.000174392	-0.002264795	0.013678829	0.061665159	0.003572378	-0.006262613	-0.000000204	-0.000172293	-0.000806367	-0.013162159	0.000343962	-0.000834542	0.000174540	-0.000172448	-0.000806284	-0.013161436	0.000343446	-0.000834440	-0.000174357	0.002262073	-0.013674150	-0.061631679	0.003565762	0.006265278	0.000000189	-0.332199643	-0.299412915	-0.155225533	-0.004679460	-0.080302484	-0.000002163	0.332037053	0.299269912	0.155158020	-0.004806589	0.080368069	0.000002465		A4: R39*p(0)
-0.138860296	-0.238452312	-0.391112753	-0.330089465	-0.189637117	-0.000189428	0.368274969	0.000014865	-0.000170163	0.244698682	0.000013298	-0.000084826	0.012229322	0.000006097	0.035071307	-0.000000002	-0.000006861	0.067689967	0.000099350	-0.033035911	-0.000000012	-0.000003239	-0.034393240	0.000063451	0.000005617	-0.000032313	0.094337496	0.000007313	-0.000000014	-0.000127991	0.124172824	-0.000818875	0.000609200	-0.003901044	-0.046838979	-0.086847674	0.001833503	0.003731628	0.000000143	-0.057442852	0.079242996	0.000002485	-0.113044669	0.108095311	0.000004270	0.003110852	0.000000399	-0.000000647	0.007875316	0.009772752	0.067897991	0.000004365	-0.000005382	0.033852968	0.132127151	-0.000001638	0.012255484	-0.019250581	-0.000000252	-0.000001647	0.034827348	0.009191567	-0.000819226	0.000609386	-0.003903492	-0.046857721	-0.086882261	-0.001832457	0.003733179	-0.000000095	0.057393859	0.079326025	0.000002413	0.112954801	0.108256980	0.000004236	0.003113306	-0.000000416	-0.000000684	0.007893890	-0.009764072	0.067923550	-0.000004406	-0.000005376	0.034105418	-0.132101249	-0.000001491	-0.012243775	-0.019272233	-0.000000202	0.000002049	-0.034862676	0.009102185	0.002288435	-0.001086096	-0.033863842	-0.038745438	-0.020712727	0.000020124	0.126690764	-0.000004094	0.000024767	-0.522953846	-0.000005088	0.000006533	-0.373799556	-0.000002126	0.021654287	0.000000104	-0.000003449	0.122796586	0.000126117	0.020192999	0.000000121	-0.000003343	0.151338845	0.000158699	0.000006268	-0.000011372	0.114698364	0.000005337	-0.000000186	-0.000033398	0.037504809	-0.001618635	-0.002478514	-0.033968566	0.002276006	-0.001690695	-0.000238469	-0.001617820	-0.002478225	-0.033970079	0.002275253	-0.001691063	0.000238697	0.003306643	-0.006669350	-0.042956550	-0.002285248	0.000464452	0.000000030	-0.001618111	-0.002478660	-0.033980286	-0.002274863	-0.001693117	0.000238482	-0.001618691	-0.002479034	-0.033979142	-0.002274730	-0.001693456	-0.000238745	0.003308410	-0.006680541	-0.043006102	0.002287958	0.000471630	0.000000038	0.203882699	0.179525319	0.084927653	-0.079806042	-0.087690370	0.000001214	0.204147389	0.179763784	0.085051212	0.079872486	-0.087562867	0.000001413		A4: R39*p(1)
-0.000003826	-0.000006545	-0.000010729	-0.000009120	-0.000005445	-0.000000090	0.000014838	-0.170127266	-0.000000089	0.000013107	-0.236541564	-0.000000017	0.000005641	-0.208386104	0.000006532	-0.000047396	0.118318404	0.000005150	-0.000000001	0.000008590	-0.000081557	0.203736464	0.000004699	0.000000012	0.027324867	0.000000039	-0.000000865	0.035203537	0.000028165	-0.000000008	0.000002226	0.000000010	0.000000011	-0.000000304	-0.000001481	-0.000002577	0.000000030	-0.000000409	0.002280926	-0.000001062	0.000002104	-0.020051537	-0.000002802	0.000004110	-0.064788524	0.000000185	-0.007173872	0.009313009	0.000000411	0.000000437	0.000003518	-0.043710725	0.056300123	0.000002227	0.000004621	0.013517684	0.000000832	-0.000000851	-0.001445714	0.015697766	0.000001368	0.000000636	0.000000001	0.000000010	-0.000000245	-0.000001453	-0.000002540	-0.000000150	-0.000000221	0.002280862	0.000001293	0.000002013	-0.020051781	0.000002915	0.000004088	-0.064788857	0.000000244	0.007166704	0.009318983	0.000000660	-0.000000727	0.000003586	0.043666018	0.056335233	0.000002385	-0.000004572	0.013517669	-0.000000860	-0.000001733	-0.001421175	-0.015699995	-0.000001464	-0.000000012	0.000000074	-0.000000011	-0.000000831	-0.000000943	-0.000000518	-0.000000108	-0.000004094	0.275764547	-0.000000147	-0.000005168	-0.336142296	-0.000000065	-0.000002353	-0.294451152	-0.000000859	0.000012481	-0.031056769	0.000002668	0.000000058	-0.000002372	0.000023922	-0.059745888	0.000002629	0.000000058	0.056709901	-0.000000117	-0.000001931	0.032511527	0.000026190	0.000000085	-0.000000143	0.007944579	0.005342273	-0.009498233	-0.001792532	0.000450965	-0.000098838	-0.007945345	-0.005343037	0.009496788	0.001793516	-0.000451283	-0.000098857	0.000000264	-0.000000404	-0.000002099	-0.000000129	-0.000000071	0.000032796	-0.007945506	-0.005343131	0.009496682	-0.001791546	-0.000452207	-0.000099103	0.007944535	0.005342201	-0.009498417	0.001792836	0.000452890	-0.000099029	0.000000268	-0.000000180	-0.000001763	0.000000090	-0.000000087	0.000032933	0.000005594	0.000004886	0.000002377	-0.000002285	0.000001200	-0.131307122	0.000006274	0.000005558	0.000002701	0.000002604	0.000001244	-0.131307142		A4: R39*p(-1)
0.000479441	0.000503964	0.000379098	0.000278257	0.000174546	-0.183379657	-0.000173262	0.000000059	-0.186814008	-0.000101977	0.000000044	-0.213624675	-0.000061169	-0.000000023	-0.000010301	0.000000946	0.000000002	-0.000027462	0.029810377	-0.000000359	0.000001112	0.000000050	0.000000733	0.030216154	0.000000014	0.014982433	0.000035399	0.000000022	-0.000000400	-0.006761746	0.000042534	0.013414533	0.021503826	0.054463296	0.071330393	0.068667617	0.020852174	-0.049280821	-0.000001330	0.022184328	-0.085597844	-0.000002022	-0.025701462	-0.091945757	-0.000002244	-0.015038342	-0.000000441	0.000000990	-0.016468139	-0.016577077	-0.021991451	-0.000000438	0.000001802	-0.044491173	-0.018862251	0.000000652	-0.005377686	0.011537803	0.000000280	0.000000202	-0.012904436	-0.002860903	-0.013396423	-0.021475773	-0.054385842	-0.071178330	-0.068475628	0.020768937	0.049240688	0.000001050	0.021938871	0.085459947	0.000002018	-0.026003093	0.091769533	0.000002246	0.015016457	-0.000000488	-0.000001085	0.016490785	-0.016512468	0.021866821	-0.000000483	-0.000001890	0.044586104	-0.018571441	-0.000000485	-0.005330574	-0.011514868	-0.000000079	0.000000779	-0.012886597	0.002761096	-0.000000056	0.000000369	0.000021812	0.000055663	0.000063911	-0.461169593	0.000024767	-0.000000147	-0.292213103	0.000096637	-0.000000265	-0.313620719	0.000078946	-0.000000156	-0.000013687	0.000002790	0.000000179	-0.000144429	0.091800076	-0.000062981	0.000004610	0.000000294	-0.000315777	0.150086007	0.000000322	0.166417201	-0.000040696	-0.000000273	-0.000009772	0.066660106	0.000025975	0.000222872	0.011360632	0.030747776	0.002644729	-0.007177197	-0.002019387	0.000223188	0.011361718	0.030749187	0.002645006	-0.007178122	0.002019768	0.023675730	0.061160221	0.093788755	0.037705187	-0.024096263	-0.000001343	-0.000220991	-0.011340000	-0.030656363	0.002635654	0.007170038	-0.002015614	-0.000220984	-0.011339350	-0.030655346	0.002634620	0.007169546	0.002015986	-0.023664034	-0.061121398	-0.093694964	0.037657392	0.024120879	0.000001099	-0.318185158	-0.236562546	-0.146463267	-0.003793151	-0.012550245	-0.000000307	0.318029839	0.236456742	0.146449681	-0.003810978	0.012557919	0.000000344		A4: R40*p(0)
-1.197429617	-1.258736419	-0.946902856	-0.695041247	-0.435842785	-0.000173258	0.249386364	0.000013706	-0.000102082	0.067594560	0.000007932	-0.000061143	-0.061388784	0.000003059	0.025718642	0.000000003	-0.000002635	0.008847864	0.000019008	0.000922072	0.000000008	0.000001696	-0.063197799	-0.000038457	-0.000005157	0.000035380	-0.073197428	-0.000007030	-0.000000013	0.000149599	-0.126874670	-0.023004518	-0.035551952	-0.097619884	-0.190801476	-0.240379624	-0.055719055	0.071582188	0.000002081	-0.221315960	0.194370579	0.000005652	-0.285270776	0.194335118	0.000006290	0.027520829	0.000001580	-0.000001761	0.004680265	0.048013720	0.155797987	0.000007927	-0.000006024	-0.082160240	0.273817941	-0.000002688	0.048207027	-0.036693527	0.000001223	-0.000002990	0.032223563	0.081281343	-0.023015630	-0.035569709	-0.097664177	-0.190859145	-0.240434784	0.055679396	0.071666473	0.000001840	0.221178999	0.194614855	0.000005622	0.285095330	0.194635315	0.000006281	0.027533038	-0.000001540	-0.000001773	0.004769763	-0.048019352	0.155815859	-0.000007914	-0.000006062	-0.081689505	-0.273962923	-0.000002500	-0.048181253	-0.036744929	0.000001162	0.000003469	-0.032428610	0.081204729	0.000089627	-0.000880572	-0.054204575	-0.138566384	-0.159301720	0.000024785	-0.522953846	-0.000005168	0.000096637	-0.532882948	-0.000013433	0.000078925	-0.510492624	-0.000009935	0.033936354	0.000000128	-0.000005176	0.177834923	0.000179078	0.157011698	0.000000259	-0.000017613	0.491466404	0.000452876	0.000015458	-0.000040634	0.267567768	0.000014525	-0.000000278	-0.000136115	0.135049514	-0.002334304	-0.027036058	-0.116146219	-0.005838178	0.012495325	0.004552472	-0.002334118	-0.027037456	-0.116148759	-0.005839844	0.012496036	-0.004552221	-0.015687796	-0.050135167	-0.118345950	-0.036594874	0.007086414	0.000000788	-0.002334614	-0.027046322	-0.116172848	0.005830204	0.012506838	-0.004554344	-0.002334612	-0.027045417	-0.116170963	0.005829975	0.012505584	0.004554079	-0.015707278	-0.050184821	-0.118421528	0.036620047	0.007134973	0.000000705	0.194591973	0.132907904	0.017622507	-0.009975436	-0.013878523	0.000000022	0.194845374	0.133096121	0.017738834	0.009983642	-0.013860782	0.000000066		A4: R40*p(1)
-0.000032935	-0.000034629	-0.000026093	-0.000019122	-0.000011985	-0.000000040	0.000013453	-0.243082882	-0.000000046	0.000007498	-0.210579136	-0.000000059	0.000002710	-0.167964463	0.000002684	-0.000017108	0.042640414	0.000001427	0.000000018	-0.000000194	-0.000000510	0.001332340	-0.000001689	0.000000075	0.001715722	0.000000041	-0.000001864	-0.008670943	-0.000006929	-0.000000030	-0.000003193	-0.000000577	-0.000000846	-0.000002398	-0.000004915	-0.000006356	-0.000001800	0.000001906	-0.011574404	-0.000005732	0.000006275	-0.048748901	-0.000007619	0.000007196	-0.079699140	0.000001291	-0.016141512	0.021245891	0.000000587	0.000001588	0.000006663	-0.067927820	0.075356648	-0.000000359	0.000009137	0.024338125	0.000002265	-0.000001805	-0.002703894	0.028770035	0.000001781	0.000002757	-0.000000583	-0.000000862	-0.000002354	-0.000004910	-0.000006361	0.000001363	0.000002166	-0.011574570	0.000005716	0.000006224	-0.048749181	0.000007621	0.000007245	-0.079699348	0.000001408	0.016125014	0.021259162	0.000000865	-0.000001987	0.000006823	0.067867890	0.075410742	-0.000000284	-0.000009106	0.024337957	-0.000002283	-0.000002883	-0.002658725	-0.028774087	-0.000001834	0.000001893	0.000000001	-0.000000018	-0.000001340	-0.000003579	-0.000004186	-0.000000140	-0.000005088	-0.336142296	-0.000000265	-0.000013433	-0.047007681	-0.000000163	-0.000010059	-0.149686908	-0.000001118	0.000017299	-0.043155536	0.000003894	0.000000098	-0.000001067	0.000044808	-0.111602874	0.000010633	0.000000200	0.099802110	-0.000000113	-0.000001689	0.058588872	0.000047103	0.000000083	0.000001590	0.006994983	-0.001010963	-0.017321850	-0.004109041	0.005035577	0.000482453	-0.006995325	0.001010265	0.017317132	0.004109780	-0.005035711	0.000482678	-0.000000328	-0.000001743	-0.000004001	-0.000001409	0.000000606	-0.007182910	-0.006995323	0.001010125	0.017316942	-0.004103950	-0.005038224	0.000482275	0.006994908	-0.001011121	-0.017322085	0.004105866	0.005039628	0.000482272	-0.000000400	-0.000001536	-0.000003729	0.000001288	0.000000417	-0.007182850	0.000005360	0.000003628	0.000000601	-0.000000426	0.000000084	-0.016342702	0.000005996	0.000004162	0.000000897	0.000000510	-0.000000070	-0.016342841		A4: R40*p(-1)
0.000418887	0.000445952	0.000368812	0.000303561	0.000224756	-0.198055356	-0.000087027	0.000000039	-0.279508213	-0.000061908	0.000000036	-0.288129431	-0.000024374	-0.000000001	-0.000024368	0.000000805	0.000000001	-0.000019991	0.021360053	-0.000071792	0.000000114	0.000000005	0.000065280	-0.031656122	-0.000000002	0.063415876	0.000023947	0.000000037	-0.000003887	0.045311716	0.000120807	0.209559988	0.234987767	0.237002096	0.210474761	0.146414444	-0.009127500	-0.089454699	-0.000002181	-0.027175022	-0.093996899	-0.000002016	-0.081025991	-0.065678425	-0.000001396	-0.014467496	-0.000000309	0.000000221	-0.007772683	0.003146151	-0.024720235	-0.000000779	-0.000000021	-0.013433167	0.003285572	0.000000101	0.001166789	0.030328928	-0.000000072	0.000001100	-0.004858528	-0.036227091	-0.209280152	-0.234675200	-0.236680549	-0.210130086	-0.146079687	-0.009276114	0.089371470	0.000002094	-0.027446495	0.093843755	0.000002091	-0.081341278	0.065496950	0.000001433	0.014448479	-0.000000219	-0.000000445	0.007782394	0.003185173	0.024592684	-0.000000534	-0.000000399	0.013540134	0.003487240	-0.000000441	0.001234468	-0.030276261	-0.000000129	0.000001178	-0.004940651	0.036122413	0.000000993	-0.000000575	0.000008138	0.000047244	0.000087752	-0.357571042	0.000006533	-0.000000065	-0.313620719	0.000078925	-0.000000163	-0.219124313	0.000106163	-0.000000079	-0.000006962	0.000001562	0.000000115	-0.000078691	0.050175278	-0.000066354	0.000002012	0.000000205	-0.000213871	0.061382546	0.000000153	0.100491200	-0.000029266	-0.000000364	-0.000006109	0.046723929	0.000017296	0.029736825	0.073841963	0.093896316	-0.001726108	-0.040686285	-0.031966265	0.029739180	0.073844564	0.093898031	-0.001725454	-0.040687446	0.031967112	0.128148822	0.165686225	0.158912098	0.073403725	0.026131003	-0.000001892	-0.029686877	-0.073725889	-0.093693108	-0.001774451	0.040633472	-0.031917028	-0.029685411	-0.073724088	-0.093691859	-0.001775779	0.040632280	0.031917350	-0.128076308	-0.165557832	-0.158724625	0.073349862	-0.026037154	0.000001096	-0.261864597	-0.175806845	-0.081569061	0.063428361	-0.070734145	-0.000001865	0.261737450	0.175730103	0.081613603	0.063317555	0.070785667	0.000002141		A4: R41*p(0)
-1.046225461	-1.113794127	-0.921137974	-0.758729943	-0.562356457	-0.000087121	0.019414519	0.000006978	-0.000062519	-0.124787142	0.000003069	-0.000025069	-0.227306073	-0.000002103	0.061088454	-0.000000007	-0.000004047	0.006812726	0.000014001	0.180317141	-0.000000023	-0.000005577	-0.102946276	-0.000094605	-0.000002090	0.000024137	0.003866561	-0.000006068	-0.000000041	0.000217103	-0.166341278	-0.352053505	-0.393153143	-0.404108228	-0.432750967	-0.419778571	-0.096690731	0.095425705	0.000003903	-0.245159791	0.164283484	0.000005989	-0.328467109	0.145903381	0.000005242	0.023998979	0.000001365	-0.000000633	-0.018388751	0.032987566	0.159935725	0.000006500	-0.000002983	-0.140616933	0.223793505	-0.000001879	0.054723246	-0.066714230	0.000001269	-0.000003384	0.005323090	0.113542708	-0.352222449	-0.393342514	-0.404298782	-0.432919972	-0.419895984	0.096607651	0.095574170	0.000003632	0.245006864	0.164553251	0.000005821	0.328285784	0.146216852	0.000005144	0.024010598	-0.000001217	-0.000000694	-0.018330096	-0.033014096	0.159955786	-0.000006279	-0.000003186	-0.140250171	-0.224014086	-0.000002462	-0.054669003	-0.066785029	0.000001335	0.000003305	-0.005598491	0.113557758	-0.002526815	0.001469639	-0.020115374	-0.117811058	-0.219636803	0.000006560	-0.373799556	-0.000002353	0.000078946	-0.510492624	-0.000010059	0.000106163	-0.485002326	-0.000012201	0.017029472	0.000000081	-0.000002695	0.096662601	0.000097390	0.165897026	0.000000180	-0.000016282	0.413286024	0.000354723	0.000010032	-0.000029391	0.173311682	0.000009647	-0.000000230	-0.000097899	0.096786301	-0.065084434	-0.148797233	-0.257067576	-0.022103679	0.066113273	0.062257379	-0.065087248	-0.148800434	-0.257069414	-0.022106359	0.066113783	-0.062257830	-0.092719500	-0.162696539	-0.235802254	-0.093741900	-0.045693383	0.000001353	-0.065111115	-0.148859249	-0.257144102	0.022050962	0.066164481	-0.062283303	-0.065108602	-0.148856679	-0.257142608	0.022049796	0.066162642	0.062283504	-0.092822593	-0.162829630	-0.235929978	0.093837051	-0.045640293	0.000000823	0.159382242	0.096323534	-0.055571093	-0.068302197	-0.001373855	0.000001092	0.159590764	0.096463346	-0.055506305	0.068353439	-0.001263549	0.000001207		A4: R41*p(1)
-0.000028773	-0.000030640	-0.000025306	-0.000020554	-0.000014930	-0.000000015	0.000006620	-0.222901132	-0.000000019	0.000002055	-0.191698237	-0.000000022	-0.000003167	-0.098832584	0.000003820	-0.000018073	0.045091156	0.000001448	0.000000008	0.000006931	-0.000017312	0.043053605	-0.000001453	0.000000013	0.057128274	0.000000010	-0.000005586	0.042384609	0.000034021	0.000000001	-0.000005821	-0.000008762	-0.000009749	-0.000010056	-0.000010955	-0.000010791	-0.000002632	0.000003782	-0.054540074	-0.000006167	0.000006578	-0.077580348	-0.000008471	0.000006057	-0.073292688	0.000001570	-0.016246939	0.015800701	-0.000000056	0.000001091	0.000006177	-0.053085186	0.032748102	-0.000002806	0.000006998	0.016691391	0.000001945	-0.000001767	-0.006298361	0.019754342	0.000000749	0.000003854	-0.000008756	-0.000009756	-0.000010016	-0.000010948	-0.000010790	0.000002386	0.000003922	-0.054540377	0.000006231	0.000006451	-0.077580610	0.000008522	0.000006026	-0.073292778	0.000001500	0.016234614	0.015813969	0.000000093	-0.000001366	0.000005976	0.053059019	0.032790197	-0.000002797	-0.000007102	0.016691184	-0.000001980	-0.000002725	-0.006267419	-0.019764252	-0.000000811	0.000003160	-0.000000072	0.000000043	-0.000000478	-0.000003082	-0.000005774	-0.000000073	-0.000002126	-0.294451152	-0.000000156	-0.000009935	-0.149686908	-0.000000079	-0.000012201	-0.032926197	-0.000000909	0.000011611	-0.028984832	0.000001997	0.000000076	-0.000000094	0.000038897	-0.097015662	0.000008763	0.000000148	0.062840285	0.000000013	-0.000001089	0.041108147	0.000032980	0.000000006	0.000001163	-0.017926358	-0.027009093	-0.024994614	-0.006714653	0.017222343	0.001906231	0.017924779	0.027003690	0.024982927	0.006714664	-0.017219559	0.001903921	-0.000003624	-0.000005408	-0.000006921	-0.000003079	-0.000000988	-0.017554749	0.017924604	0.027003432	0.024982741	-0.006699709	-0.017224333	0.001903484	-0.017926792	-0.027009503	-0.024994841	0.006701680	0.017228312	0.001906257	-0.000003275	-0.000004961	-0.000006647	0.000002933	-0.000001042	-0.017554624	0.000004403	0.000002631	-0.000001412	-0.000001965	0.000001240	-0.047546464	0.000004919	0.000003000	-0.000001320	0.000002273	0.000001279	-0.047546685		A4: R41*p(-1)
0.087782865	0.150125862	0.101845597	0.084663000	0.074690368	0.000014689	-0.036594378	-0.000006470	0.000011497	-0.028882254	-0.000002566	0.000024747	-0.062410347	-0.000003793	0.073370211	0.000000017	-0.000009590	0.181795165	0.000145597	0.007760622	0.000000077	-0.000007298	-0.003729065	-0.000002973	-0.000030730	0.000084647	-0.211368935	-0.000035766	-0.000000002	0.000187312	-0.155951729	0.000006826	0.000018883	0.004492354	0.018102492	0.029220889	0.002029850	-0.004505501	-0.000000216	0.021055017	-0.029383803	-0.000001500	0.031625336	-0.042529480	-0.000002082	-0.002401484	-0.000000196	0.000000298	-0.002198805	-0.003881932	-0.025954375	-0.000001925	0.000002554	-0.007454058	-0.036387418	0.000001145	-0.008230618	0.012410710	0.000000481	0.000001332	-0.016326041	-0.003604117	0.000006566	0.000018552	0.004492122	0.018102276	0.029220690	-0.002026576	-0.004506958	-0.000000041	-0.021032031	-0.029400524	-0.000001199	-0.031591766	-0.042554615	-0.000001874	-0.002401622	0.000000228	0.000000356	-0.002205104	0.003878670	-0.025954447	0.000001975	0.000002673	-0.007512085	0.036375734	0.000001179	0.008220639	0.012416734	0.000000538	-0.000001279	0.016334448	-0.003565941	-0.003391705	0.007961153	0.097760707	0.120769299	0.096055297	-0.000008766	0.021654287	-0.000000859	-0.000013687	0.033936354	-0.000001118	-0.000006962	0.017029472	-0.000000909	2.416949766	0.000000033	0.000001120	-0.025827038	-0.000020432	0.381103351	0.000000058	0.000001481	-0.031407664	-0.000025204	-0.000000616	0.000012355	-0.030669283	-0.000002514	-0.000000093	0.000152446	-0.126866303	-0.000009616	0.000688096	0.010097064	-0.000175175	-0.000012586	0.000241679	-0.000009615	0.000688336	0.010097847	-0.000175226	-0.000012681	-0.000241650	0.000433923	0.007333694	0.021158735	0.002420827	-0.001637632	-0.000000145	-0.000009905	0.000687987	0.010097521	0.000175057	-0.000012355	-0.000241707	-0.000009510	0.000688184	0.010097022	0.000175098	-0.000012401	0.000241665	0.000433544	0.007333404	0.021158579	-0.002419526	-0.001639740	-0.000000057	0.052257750	0.040871508	0.071039363	0.221946252	-0.135157596	-0.000006999	0.052257777	0.040871593	0.071039471	-0.221838242	-0.135334454	-0.000007908		A4: R42*d(0)
0.000000006	-0.000000007	-0.000000018	-0.000000031	-0.000000030	-0.000003095	-0.000000023	0.000045951	-0.000000643	0.000000052	0.000015191	-0.000000171	0.000000181	0.000017898	0.000000007	-0.030986453	-0.000003111	-0.000000001	-0.000000062	0.000000028	0.011715315	0.000064036	0.000000039	-0.000005485	0.000138314	-0.000007519	-0.000000030	0.000246035	-0.083715124	-0.000018162	-0.000000037	-0.000000029	-0.000000006	0.000000251	0.000000504	0.000000208	0.000000246	-0.000000434	0.000875476	0.000000551	-0.000001144	0.006781839	0.000000035	-0.000000204	0.007000016	-0.000000139	0.000613309	-0.000864228	-0.000000087	-0.000000220	-0.000000930	0.004771600	-0.014199041	-0.000000979	-0.000000740	-0.004129924	-0.000000383	0.000000836	-0.003475403	-0.004219592	-0.000000738	0.000000216	0.000000010	0.000000015	-0.000000142	-0.000000363	-0.000000089	0.000000382	0.000000528	-0.000873786	0.000000628	0.000001325	-0.006768619	0.000000080	0.000000412	-0.006981853	0.000000150	0.000610689	0.000862405	0.000000050	-0.000000200	0.000000969	0.004740846	0.014179720	0.000000940	-0.000000722	0.004122560	-0.000000405	-0.000000723	0.003480179	-0.004205232	-0.000000792	-0.000000063	0.000000005	-0.000000009	-0.000000147	-0.000000189	-0.000000150	0.000002103	0.000000104	0.000012481	0.000002790	0.000000128	0.000017299	0.000001562	0.000000081	0.000011611	0.000000033	2.453483914	0.000011578	-0.000000083	-0.000003515	0.000000059	0.429129822	0.000014452	-0.000000087	-0.000003923	-0.000011079	-0.000000638	-0.000000012	-0.000040207	0.017653472	0.000001650	0.000000166	0.000104785	0.000488332	0.001514133	0.000143612	-0.000144629	-0.000027363	-0.000104781	-0.000488379	-0.001514034	-0.000143522	0.000144603	-0.000027392	-0.000000028	0.000000366	0.000000255	0.000000214	-0.000000155	0.000488994	0.000105362	0.000487823	0.001509936	-0.000142817	-0.000144101	0.000027610	-0.000105074	-0.000487460	-0.001509778	0.000143138	0.000144131	0.000027217	0.000000043	-0.000000272	-0.000000150	0.000000194	0.000000183	-0.000488467	0.000002391	0.000001065	0.000000806	0.000010387	-0.000007361	0.106127988	-0.000002694	-0.000001266	-0.000001092	0.000011745	0.000008359	-0.106071834		A4: R42*d(1)
-0.000008357	-0.000014334	-0.000009792	-0.000007663	-0.000005968	0.000000044	0.000006776	-0.114752760	0.000000120	0.000002545	-0.037894578	0.000000171	0.000003980	-0.044634691	-0.000009608	-0.000003119	-0.023195590	-0.000017083	0.000000017	-0.000008095	0.000064089	-0.148255721	-0.000005058	0.000000115	-0.345453107	-0.000000031	0.000059387	-0.447045850	-0.000391503	-0.000000121	0.000032865	0.000000043	-0.000000047	-0.000000707	-0.000001905	-0.000002768	-0.000000210	-0.000000214	-0.002155044	-0.000002088	0.000001818	-0.016582438	-0.000003119	0.000002997	-0.022673215	0.000000240	-0.002383892	0.002828328	0.000000315	0.000000307	0.000003129	-0.024319592	0.029045094	0.000000925	0.000004021	0.009328095	0.000001085	-0.000001419	0.002391408	0.011265441	0.000001562	0.000000501	0.000000014	-0.000000028	-0.000000458	-0.000001589	-0.000002527	0.000000037	-0.000000017	-0.002155557	0.000001857	0.000002146	-0.016587807	0.000003125	0.000003191	-0.022678747	0.000000379	0.002382354	0.002831073	0.000000313	-0.000000381	0.000003339	0.024300537	0.029075906	0.000000736	-0.000004043	0.009331445	-0.000001072	-0.000001292	0.002412230	-0.011265040	-0.000001516	0.000000501	0.000000193	-0.000000460	-0.000005722	-0.000007083	-0.000005609	0.000000137	-0.000003449	-0.031056769	0.000000179	-0.000005176	-0.043155536	0.000000115	-0.000002695	-0.028984832	0.000001120	0.000011578	2.424686767	0.000003942	-0.000000109	0.000001432	0.000014447	0.393208838	0.000004406	-0.000000115	0.027555457	-0.000000034	-0.000000578	0.065866933	0.000059639	-0.000000053	0.000005436	0.000607743	-0.000857889	-0.005268164	-0.000521334	0.000720942	0.000090658	-0.000608390	0.000856786	0.005265773	0.000521326	-0.000721140	0.000090167	0.000000155	-0.000000338	-0.000001634	-0.000000147	-0.000000002	-0.000683389	-0.000607830	0.000857498	0.005267151	-0.000521013	-0.000721443	0.000090033	0.000607899	-0.000857870	-0.005269125	0.000520879	0.000721520	0.000090498	0.000000018	-0.000000374	-0.000001476	0.000000131	-0.000000039	-0.000683680	-0.000001206	-0.000001448	-0.000003315	-0.000007180	0.000002576	-0.070407256	-0.000001434	-0.000001556	-0.000003396	0.000008205	0.000002926	-0.070491764		A4: R42*d(-1)
0.151420227	0.261254034	0.180905674	0.130210685	0.079369207	0.000117163	-0.068912833	-0.000004974	0.000025584	-0.012216344	-0.000001271	0.000013749	-0.007716758	-0.000001357	0.181839962	0.000000025	-0.000017146	0.284627594	0.000254160	0.027525350	0.000000093	-0.000006849	0.050187178	0.000189748	-0.000025631	0.000208376	-0.239065581	-0.000035404	-0.000000018	0.000897107	-0.376249241	0.000168698	-0.000115927	0.003609615	0.021944745	0.034182254	0.002713738	-0.002880240	-0.000000313	0.039027043	-0.029963911	-0.000001369	0.055570142	-0.034284380	-0.000001502	-0.001976776	-0.000000121	0.000000182	-0.001625750	-0.005059303	-0.030530194	-0.000002156	0.000001551	0.013703454	-0.068737279	0.000000862	-0.010409408	0.010065874	-0.000000078	0.000001194	-0.017842465	-0.016020321	0.000167187	-0.000114561	0.003630034	0.021980814	0.034199248	-0.002728703	-0.002903877	-0.000000001	-0.039034522	-0.030056295	-0.000000970	-0.055540919	-0.034336928	-0.000001231	-0.001984289	0.000000180	0.000000229	-0.001638727	0.005068713	-0.030553043	0.000002276	0.000001708	0.013554616	0.068796535	0.000000849	0.010414947	0.010099443	-0.000000101	-0.000001223	0.017920499	-0.015975104	-0.000922406	0.002772458	0.036020093	0.046254449	0.035670469	-0.000104309	0.122796586	0.000002668	-0.000144429	0.177834923	0.000003894	-0.000078691	0.096662601	0.000001997	-0.025827038	-0.000000083	0.000003942	2.326306946	-0.000003194	-0.030838125	-0.000000087	0.000004408	0.286966820	-0.000003714	-0.000005739	0.000080025	-0.094986621	-0.000004061	0.000000076	0.000035633	-0.055238174	0.000246006	0.001188061	0.014591657	-0.000210363	0.000340722	0.000124205	0.000246135	0.001188496	0.014592317	-0.000210261	0.000340716	-0.000124241	-0.001490373	-0.003436871	0.009401897	-0.000750372	0.001060445	-0.000000014	0.000244294	0.001189827	0.014601435	0.000207567	0.000338197	-0.000124544	0.000244487	0.001189947	0.014601120	0.000207544	0.000338175	0.000124610	-0.001489354	-0.003419737	0.009413809	0.000739486	0.001056682	0.000000062	-0.044623813	-0.017156331	-0.002025091	-0.120094958	0.209812692	0.000003834	-0.044484689	-0.017094108	-0.001974625	0.119319647	0.209644205	0.000004319		A4: R42*d(2)
0.000121257	0.000209228	0.000144879	0.000104285	0.000063541	-0.112005777	-0.000099989	0.000000014	-0.025861131	-0.000020121	0.000000063	-0.013014200	-0.000011489	0.000000122	0.000145635	-0.000000037	0.000000006	0.000254212	-0.032809221	0.000022057	-0.000005502	0.000000062	0.000189780	-0.186776558	-0.000000039	-0.140681155	-0.000247817	-0.000000043	0.000027138	-0.556105604	-0.000969293	-0.000925720	0.000787577	0.012424884	0.022188560	0.010376424	0.010861739	-0.013837431	-0.000000023	0.019715732	-0.038782334	-0.000000763	-0.001042185	-0.005453021	-0.000000042	-0.004731096	-0.000000194	0.000000354	-0.002936116	-0.007326435	-0.014391544	-0.000000687	0.000001637	-0.024621210	-0.023299463	0.000001012	-0.008423446	0.015562261	0.000000758	0.000001258	-0.024858045	0.001665204	0.000926055	-0.000787727	-0.012419314	-0.022153654	-0.010321826	0.010846287	0.013841232	0.000000411	0.019622444	0.038749849	0.000001131	-0.001135411	0.005396824	0.000000340	0.004727989	-0.000000181	-0.000000264	0.002945341	-0.007313779	0.014342476	-0.000000666	-0.000001467	0.024680047	-0.023150178	-0.000001112	-0.008394036	-0.015552363	-0.000000910	0.000001134	-0.024825094	-0.001748487	-0.000000759	0.000002179	0.000028753	0.000037075	0.000028627	0.069037547	0.000126117	0.000000058	0.091800076	0.000179078	0.000000098	0.050175278	0.000097390	0.000000076	-0.000020432	-0.000003515	-0.000000109	-0.000003194	2.330656988	-0.000024734	-0.000003917	-0.000000102	-0.000003641	0.291393569	-0.000000146	-0.052313101	-0.000097242	0.000000163	0.000000759	0.038093727	0.000002017	-0.001325750	0.000652981	0.005582980	0.001713232	-0.001585653	0.000473587	-0.001326035	0.000652880	0.005583088	0.001713259	-0.001585577	-0.000473669	0.000686732	0.010750198	0.007274437	0.006316039	-0.002839386	-0.000000120	0.001326060	-0.000651378	-0.005560025	0.001712011	0.001587575	0.000473235	0.001326256	-0.000651067	-0.005559725	0.001712239	0.001587461	-0.000473291	-0.000689092	-0.010755876	-0.007259335	0.006315155	0.002846200	0.000000144	0.086940325	0.038784667	0.031559936	0.382410281	-0.165804481	-0.000007394	-0.087011663	-0.038812141	-0.031563006	0.382467601	0.166443060	0.000008377		A4: R42*d(-2)
0.898549587	0.863150989	0.471370199	0.361367798	0.294149757	-0.000012486	0.031250110	-0.000008627	-0.000002134	0.005954614	0.000000094	0.000038474	-0.095577461	-0.000005535	0.007728273	0.000000000	-0.000008358	0.030606659	0.000024536	0.054843430	-0.000000000	-0.000014985	-0.084500696	-0.000067601	-0.000012446	0.000046750	-0.117164303	-0.000007609	-0.000000011	-0.000177144	0.147657762	0.024062208	0.037114812	0.079970646	0.115557406	0.143942266	0.040434992	-0.058975433	-0.000002754	0.118113110	-0.093460625	-0.000004658	0.159832010	-0.129588005	-0.000005194	-0.021592590	-0.000001546	0.000001785	0.000721588	-0.024043847	-0.081371378	-0.000004881	0.000002115	0.089471617	-0.110561113	0.000001663	-0.030907828	0.018016511	-0.000001342	0.000002060	0.009419865	-0.056943994	0.024062658	0.037115401	0.079971298	0.115557816	0.143942603	-0.040388067	-0.059007907	-0.000002796	-0.118038640	-0.093554636	-0.000004652	-0.159728775	-0.129715356	-0.000005183	-0.021592692	0.000001531	0.000001822	0.000683484	0.024044920	-0.081371206	0.000004815	0.000002193	0.089296036	0.110703054	0.000001720	0.030893656	0.018040080	-0.000001274	-0.000001904	-0.009284768	-0.056967582	-0.004185361	0.005050014	0.121272090	0.244990490	0.263478111	-0.000008160	0.020192999	-0.000002372	-0.000062981	0.157011698	-0.000001067	-0.000066354	0.165897026	-0.000000094	0.381103351	0.000000059	0.000001432	-0.030838125	-0.000024734	0.533969335	0.000000138	0.000008575	-0.185952968	-0.000149096	-0.000002791	0.000034198	-0.085492675	-0.000006865	-0.000000196	0.000306403	-0.255564394	0.000519382	0.018019456	0.066487108	0.005008421	-0.011146435	-0.004766009	0.000520235	0.018021686	0.066489566	0.005009045	-0.011148028	0.004766407	0.026156613	0.045975521	0.082690829	0.033705199	-0.011046382	-0.000001597	0.000520181	0.018021559	0.066489372	-0.005000425	-0.011151915	0.004766200	0.000519491	0.018019655	0.066487267	-0.004999686	-0.011150518	-0.004766198	0.026157348	0.045976099	0.082691530	-0.033696698	-0.011073011	-0.000001347	0.024019069	0.027357760	0.154285247	0.040096707	-0.025248613	-0.000009142	0.024019004	0.027357836	0.154285395	-0.040076447	-0.025280583	-0.000010286		A4: R43*d(0)
0.000000032	0.000000024	0.000000030	-0.000000011	-0.000000094	-0.000006297	-0.000000002	0.000078709	-0.000001345	0.000000060	-0.000000695	-0.000001226	0.000000184	0.000024064	0.000000003	0.008654842	0.000063222	0.000000015	-0.000005334	0.000000050	0.146682968	0.000181403	0.000000115	-0.000015502	0.000039609	-0.000008804	-0.000000020	0.000217009	-0.193908886	-0.000012746	-0.000000014	0.000000856	0.000001445	0.000003150	0.000002771	0.000001250	0.000001299	-0.000003377	0.017979923	0.000000926	-0.000002871	0.021090144	-0.000000609	-0.000000152	0.001389137	-0.000001275	0.005245424	-0.013409214	-0.000000772	-0.000000870	0.000000302	-0.004960831	0.000130921	0.000000609	0.000000364	-0.003691344	-0.000000191	0.000000453	-0.005327800	-0.002326056	-0.000000012	-0.000000624	-0.000000855	-0.000001441	-0.000003143	-0.000002765	-0.000001299	0.000001422	0.000003246	-0.017953258	0.000000958	0.000002771	-0.021041141	-0.000000541	0.000000199	-0.001348082	0.000001244	0.005218144	0.013394684	0.000000785	-0.000000908	-0.000000366	-0.005004525	-0.000159637	-0.000000580	0.000000339	0.003675305	-0.000000241	-0.000000299	0.005339201	-0.002296415	-0.000000110	0.000000759	0.000000009	-0.000000010	-0.000000189	-0.000000304	-0.000000273	0.000002839	0.000000121	0.000023922	0.000004610	0.000000259	0.000044808	0.000002012	0.000000180	0.000038897	0.000000058	0.429129822	0.000014447	-0.000000087	-0.000003917	0.000000138	0.720137248	0.000045840	-0.000000216	-0.000010323	-0.000023325	-0.000001381	-0.000000057	-0.000062882	0.021031741	0.000003058	0.000000278	0.003580876	0.007879116	0.003847476	0.001328591	-0.005208695	-0.000734839	-0.003581364	-0.007878843	-0.003846018	-0.001328395	0.005208094	-0.000734578	0.000001783	0.000002626	0.000001099	0.000002415	-0.000001189	0.014110805	0.003577712	0.007865796	0.003831550	-0.001319750	-0.005200269	0.000733490	-0.003577280	-0.007866364	-0.003833136	0.001320256	0.005200981	0.000733648	-0.000001540	-0.000002355	-0.000001118	0.000002147	0.000001067	-0.014101349	0.000001473	0.000000256	0.000000834	0.000004050	-0.000005147	0.271982428	-0.000001621	-0.000000365	-0.000001292	0.000004593	0.000005811	-0.271839271		A4: R43*d(1)
-0.000085635	-0.000082299	-0.000044688	-0.000032789	-0.000024309	-0.000000004	0.000002964	-0.196577704	0.000000027	-0.000001648	0.001796765	0.000000075	0.000005727	-0.060036352	-0.000007443	0.000063193	-0.149216679	-0.000006883	-0.000000018	-0.000014299	0.000181416	-0.306556169	-0.000004563	-0.000000074	-0.098873690	-0.000000014	0.000016231	-0.154334052	-0.000201141	-0.000000034	-0.000002068	-0.000001534	-0.000002338	-0.000005418	-0.000009275	-0.000012039	-0.000003614	0.000004368	-0.033589615	-0.000011680	0.000009314	-0.061313895	-0.000014769	0.000011821	-0.051179246	0.000002483	-0.020741573	0.023468801	-0.000000015	0.000002695	0.000009064	-0.054497266	0.030356790	-0.000006404	0.000013260	0.019887005	0.000003791	-0.000002291	-0.009903389	0.026297000	0.000000649	0.000005382	-0.000001534	-0.000002356	-0.000005403	-0.000009256	-0.000012001	0.000003657	0.000004404	-0.033604235	0.000011676	0.000009324	-0.061330824	0.000014776	0.000011777	-0.051180353	0.000002494	0.020727230	0.023496242	0.000000059	-0.000002715	0.000009020	0.054468893	0.030399546	-0.000006413	-0.000013278	0.019889790	-0.000003835	-0.000002463	-0.009857447	-0.026314416	-0.000000748	0.000005358	0.000000205	-0.000000261	-0.000007219	-0.000015845	-0.000017524	0.000000155	-0.000003343	-0.059745888	0.000000294	-0.000017613	-0.111602874	0.000000205	-0.000016282	-0.097015662	0.000001481	0.000014452	0.393208838	0.000004408	-0.000000102	0.000008575	0.000045840	0.605884525	0.000019746	-0.000000236	0.057999500	-0.000000046	0.000001306	0.115903966	0.000101037	-0.000000085	0.000013105	-0.004573061	-0.016229401	-0.018039924	-0.005499545	0.011059716	0.001508288	0.004573389	0.016227924	0.018029600	0.005499437	-0.011059209	0.001507955	-0.000001215	-0.000002729	-0.000006621	-0.000002325	0.000000446	-0.012294598	0.004576140	0.016234050	0.018032541	-0.005491293	-0.011067376	0.001508187	-0.004576141	-0.016235940	-0.018043111	0.005491896	0.011068659	0.001508942	-0.000001110	-0.000002488	-0.000006409	0.000002137	0.000000332	-0.012305984	-0.000000439	-0.000001349	-0.000008482	-0.000005036	-0.000001255	-0.179615182	-0.000000557	-0.000001337	-0.000008561	0.000005823	-0.000001487	-0.179831762		A4: R43*d(-1)
1.555546140	1.496444458	0.813189366	0.574713352	0.380104783	0.000171394	0.035021397	-0.000004565	0.000025570	0.050569836	0.000001218	0.000033526	0.022810304	-0.000001152	-0.000378065	0.000000003	-0.000005575	0.050069354	0.000188442	-0.103730813	0.000000001	-0.000004117	0.012720400	0.000342949	0.000004076	-0.000026863	0.098350782	0.000000242	-0.000000023	0.000165669	0.011443766	0.019958716	0.030473945	0.075569485	0.151918996	0.197289236	0.074486325	-0.038482331	-0.000001842	0.237414822	-0.126354721	-0.000004366	0.270822574	-0.157143526	-0.000004707	-0.019004834	-0.000001540	0.000000811	0.023647589	-0.045794196	-0.145747594	-0.000006420	0.000003491	0.122121833	-0.243083031	0.000001994	-0.054222134	0.028343032	-0.000001930	0.000002487	-0.007447756	-0.093384365	0.020014343	0.030567187	0.075767712	0.152090431	0.197368487	-0.074547371	-0.038711057	-0.000001809	-0.237374290	-0.126669566	-0.000004366	-0.270663160	-0.157361150	-0.000004704	-0.019042927	0.000001532	0.000000767	0.023546599	0.045881806	-0.145713891	0.000006439	0.000003436	0.121775920	0.243260958	0.000001904	0.054206566	0.028383747	-0.000001832	-0.000002604	0.007668158	-0.093418955	0.000283006	0.000547907	0.048740915	0.147250750	0.178302953	-0.000135529	0.151338845	0.000002629	-0.000315777	0.491466404	0.000010633	-0.000213871	0.413286024	0.000008763	-0.031407664	-0.000000087	0.000004406	0.286966820	-0.000003641	-0.185952968	-0.000000216	0.000019746	0.206748432	-0.000117986	-0.000013461	0.000155773	-0.221462425	-0.000012021	0.000000079	0.000136847	-0.171044375	0.002592948	0.024109485	0.095146625	0.010935962	-0.011055297	-0.005386995	0.002593333	0.024110783	0.095148124	0.010937073	-0.011056076	0.005386865	-0.016196194	-0.003396607	0.081718634	0.003388179	0.016453276	0.000000425	0.002592943	0.024149060	0.095202373	-0.010942814	-0.011098484	0.005396383	0.002592383	0.024147917	0.095201185	-0.010942263	-0.011097642	-0.005396475	-0.016129948	-0.003283784	0.081784536	-0.003503605	0.016427714	0.000000277	-0.023714334	0.000527208	0.039426765	0.115143513	0.269629604	0.000002540	-0.023630018	0.000541513	0.039482061	-0.115594898	0.269667776	0.000002880		A4: R43*d(2)
0.001245657	0.001198374	0.000651106	0.000459975	0.000304121	-0.231520986	-0.000064670	-0.000000001	-0.057018638	0.000017658	0.000000021	-0.052932947	-0.000003130	0.000000068	-0.000000234	-0.000005086	0.000000009	0.000188281	-0.185262426	-0.000082740	-0.000015003	-0.000000006	0.000342477	-0.416001086	0.000000008	-0.015673441	0.000072457	-0.000000010	0.000013738	-0.224158067	-0.000259956	0.034647610	0.058145737	0.123888675	0.107216958	0.049613081	0.057119032	-0.106091992	-0.000002748	0.037486853	-0.079045009	-0.000002027	-0.021338343	-0.001457223	0.000000255	-0.023806044	-0.000000966	0.000001463	-0.017656947	-0.031197538	0.021082928	0.000000329	-0.000002232	0.025837960	0.009891172	-0.000000411	-0.004264351	-0.001781216	-0.000000797	0.000000313	0.001687766	-0.033102406	-0.034616400	-0.058097959	-0.123768824	-0.106974390	-0.049297640	0.056915280	0.106076181	0.000002984	0.037043943	0.078871995	0.000002122	-0.021772667	0.001187968	-0.000000173	0.023775552	-0.000000941	-0.000001590	0.017744051	-0.031095629	-0.021316878	0.000000433	0.000002135	-0.025659977	0.010240080	0.000000199	-0.004178391	0.001824739	0.000000840	0.000000004	0.001622615	0.032959371	0.000000210	0.000000447	0.000039264	0.000118274	0.000142980	0.094088232	0.000158699	0.000000058	0.150086007	0.000452876	0.000000200	0.061382546	0.000354723	0.000000148	-0.000025204	-0.000003923	-0.000000115	-0.000003714	0.291393569	-0.000149096	-0.000010323	-0.000000236	-0.000117986	0.353417283	-0.000000181	-0.084351194	-0.000211071	0.000000411	0.000000592	0.086142093	-0.000033469	-0.000364037	0.024053771	0.034281159	0.009361342	-0.021098657	-0.005874867	-0.000362912	0.024056035	0.034281996	0.009362146	-0.021100361	0.005875180	0.041809404	0.070642974	0.040935784	0.063970976	-0.014475188	-0.000001977	0.000367274	-0.024017425	-0.034129982	0.009327194	0.021090038	-0.005866562	0.000368079	-0.024015652	-0.034129322	0.009327224	0.021088668	0.005866391	-0.041836407	-0.070648992	-0.040805036	0.063954598	0.014551845	0.000001563	0.052726166	0.008843805	0.034594483	0.149008025	0.081671129	-0.000005134	-0.052763966	-0.008842713	-0.034530733	0.148888727	-0.081123131	0.000005800		A4: R43*d(-2)
0.000044145	0.000043622	0.000018065	0.000015288	0.000008953	0.000000174	0.000005382	0.030071672	0.000000106	-0.000005028	0.003097707	-0.000000223	-0.000001653	0.051206417	0.000030573	-0.000137593	0.343716253	0.000025595	0.000000028	0.000012756	-0.000040061	0.100312426	-0.000003749	-0.000000261	0.371658451	0.000000002	-0.000074577	0.357947181	0.000286662	0.000000079	0.000000837	-0.000000037	0.000000058	0.000001305	0.000003105	0.000004396	0.000000763	-0.000000774	0.006187569	0.000003962	-0.000003193	0.018157250	0.000005649	-0.000004350	0.019960091	-0.000001019	0.005637286	-0.007928349	-0.000000594	-0.000001267	-0.000004104	0.019308979	-0.017506781	0.000001644	-0.000006026	-0.018124092	-0.000002400	0.000002943	-0.006072107	-0.020462145	-0.000001967	-0.000001774	0.000000033	0.000000001	0.000000722	0.000002334	0.000003724	-0.000000891	-0.000001594	0.006187966	-0.000004260	-0.000004223	0.018157710	-0.000006081	-0.000005075	0.019960412	-0.000001153	-0.005631088	-0.007932895	-0.000000501	0.000001287	-0.000004372	-0.019294961	-0.017521742	0.000001853	0.000005971	-0.018124189	0.000002383	0.000002908	-0.006104833	0.020452447	0.000001982	-0.000001574	0.000000007	-0.000000008	0.000001189	0.000003084	0.000003246	0.000000133	0.000006268	0.056709901	0.000000322	0.000015458	0.099802110	0.000000153	0.000010032	0.062840285	-0.000000616	-0.000011079	0.027555457	-0.000005739	-0.000000146	-0.000002791	-0.000023325	0.057999500	-0.000013461	-0.000000181	2.701379546	-0.000000138	-0.000004960	-0.049792066	-0.000040085	-0.000000065	-0.000002782	0.000170084	0.002594902	0.004927783	0.000684692	-0.001228643	-0.000242609	-0.000169441	-0.002593935	-0.004924004	-0.000684811	0.001228720	-0.000242379	0.000000107	0.000000823	0.000002139	0.000000741	-0.000000369	0.003027088	-0.000170444	-0.002595176	-0.004924872	0.000683634	0.001229201	-0.000242710	0.000169653	0.002594288	0.004927192	-0.000683916	-0.001229260	-0.000242297	0.000000085	0.000000566	0.000001672	-0.000000692	-0.000000501	0.003027249	0.000005154	-0.000001809	-0.000000465	-0.000011425	0.000007269	-0.386178220	0.000005953	-0.000001987	-0.000000667	0.000012984	0.000008248	-0.386178103		A4: R44*f(0)
-0.000262280	-0.000259103	-0.000107173	-0.000091135	-0.000054395	0.014947004	-0.000030463	0.000000001	0.014560105	0.000035593	0.000000150	0.049606250	0.000021273	0.000000370	-0.000084355	0.000007460	0.000000103	-0.000207613	0.139659953	-0.000046781	0.000009139	0.000000387	0.000024597	0.017946140	-0.000000047	0.140165035	0.000257851	0.000000102	-0.000040224	0.175055234	0.000133752	0.000266302	-0.000518225	-0.009517160	-0.009704273	-0.010776706	-0.006085667	0.011295441	0.000000476	-0.004070415	0.011280346	0.000000682	0.001180691	0.019342862	0.000000610	0.006893151	0.000000396	-0.000000747	0.006469893	0.008351110	0.000981371	0.000000069	-0.000000217	-0.000612644	-0.002977259	-0.000001309	0.004880064	-0.011244909	-0.000001026	-0.000001057	0.009214730	-0.002926705	-0.000265986	0.000517591	0.009502044	0.009668274	0.010724806	-0.006067552	-0.011288845	0.000000597	-0.004012612	-0.011246560	0.000000751	0.001266522	-0.019292825	0.000000582	-0.006883630	0.000000398	0.000001178	-0.006478445	0.008326168	-0.000939116	0.000000021	0.000001103	0.000590998	-0.003041919	0.000001209	0.004850926	0.011228583	0.000000662	-0.000001126	0.009190985	0.002972852	0.000000022	-0.000000035	-0.000008101	-0.000019822	-0.000020694	0.086554732	-0.000011372	-0.000000117	0.166417201	-0.000040634	-0.000000113	0.100491200	-0.000029391	0.000000013	0.000012355	-0.000000638	-0.000000034	0.000080025	-0.052313101	0.000034198	-0.000001381	-0.000000046	0.000155773	-0.084351194	-0.000000138	2.685206377	0.000035474	0.000000036	0.000001265	-0.033648687	-0.000012556	0.000294210	-0.000942272	-0.003759873	-0.000466374	0.000585303	-0.000033546	0.000294122	-0.000942568	-0.003760291	-0.000466407	0.000585361	0.000033514	-0.002123754	-0.009696348	-0.014297625	-0.009290188	0.006762852	0.000000497	-0.000296671	0.000936981	0.003736858	-0.000465995	-0.000585408	-0.000034833	-0.000294732	0.000938838	0.003737665	-0.000465977	-0.000585435	0.000034445	0.002122621	0.009689221	0.014274764	-0.009279143	-0.006768261	-0.000000220	-0.128818222	0.046887222	0.043382582	0.128357981	-0.171907049	-0.000024084	0.128755933	-0.046866600	-0.043378624	0.128083680	0.172047907	0.000027241		A4: R44*f(1)
0.654991525	0.647197434	0.268229980	0.227653023	0.134601224	-0.000030995	0.091734947	-0.000000962	0.000035645	-0.074461102	-0.000001838	0.000022924	-0.005956920	-0.000005612	0.210630583	-0.000000009	-0.000059198	0.239599525	0.000247835	0.117418615	-0.000000177	-0.000016293	-0.096152309	-0.000069080	-0.000074551	0.000257892	-0.503867052	-0.000064123	-0.000000138	-0.000159845	0.191203053	-0.000151899	0.000623511	0.017208486	0.042595917	0.062315244	0.012084451	-0.017130411	-0.000000805	0.061602632	-0.049596927	-0.000002722	0.087683140	-0.064115537	-0.000003480	-0.012275039	-0.000001023	0.000001398	-0.005416187	-0.018327654	-0.052984208	-0.000004245	0.000003208	0.034728235	-0.081560515	0.000003140	-0.025479959	0.025312392	0.000000273	0.000003582	-0.021052270	-0.029112014	-0.000152341	0.000624113	0.017217911	0.042605808	0.062325534	-0.012075847	-0.017147053	-0.000001348	-0.061566302	-0.049651940	-0.000003458	-0.087630408	-0.064198873	-0.000003965	-0.012280517	0.000001018	0.000001206	-0.005451022	0.018325886	-0.052984485	0.000004171	0.000002846	0.034598318	0.081613330	0.000003145	0.025463840	0.025342426	0.000000373	-0.000003644	0.021129145	-0.029058918	0.000023631	0.000006660	0.019901378	0.049314996	0.051563663	-0.000011250	0.114698364	-0.000001931	-0.000040696	0.267567768	-0.000001689	-0.000029266	0.173311682	-0.000001089	-0.030669283	-0.000000012	-0.000000578	-0.094986621	-0.000097242	-0.085492675	-0.000000057	0.000001306	-0.221462425	-0.000211071	-0.000004960	0.000035474	2.596906569	-0.000001859	0.000000053	0.000070525	-0.069767616	-0.000290730	0.002622019	0.025687545	0.000169358	-0.000581361	0.000074986	-0.000291035	0.002622333	0.025688883	0.000169660	-0.000581675	-0.000074932	0.001770209	0.008870647	0.027630951	0.007607829	-0.003372167	-0.000000369	-0.000289074	0.002626051	0.025693864	-0.000169417	-0.000582284	-0.000073649	-0.000289668	0.002624768	0.025692218	-0.000169270	-0.000581832	0.000073907	0.001771662	0.008878533	0.027643310	-0.007612726	-0.003383361	-0.000000447	0.078587581	-0.025733367	-0.005010381	-0.172482120	-0.048374390	0.000014318	0.078689899	-0.025770708	-0.005044743	0.172622187	-0.048100006	0.000016320		A4: R44*f(-1)
0.000057031	0.000056291	0.000023070	0.000020108	0.000013627	0.000000479	0.000007099	0.035779515	0.000000182	-0.000007371	-0.006524827	-0.000000907	-0.000006186	0.047859283	0.000035628	-0.000243551	0.444690303	0.000035256	0.000000131	0.000007134	-0.000211126	0.147028813	-0.000000796	-0.000000236	0.357095949	0.000000013	-0.000063942	0.561819316	0.000971607	0.000000181	-0.000024226	-0.000000088	0.000000090	0.000001542	0.000004279	0.000006608	0.000000271	0.000000078	0.004924072	0.000004838	-0.000003377	0.017946897	0.000007300	-0.000006731	0.022288062	-0.000000599	0.005442290	-0.005124637	-0.000000080	-0.000001107	-0.000005371	0.028775901	-0.018309309	0.000001812	-0.000008722	-0.013750153	-0.000002660	0.000002212	0.003984853	-0.020598470	-0.000001783	-0.000003285	0.000000091	-0.000000055	0.000000102	0.000002343	0.000004802	-0.000001394	-0.000001308	0.004933776	-0.000006305	-0.000005154	0.017965559	-0.000008737	-0.000007799	0.022289340	-0.000000850	-0.005445260	-0.005141595	-0.000000002	0.000001226	-0.000005803	-0.028763607	-0.018342928	0.000001956	0.000008741	-0.013775214	0.000002672	0.000001956	0.003931795	0.020631928	0.000001956	-0.000003165	-0.000000143	0.000000234	0.000006429	0.000011355	0.000010529	-0.000000189	0.000005337	0.032511527	-0.000000273	0.000014525	0.058588872	-0.000000364	0.000009647	0.041108147	-0.000002514	-0.000040207	0.065866933	-0.000004061	0.000000163	-0.000006865	-0.000062882	0.115903966	-0.000012021	0.000000411	-0.049792066	0.000000036	-0.000001859	2.662604523	-0.000018734	-0.000000226	-0.000014435	0.000094544	0.002496205	0.005425978	0.000763195	-0.001209648	-0.000233056	-0.000092965	-0.002493867	-0.005419972	-0.000763622	0.001209617	-0.000232431	0.000000160	0.000000593	0.000003765	-0.000000119	0.000000619	-0.000384839	-0.000095688	-0.002499953	-0.005423884	0.000762615	0.001211717	-0.000233309	0.000094432	0.002498298	0.005426375	-0.000763232	-0.001211598	-0.000232715	-0.000000496	-0.000000611	0.000002145	0.000000173	-0.000000102	-0.000379636	-0.000003405	0.000001488	0.000005248	0.000000302	-0.000015045	0.235376992	-0.000003635	0.000001781	0.000005497	-0.000000304	-0.000017050	0.234658445		A4: R44*f(2)
0.000000028	0.000000069	0.000000129	0.000000090	-0.000000049	-0.000002421	0.000000130	0.000028666	-0.000000549	-0.000000006	-0.000005295	-0.000003997	-0.000000402	0.000038181	0.000000019	0.081791005	0.000388813	0.000000074	-0.000026942	0.000000033	0.190123265	0.000193704	-0.000000075	-0.000012885	0.000286002	-0.000040296	-0.000000076	0.000971569	-0.651519100	-0.000056552	-0.000000085	-0.000000014	0.000000043	0.000001007	0.000001021	0.000000716	0.000001392	-0.000001775	0.006154043	0.000001455	-0.000002191	0.011796245	0.000000174	-0.000001812	0.000859568	-0.000001181	0.004330195	-0.007816597	-0.000000749	-0.000001323	-0.000000395	0.001394342	-0.006697466	-0.000000190	-0.000000428	-0.015680544	-0.000001326	0.000002374	-0.012791819	-0.016968422	-0.000002070	-0.000000051	0.000000088	-0.000000103	-0.000001557	-0.000001722	-0.000001387	0.000000788	0.000001467	-0.006146667	0.000000747	0.000001716	-0.011768110	-0.000000249	0.000001321	-0.000824353	0.000001121	0.004315315	0.007811850	0.000000791	-0.000001305	0.000000270	0.001342832	0.006668631	0.000000293	-0.000000369	0.015658658	-0.000001274	-0.000002504	0.012825441	-0.016915064	-0.000002021	-0.000000105	-0.000000002	0.000000006	0.000000183	0.000000299	0.000000231	-0.000004918	-0.000000186	0.000026190	-0.000009772	-0.000000278	0.000047103	-0.000006109	-0.000000230	0.000032980	-0.000000093	0.017653472	0.000059639	0.000000076	0.000000759	-0.000000196	0.021031741	0.000101037	0.000000079	0.000000592	-0.000040085	0.000001265	0.000000053	-0.000018734	2.685617229	0.000006969	-0.000000373	0.000890317	0.002643919	0.001391122	0.000298030	-0.000932626	-0.000214027	-0.000890993	-0.002644631	-0.001391014	-0.000297613	0.000932523	-0.000214336	0.000000017	0.000000672	0.000000892	0.000001033	-0.000000762	0.003367897	0.000890766	0.002640388	0.001381902	-0.000295960	-0.000930877	0.000213649	-0.000890974	-0.002641055	-0.001383367	0.000295836	0.000931153	0.000213951	-0.000000348	-0.000001163	-0.000001458	0.000000996	0.000000418	-0.003368768	0.000006040	-0.000002292	-0.000002195	-0.000016884	0.000002376	-0.451126588	-0.000006857	0.000002618	0.000002650	-0.000019103	-0.000002818	0.451500748		A4: R44*f(-2)
-0.001017008	-0.001002932	-0.000407287	-0.000363703	-0.000274912	0.054358414	-0.000123251	-0.000000005	0.000143700	0.000154857	-0.000000079	0.054734480	0.000187938	-0.000000192	-0.000188411	0.000017853	0.000000001	-0.000891633	0.552274263	0.000175681	0.000011860	-0.000000183	-0.000144938	0.205436137	0.000000032	0.174522611	-0.000160170	0.000000049	-0.000056541	0.800011448	0.001445728	0.001313374	-0.001841122	-0.029392223	-0.030705564	-0.018209241	-0.026766280	0.031595302	0.000000819	-0.028960056	0.033996155	0.000000936	-0.000512383	0.019135927	0.000000254	0.016607502	0.000000830	-0.000001210	0.010391499	0.028517399	-0.004112187	0.000000233	0.000000004	0.000724800	0.011703254	-0.000001519	0.014754853	-0.017820239	-0.000000642	-0.000002109	0.037210016	0.015653843	-0.001314103	0.001841707	0.029383921	0.030598199	0.017995424	-0.026717676	-0.031622699	-0.000001361	-0.028719356	-0.033885154	-0.000001695	-0.000197142	-0.018847572	-0.000000896	-0.016604098	0.000000802	0.000001037	-0.010463801	0.028479038	0.004302975	0.000000164	-0.000000431	-0.000814411	0.011377800	0.000001540	0.014677977	0.017805604	0.000000641	-0.000002165	0.037221278	-0.015421119	0.000004981	-0.000008226	-0.000195862	-0.000324938	-0.000292976	0.029208777	-0.000033398	0.000000085	0.066660106	-0.000136115	0.000000083	0.046723929	-0.000097899	0.000000006	0.000152446	0.000001650	-0.000000053	0.000035633	0.038093727	0.000306403	0.000003058	-0.000000085	0.000136847	0.086142093	-0.000000065	-0.033648687	0.000070525	-0.000000226	0.000006969	2.523913411	0.000234436	0.001064237	-0.003937052	-0.008857726	-0.003070690	0.002790891	-0.000054182	0.001064282	-0.003937405	-0.008857911	-0.003070774	0.002791117	0.000054111	0.000013967	-0.007971405	-0.016000273	-0.010264787	0.001541640	0.000000235	-0.001064332	0.003932497	0.008779570	-0.003067203	-0.002794293	-0.000054153	-0.001065198	0.003931188	0.008778847	-0.003067192	-0.002794012	0.000054261	-0.000001941	0.007994181	0.015885750	-0.010294408	-0.001569521	-0.000000314	-0.015421748	0.009059531	0.013082603	0.341467693	0.518228117	-0.000000929	0.015898791	-0.009254035	-0.013477746	0.342429177	-0.517482725	0.000001143		A4: R44*f(3)
0.846680777	0.834927258	0.338989375	0.302830330	0.229207718	0.000017005	0.120630260	0.000002073	0.000051658	-0.129000987	-0.000003391	0.000120627	-0.138335462	-0.000005528	0.156847614	0.000000028	-0.000032744	0.374111054	0.000962898	-0.146427298	-0.000000046	0.000002472	-0.016379402	0.000233071	0.000000879	0.000132922	0.191566408	-0.000024196	-0.000000116	0.001445894	-0.403587052	0.000268213	-0.000211149	0.003764095	0.045006118	0.089385006	0.009693963	0.002745188	-0.000000015	0.088800533	-0.055235556	-0.000001750	0.125003580	-0.119898588	-0.000003481	-0.001442876	-0.000000368	0.000000018	0.011131225	-0.009153426	-0.079254804	-0.000003903	0.000003166	0.029843344	-0.134848764	0.000001004	-0.026125759	0.010956526	-0.000001498	0.000001907	-0.010586302	-0.059602788	0.000265209	-0.000206853	0.003833431	0.045078497	0.089427692	-0.009759906	0.002660291	-0.000000342	-0.088825726	-0.055389921	-0.000002124	-0.124909301	-0.120045041	-0.000003739	-0.001482692	0.000000333	-0.000000105	0.011092142	0.009239652	-0.079245279	0.000003821	0.000002881	0.029626984	0.134924276	0.000001018	0.026152384	0.011019575	-0.000001316	-0.000001905	0.010817652	-0.059615456	-0.004147647	0.006867015	0.163297996	0.271058332	0.244459600	0.000020133	0.037504809	-0.000000143	0.000025975	0.135049514	0.000001590	0.000017296	0.096786301	0.000001163	-0.126866303	0.000000166	0.000005436	-0.055238174	0.000002017	-0.255564394	0.000000278	0.000013105	-0.171044375	-0.000033469	-0.000002782	-0.000012556	-0.069767616	-0.000014435	-0.000000373	0.000234436	2.328746247	0.000430539	0.002591974	0.033085260	0.000518411	0.000328668	-0.000173292	0.000430321	0.002591939	0.033086195	0.000518311	0.000328557	0.000173222	-0.004962330	-0.009389762	0.047948557	-0.012785702	0.008370208	0.000000464	0.000427075	0.002600142	0.033106194	-0.000525951	0.000321470	0.000172114	0.000426638	0.002599533	0.033105215	-0.000525845	0.000321485	-0.000172272	-0.004962219	-0.009370510	0.047987038	0.012754819	0.008376870	0.000000338	-0.200136426	0.081129038	0.164993018	0.230946642	-0.197691439	-0.000013211	-0.200099186	0.081107010	0.164961229	-0.229972042	-0.199111999	-0.000014975		A4: R44*f(-3)
-0.000701966	0.000509862	-0.005986583	-0.056437306	-0.125396640	0.002440257	-0.003615570	-0.006845280	0.072499655	-0.081127376	-0.053301824	0.155507973	-0.170849464	-0.102223855	0.002535925	0.010038496	-0.010324363	0.004765882	0.009694967	0.049356952	0.085620842	-0.086482789	0.015262842	0.130703105	0.023376996	-0.004014725	0.005391398	-0.002816534	0.035048487	-0.027012238	-0.016943434	-0.060741437	-0.147887328	-0.342335489	-0.355072730	-0.316061964	0.014604102	-0.230076393	-0.311553583	0.014452252	-0.224019030	-0.303411920	0.012421775	-0.185337476	-0.250887161	-0.055172012	0.006242073	-0.097452135	0.036469005	0.004388187	-0.030837348	0.004100051	-0.055630311	0.022302771	0.002657667	0.021372833	-0.014295100	0.193936065	-0.130887245	-0.018900559	0.008954753	-0.040330496	-0.000382297	0.000296722	0.001927427	-0.007374437	-0.050357031	-0.002711581	-0.000054538	0.001948075	0.013690463	-0.004597588	-0.003773028	0.118467643	-0.030028483	-0.038256174	0.000244578	0.000386923	-0.000306196	0.000269492	0.000871474	0.011388355	0.016262793	-0.004817309	-0.019219229	0.012899660	0.001043134	-0.000444988	0.000306265	-0.001911240	0.000978305	0.000362885	-0.001833380	0.000354388	-0.000213397	-0.001281196	-0.001885316	-0.025228265	0.000173872	-0.001618635	0.007944579	0.000222872	-0.002334304	0.006994983	0.029736825	-0.065084434	-0.017926358	-0.000009616	0.000104785	0.000607743	0.000246006	-0.001325750	0.000519382	0.003580876	-0.004573061	0.002592948	-0.000364037	0.000170084	0.000294210	-0.000290730	0.000094544	0.000890317	0.001064237	0.000430539	0.471131227	-0.451268577	-0.426707827	-0.010301480	0.119662181	0.161468414	-0.009360583	-0.099884129	-0.187158405	0.000131537	-0.009999233	-0.094038328	-0.007386462	-0.095886494	-0.184601763	-0.035088313	-0.064633843	-0.051785121	-0.000059606	-0.000345802	-0.024342420	-0.000816201	-0.000019013	0.000196921	0.001209246	-0.005005637	-0.058832025	0.001509312	-0.001588844	-0.000979377	-0.000900068	-0.000624224	-0.006224566	-0.000151512	-0.000165950	0.000825666	0.000991390	0.000763442	-0.002140044	0.000068296	-0.000582029	0.002593438	-0.000697057	-0.000039900	-0.011166461	-0.000491336	0.000100083	0.002512427		A5: R45*s(0)
-0.015653574	-0.024618409	-0.076680769	-0.165785705	-0.242853917	0.046905588	-0.048837594	-0.030415200	0.186930159	-0.167844977	-0.071247870	0.271235320	-0.240155814	-0.093718094	0.016683539	0.022385575	-0.022568908	0.002005937	0.039305488	0.123806227	0.075762110	-0.066030617	-0.042202849	0.227950591	0.022133345	-0.033133452	0.026500335	-0.008390021	0.028690158	-0.028450935	-0.055590495	-0.750229186	-0.829778526	-0.755993835	-0.638195834	-0.489743655	0.012961369	-0.209946172	-0.283000921	0.005011074	-0.167429759	-0.228005067	0.001891738	-0.124509294	-0.170001605	-0.023046436	0.000831712	-0.040887628	0.015000314	0.000966536	-0.003320770	-0.004752136	-0.011087025	0.001214436	0.002366597	-0.003264005	0.004007554	-0.081164943	0.032000024	0.005825177	-0.006347700	0.034186615	-0.000611267	-0.000711865	-0.007270769	-0.033214185	-0.097782195	0.006459221	-0.002719817	-0.002269089	0.054502976	-0.010381672	-0.015373456	0.200585582	-0.028964383	-0.041256404	0.002892121	0.004051591	-0.001213558	-0.005287676	0.002798415	0.029571864	0.028979842	-0.005935855	-0.052806061	0.015671069	0.005472591	-0.005497958	0.000287564	-0.006837982	0.002435223	0.008164831	-0.003878822	0.000167660	-0.000177821	-0.002676268	-0.016425167	-0.070305918	0.000808304	-0.002478514	0.005342273	0.011360632	-0.027036058	-0.001010963	0.073841963	-0.148797233	-0.027009093	0.000688096	0.000488332	-0.000857889	0.001188061	0.000652981	0.018019456	0.007879116	-0.016229401	0.024109485	0.024053771	0.002594902	-0.000942272	0.002622019	0.002496205	0.002643919	-0.003937052	0.002591974	-0.451268577	-0.461490818	-0.478497564	-0.018583285	0.222857678	0.301105117	-0.099884104	-0.257404394	-0.332463192	-0.003777175	0.046594772	-0.197446969	-0.096115367	-0.253348660	-0.329578737	-0.125990467	-0.142173049	-0.066605023	-0.000345627	-0.006658652	-0.055405402	0.001732176	-0.000288506	-0.001649846	-0.005005653	-0.025458811	-0.091183808	0.015841644	-0.000471311	0.000271383	-0.000337435	-0.000920503	-0.018474435	-0.000309461	-0.000180917	0.000401829	0.000502667	0.000242314	-0.011076680	0.000119537	-0.000352375	0.002079790	-0.000310561	-0.002348254	-0.039568887	-0.000240754	-0.000449500	0.001791589		A5: R46*s(0)
-0.236040280	-0.266741772	-0.294086157	-0.356119174	-0.394748672	0.071790712	-0.076276663	-0.042995533	0.198603622	-0.180847373	-0.053365918	0.277702989	-0.243193650	-0.051130995	0.028684475	0.009646800	-0.009212122	-0.002339904	0.028141023	0.174232100	0.025612648	-0.023693430	-0.071654125	0.196649107	0.015187768	-0.042358399	0.034004730	-0.003640904	0.009860129	-0.014496835	-0.093813938	-0.814449456	-0.892744775	-0.837428429	-0.740495761	-0.576305679	0.009318527	-0.111455024	-0.146598894	-0.033949993	-0.082109310	-0.135853129	-0.077669496	-0.013970551	-0.063982308	-0.017939912	0.000426283	-0.034706864	0.011197977	0.001857966	0.005857061	-0.008042753	-0.050780096	-0.012209818	0.044358739	-0.001342006	0.014837552	-0.143349530	0.029335873	0.007909635	-0.013161562	0.092569371	-0.071192194	-0.084796702	-0.112157938	-0.147188802	-0.204246637	0.052349133	-0.014408754	-0.020866821	0.124714104	0.000236397	-0.031545067	0.271390829	0.010315897	-0.033743994	0.005021376	0.006545130	-0.003929647	-0.010424292	-0.003482147	0.050482092	0.015402699	-0.004508912	-0.068933407	-0.051523886	0.002740440	-0.017306271	-0.019335756	0.000378556	-0.002352112	0.007727451	0.025537200	-0.030070177	-0.036879264	-0.059010335	-0.098549659	-0.167516833	0.013188425	-0.033968566	-0.009498233	0.030747776	-0.116146219	-0.017321850	0.093896316	-0.257067576	-0.024994614	0.010097064	0.001514133	-0.005268164	0.014591657	0.005582980	0.066487108	0.003847476	-0.018039924	0.095146625	0.034281159	0.004927783	-0.003759873	0.025687545	0.005425978	0.001391122	-0.008857726	0.033085260	-0.426707827	-0.478497564	-0.450205022	-0.013693688	0.173143918	0.235078075	-0.187158272	-0.332463045	-0.405182006	-0.006462044	0.096702135	-0.187777441	-0.185124835	-0.330099557	-0.399734756	-0.158497467	-0.137111647	-0.027648371	-0.024342323	-0.055405801	-0.126892520	0.016215105	0.009202466	-0.025034822	-0.058832001	-0.091183971	-0.153063131	0.025751046	0.018037936	0.024654679	-0.003441785	-0.024744519	-0.077087439	0.014589950	-0.008132026	-0.003313488	-0.002058140	-0.013114864	-0.054172719	0.005764052	-0.005947214	-0.001482774	-0.013249194	-0.032459145	-0.099228299	-0.005697100	-0.015623436	-0.003155120		A5: R47*s(0)
0.001689445	-0.002230296	-0.034760007	-0.047978840	-0.031398672	0.028554308	-0.032666312	-0.014907605	0.034686381	-0.059681211	-0.025627222	-0.005549494	-0.024602800	-0.008634112	0.008586222	0.012550284	-0.016782551	0.006911376	0.026123600	0.006769828	0.001218110	-0.013192666	0.028853791	0.023032317	0.019678930	-0.003929333	0.005642829	0.013113956	0.027969450	-0.033917103	-0.007911614	-0.032432989	-0.037368978	-0.023206512	-0.017609440	-0.012007505	-0.137101075	-0.006144260	-0.007469277	-0.027304190	-0.003411387	-0.003901705	-0.048512193	-0.007657419	-0.008038597	0.014958368	0.085892400	0.021699476	-0.014045499	0.073362219	0.015166553	0.242134195	0.015456268	-0.020713323	0.195439191	0.030547554	0.344782833	0.046044910	-0.060021132	0.466897213	-0.211096152	-0.037821434	-0.000151950	0.000095697	-0.001652385	-0.016594810	-0.025653122	0.001216039	-0.001910600	-0.002048336	0.031859146	-0.008968007	-0.012009556	0.034374535	-0.007059339	-0.010845527	0.000936957	0.001045314	-0.000316256	-0.002554842	0.001153172	0.017456970	0.022266669	-0.005356830	-0.036635730	0.015927547	0.003722611	-0.003214771	0.000875261	-0.004259563	0.001957058	0.006954123	-0.003361956	-0.000200264	0.000149264	0.000885413	-0.003067467	-0.009852715	0.000340685	0.002276006	-0.001792532	0.002644729	-0.005838178	-0.004109041	-0.001726108	-0.022103679	-0.006714653	-0.000175175	0.000143612	-0.000521334	-0.000210363	0.001713232	0.005008421	0.001328591	-0.005499545	0.010935962	0.009361342	0.000684692	-0.000466374	0.000169358	0.000763195	0.000298030	-0.003070690	0.000518411	-0.010301480	-0.018583285	-0.013693688	1.419617400	0.008851098	0.011562408	0.000133725	-0.003772710	-0.006457821	-0.037754609	-0.000021619	-0.003018000	0.049751648	0.059999559	0.020024869	0.017005931	0.064993355	0.034294407	0.000815319	-0.001732903	-0.016222529	0.000238655	-0.000542324	-0.000222279	-0.001508462	-0.015841683	-0.025765360	0.006092411	0.000354534	0.000360301	-0.000467201	-0.000242955	-0.006981862	-0.000899814	-0.000325867	-0.000350014	-0.001111022	-0.000820374	-0.002986308	0.000206660	0.000681430	-0.000451374	0.000531169	0.000765427	-0.000641795	-0.000604645	0.000502021	-0.000562132		A5: R48*p(0)
-0.000939429	0.001768740	0.036325746	0.078440818	0.095701007	-0.033574755	0.027075250	0.019535788	-0.112470996	0.069745766	0.045671405	-0.119802676	0.067287502	0.041076433	-0.010242658	-0.020633233	0.017527823	0.006858206	-0.029562562	-0.053622964	-0.049409826	0.024892572	0.064347637	-0.099437248	-0.029076139	0.015956402	-0.009229708	0.013332013	-0.042877103	0.013287487	0.052579987	0.467747398	0.540074381	0.326252876	0.241963141	0.181479765	-0.004412987	-0.070749815	0.091678350	-0.000626407	-0.017259858	0.015230510	-0.006162746	0.005596560	0.076310283	-0.224337818	0.023628832	-0.228428240	0.056597007	0.013067219	-0.244318399	0.018622929	0.020612187	-0.090250063	0.001439571	-0.428147065	0.048324601	-0.323138638	-0.089083443	0.019547257	0.006714175	-0.104175573	0.000125786	-0.000105472	-0.000150817	0.006216762	0.026781130	0.000271225	-0.000409340	-0.000762867	-0.013316530	-0.002109421	0.003362885	-0.065789483	-0.006602166	0.013688030	-0.000463612	-0.000724871	-0.000401173	0.001226456	-0.000463593	-0.008598595	-0.011523394	-0.002340515	0.021887107	0.003378144	-0.001684788	0.001097411	-0.000353048	0.002383178	0.000356197	-0.003744149	-0.000240273	0.000320056	-0.000235145	-0.001375464	0.007030683	0.033954099	0.000836165	-0.001690695	0.000450965	-0.007177197	0.012495325	0.005035577	-0.040686285	0.066113273	0.017222343	-0.000012586	-0.000144629	0.000720942	0.000340722	-0.001585653	-0.011146435	-0.005208695	0.011059716	-0.011055297	-0.021098657	-0.001228643	0.000585303	-0.000581361	-0.001209648	-0.000932626	0.002790891	0.000328668	0.119662181	0.222857678	0.173143918	0.008851098	1.304192760	-0.157376843	-0.009998136	0.046597197	0.096704565	-0.000020697	-0.042400130	0.038724115	0.065797439	0.143378837	0.136610631	0.105452632	0.094505260	0.071119970	-0.000017811	-0.000289124	0.009190097	0.000542976	-0.000216337	-0.000189435	-0.001589552	-0.000483216	0.018018198	-0.000349477	-0.000182527	0.000437385	0.000856164	0.000703991	0.004982772	0.000165632	0.000084857	-0.000320244	0.001282861	0.000993163	0.005581041	-0.000017933	-0.000302268	-0.000020661	-0.001255741	-0.000085304	0.022285100	-0.000473275	-0.000267516	0.000055954		A5: R48*p(1)
0.000176264	0.000456007	0.020085786	0.068216350	0.108429240	-0.015354608	0.017507164	0.005399922	-0.099255397	0.089947919	0.007752126	-0.142959966	0.125311234	0.014132292	-0.012296450	-0.006720497	0.006758746	-0.002510961	-0.023011760	-0.093912313	-0.012248529	0.005626790	0.023141547	-0.147492494	-0.014712089	0.033861517	-0.032285591	0.001821659	-0.015151206	0.034138719	0.041652861	0.631438667	0.729090290	0.440551526	0.327535252	0.247813529	-0.005358359	0.092036973	-0.015101386	-0.000130632	0.015093338	-0.009003191	-0.005200015	0.075651070	0.049819780	-0.138767260	0.026504533	-0.371511746	0.157174249	0.022916319	0.113835320	0.010216007	-0.137081488	0.110710197	0.016418739	0.271698503	0.011337663	-0.157833401	0.343490275	0.048110547	-0.031566461	0.148569307	0.000198079	-0.000143661	-0.000331380	0.008039441	0.036743588	0.000368363	-0.000316079	-0.000454546	-0.016748651	0.003226400	-0.000091419	-0.089939312	0.012975016	0.001028747	-0.000491651	-0.000243439	-0.000118087	0.000561540	-0.000589660	-0.015684501	-0.001779482	-0.000321073	0.022114795	-0.010029770	-0.000910508	0.002194863	-0.000703828	0.001046704	-0.000320771	-0.002270976	0.002113871	-0.000070466	0.000046578	0.000197813	0.003106733	0.025713619	0.000174575	-0.000238469	-0.000098838	-0.002019387	0.004552472	0.000482453	-0.031966265	0.062257379	0.001906231	0.000241679	-0.000027363	0.000090658	0.000124205	0.000473587	-0.004766009	-0.000734839	0.001508288	-0.005386995	-0.005874867	-0.000242609	-0.000033546	0.000074986	-0.000233056	-0.000214027	-0.000054182	-0.000173292	0.161468414	0.301105117	0.235078075	0.011562408	-0.157376843	1.208485691	0.094038405	0.197446540	0.187776575	0.003023461	-0.038720981	0.211869859	0.036776977	0.127428665	0.158657734	0.085567292	0.107721398	0.022076875	-0.000197282	0.001649371	0.025034093	-0.000222383	0.000189499	-0.000281441	-0.000979242	0.000271523	0.024654450	-0.000360570	0.000437205	0.000112264	0.000514012	0.000378689	0.004871574	0.000055250	-0.000028460	-0.000156641	-0.000103423	0.000020368	0.002905057	-0.000142029	0.000186859	-0.000045668	0.000263565	0.000169956	0.013283852	0.000246843	-0.000246356	-0.000034694		A5: R48*p(-1)
-0.000701971	0.000509851	-0.005986777	-0.056437882	-0.125397147	0.002440651	-0.003616120	0.006845631	0.072501952	-0.081128171	0.053301220	0.155511193	-0.170849195	0.102221331	0.002536507	-0.010038789	0.010324431	0.004765520	0.009695413	0.049360654	-0.085620454	0.086480938	0.015260241	0.130705699	-0.023377197	-0.004016106	0.005392068	0.002817266	-0.035048671	-0.027012357	-0.016945022	-0.060741022	-0.147886651	-0.342334709	-0.355072107	-0.316061509	0.014610924	-0.230072315	0.311555773	0.014458992	-0.224015276	0.303414261	0.012427404	-0.185334494	0.250889168	-0.055173973	-0.006245127	0.097451657	0.036467741	0.004390309	-0.030838372	-0.004101675	0.055630029	0.022301890	0.002658688	-0.021378075	-0.014301097	0.193936777	0.130882816	0.018908125	0.008957860	-0.040327697	-0.000381740	0.000297226	0.001927663	-0.007373796	-0.050355470	-0.002711590	-0.000054290	-0.001948078	0.013689777	-0.004597440	0.003772812	0.118465242	-0.030027463	0.038255597	0.000244500	-0.000387042	0.000305723	0.000270610	0.000870743	0.011387721	-0.016262220	0.004817066	-0.019218002	0.012898876	-0.001043503	-0.000445129	0.000306218	0.001912549	-0.000978523	0.000362920	-0.001833839	0.000354272	-0.000213402	-0.001280776	-0.001885381	-0.025229547	0.000173713	-0.001617820	-0.007945345	0.000223188	-0.002334118	-0.006995325	0.029739180	-0.065087248	0.017924779	-0.000009615	-0.000104781	-0.000608390	0.000246135	-0.001326035	0.000520235	-0.003581364	0.004573389	0.002593333	-0.000362912	-0.000169441	0.000294122	-0.000291035	-0.000092965	-0.000890993	0.001064282	0.000430321	-0.009360583	-0.099884104	-0.187158272	0.000133725	-0.009998136	0.094038405	0.471131686	-0.451268099	-0.426707531	-0.010304917	0.119659728	-0.161469360	-0.007386695	-0.095886835	-0.184601856	-0.035087380	-0.064633652	0.051786703	0.001209074	-0.005004906	-0.058828959	0.001509688	-0.001588398	0.000979191	-0.000059662	-0.000345726	-0.024341797	-0.000815268	-0.000018631	-0.000197241	-0.000899832	-0.000623887	-0.006224114	-0.000151982	-0.000164867	-0.000825842	0.000991252	0.000763127	-0.002140184	0.000067945	-0.000581865	-0.002593884	-0.000696993	-0.000039877	-0.011167739	-0.000490434	0.000099530	-0.002513084		A6: R49*s(0)
-0.015654011	-0.024619058	-0.076681918	-0.165786828	-0.242854601	0.046906984	-0.048838310	0.030414974	0.186932752	-0.167845227	0.071244333	0.271237996	-0.240155050	0.093712286	0.016684600	-0.022385396	0.022568219	0.002005100	0.039306239	0.123809726	-0.075756333	0.066025233	-0.042205513	0.227951960	-0.022131298	-0.033135148	0.026501034	0.008389654	-0.028687784	-0.028450620	-0.055591746	-0.750227737	-0.829777087	-0.755992888	-0.638195276	-0.489743293	0.012967471	-0.209942491	0.283003241	0.005015949	-0.167426803	0.228007359	0.001895506	-0.124507079	0.170003317	-0.023047084	-0.000832914	0.040887020	0.014999652	0.000967512	-0.003321019	0.004752310	0.011086609	0.001214129	0.002366968	0.003265993	0.004008861	-0.081164940	-0.031998188	-0.005829025	-0.006348541	0.034186149	-0.000611211	-0.000711785	-0.007270269	-0.033213147	-0.097780685	0.006458501	-0.002718967	0.002268769	0.054501612	-0.010380885	0.015373168	0.200583794	-0.028963264	0.041256328	0.002891969	-0.004051717	0.001212794	-0.005286360	0.002797652	0.029571387	-0.028979828	0.005935504	-0.052805227	0.015670421	-0.005473115	-0.005497966	0.000287634	0.006840051	-0.002435476	0.008164830	-0.003879244	0.000167620	-0.000177806	-0.002676222	-0.016426127	-0.070307867	0.000808397	-0.002478225	-0.005343037	0.011361718	-0.027037456	0.001010265	0.073844564	-0.148800434	0.027003690	0.000688336	-0.000488379	0.000856786	0.001188496	0.000652880	0.018021686	-0.007878843	0.016227924	0.024110783	0.024056035	-0.002593935	-0.000942568	0.002622333	-0.002493867	-0.002644631	-0.003937405	0.002591939	-0.099884129	-0.257404394	-0.332463045	-0.003772710	0.046597197	0.197446540	-0.451268099	-0.461490170	-0.478497177	-0.018589787	0.222853367	-0.301107001	-0.096115771	-0.253348964	-0.329578828	-0.125989154	-0.142172500	0.066609024	-0.005005038	-0.025456807	-0.091180515	0.015840728	-0.000470789	-0.000271452	-0.000345484	-0.006658340	-0.055405038	0.001733138	-0.000288039	0.001649308	-0.000337488	-0.000920470	-0.018474013	-0.000309888	-0.000179732	-0.000402329	0.000502568	0.000241953	-0.011077174	0.000119130	-0.000352272	-0.002080312	-0.000310551	-0.002348646	-0.039570939	-0.000239781	-0.000450259	-0.001792425		A6: R50*s(0)
-0.236042404	-0.266744113	-0.294088305	-0.356120839	-0.394749489	0.071792203	-0.076276462	0.042994684	0.198605979	-0.180845900	0.053361413	0.277705389	-0.243191404	0.051123720	0.028684953	-0.009646374	0.009210133	-0.002340102	0.028141357	0.174233553	-0.025606276	0.023684279	-0.071654487	0.196650335	-0.015185157	-0.042359368	0.034005210	0.003638118	-0.009857458	-0.014497062	-0.093814644	-0.814448950	-0.892744257	-0.837428092	-0.740495771	-0.576305797	0.009321658	-0.111453123	0.146600395	-0.033947308	-0.082107213	0.135856077	-0.077667879	-0.013968767	0.063985069	-0.017940580	-0.000427047	0.034706002	0.011197441	0.001858732	0.005855823	0.008043842	0.050777398	-0.012210379	0.044360488	0.001344665	0.014838733	-0.143349697	-0.029333023	-0.007917620	-0.013162248	0.092568928	-0.071189623	-0.084793746	-0.112154663	-0.147185847	-0.204244488	0.052347906	-0.014407726	0.020866060	0.124713302	0.000237498	0.031545396	0.271390630	0.010317266	0.033745242	0.005021420	-0.006545541	0.003928620	-0.010423780	-0.003482497	0.050482357	-0.015405093	0.004506825	-0.068933597	-0.051524166	-0.002742066	-0.017306277	-0.019334979	-0.000375517	0.002352892	0.007727588	0.025536602	-0.030072176	-0.036881617	-0.059013221	-0.098552841	-0.167519488	0.013189343	-0.033970079	0.009496788	0.030749187	-0.116148759	0.017317132	0.093898031	-0.257069414	0.024982927	0.010097847	-0.001514034	0.005265773	0.014592317	0.005583088	0.066489566	-0.003846018	0.018029600	0.095148124	0.034281996	-0.004924004	-0.003760291	0.025688883	-0.005419972	-0.001391014	-0.008857911	0.033086195	-0.187158405	-0.332463192	-0.405182006	-0.006457821	0.096704565	0.187776575	-0.426707531	-0.478497177	-0.450204690	-0.013698787	0.173140748	-0.235079642	-0.185125088	-0.330099784	-0.399735167	-0.158496981	-0.137111378	0.027652661	-0.058829131	-0.091180522	-0.153059491	0.025751122	0.018037549	-0.024653596	-0.024341762	-0.055404819	-0.126891884	0.016215209	0.009202397	0.025033977	-0.003441569	-0.024743657	-0.077086153	0.014589192	-0.008131050	0.003312827	-0.002058344	-0.013115741	-0.054174085	0.005764236	-0.005947578	0.001482175	-0.013250348	-0.032461177	-0.099230889	-0.005697093	-0.015624850	0.003153848		A6: R51*s(0)
0.001689464	-0.002230371	-0.034761069	-0.047980564	-0.031400812	0.028555395	-0.032667354	0.014907590	0.034689045	-0.059683813	0.025626844	-0.005546462	-0.024606650	0.008634476	0.008586982	-0.012550595	0.016782436	0.006911092	0.026124902	0.006771424	-0.001218280	0.013191089	0.028852638	0.023035004	-0.019678997	-0.003930511	0.005644392	-0.013113208	-0.027969440	-0.033918182	-0.007913428	-0.032446617	-0.037384761	-0.023216144	-0.017616631	-0.012012858	-0.137101023	-0.006146204	0.007471983	-0.027304645	-0.003411762	0.003902122	-0.048512187	-0.007659399	0.008040749	0.014965024	-0.085891071	-0.021709026	-0.014050501	0.073359751	0.015173458	-0.242134762	-0.015463627	-0.020720963	0.195435246	-0.030561494	0.344787568	0.046064667	0.060045833	-0.466889133	-0.211086201	-0.037836138	-0.000151925	0.000095667	-0.001652503	-0.016594729	-0.025653842	0.001215908	-0.001910728	0.002047690	0.031858527	-0.008967880	0.012008432	0.034376701	-0.007060029	0.010845457	0.000936832	-0.001045172	0.000316193	-0.002554839	0.001153245	0.017456583	-0.022266471	0.005356238	-0.036635595	0.015926955	-0.003722262	-0.003214581	0.000875111	0.004259001	-0.001956815	0.006953938	-0.003361532	-0.000200681	0.000149118	0.000886406	-0.003066455	-0.009852377	0.000340902	0.002275253	0.001793516	0.002645006	-0.005839844	0.004109780	-0.001725454	-0.022106359	0.006714664	-0.000175226	-0.000143522	0.000521326	-0.000210261	0.001713259	0.005009045	-0.001328395	0.005499437	0.010937073	0.009362146	-0.000684811	-0.000466407	0.000169660	-0.000763622	-0.000297613	-0.003070774	0.000518311	0.000131537	-0.003777175	-0.006462044	-0.037754609	-0.000020697	0.003023461	-0.010304917	-0.018589787	-0.013698787	1.419616996	0.008854380	-0.011567139	0.049751196	0.059997027	0.020021664	0.017003299	0.064990745	-0.034295029	-0.001508068	-0.015840127	-0.025765585	0.006091464	0.000354411	-0.000360215	0.000814548	-0.001733723	-0.016223372	0.000238446	-0.000542157	0.000222504	-0.000467198	-0.000242976	-0.006981781	-0.000899792	-0.000325796	0.000349713	-0.001110297	-0.000819247	-0.002985412	0.000206265	0.000681606	0.000451401	0.000532046	0.000766643	-0.000641040	-0.000604208	0.000501895	0.000562239		A6: R52*p(0)
-0.000939426	0.001768790	0.036326110	0.078440453	0.095699899	-0.033575590	0.027075799	-0.019535437	-0.112471335	0.069744666	-0.045668821	-0.119802175	0.067285376	-0.041073433	-0.010243428	0.020633027	-0.017527375	0.006859115	-0.029563161	-0.053623925	0.049404909	-0.024889112	0.064349072	-0.099435124	0.029075023	0.015958148	-0.009230784	-0.013332279	0.042874987	0.013286195	0.052581167	0.467737562	0.540063468	0.326246741	0.241958642	0.181476462	-0.004414967	-0.070752038	-0.091677748	-0.000626759	-0.017260507	-0.015230339	-0.006164442	0.005594496	-0.076309601	-0.224339544	-0.023638404	0.228418951	0.056591856	0.013071594	-0.244318623	-0.018630291	-0.020619898	-0.090251083	0.001438829	0.428157424	0.048344710	-0.323121203	0.089096469	-0.019553921	0.006717299	-0.104176286	0.000125805	-0.000105490	-0.000151101	0.006216070	0.026779872	0.000271158	-0.000409772	0.000762500	-0.013316069	-0.002109690	-0.003363416	-0.065787772	-0.006602667	-0.013688439	-0.000463617	0.000724746	0.000401017	0.001226196	-0.000463351	-0.008598161	0.011522926	0.002340149	0.021886242	0.003378028	0.001684714	0.001097344	-0.000353115	-0.002383341	-0.000356086	-0.003743928	-0.000240101	0.000320268	-0.000234874	-0.001375106	0.007031579	0.033955011	0.000835933	-0.001691063	-0.000451283	-0.007178122	0.012496036	-0.005035711	-0.040687446	0.066113783	-0.017219559	-0.000012681	0.000144603	-0.000721140	0.000340716	-0.001585577	-0.011148028	0.005208094	-0.011059209	-0.011056076	-0.021100361	0.001228720	0.000585361	-0.000581675	0.001209617	0.000932523	0.002791117	0.000328557	-0.009999233	0.046594772	0.096702135	-0.000021619	-0.042400130	-0.038720981	0.119659728	0.222853367	0.173140748	0.008854380	1.304197309	0.157375042	0.065797486	0.143377523	0.136608739	0.105450238	0.094503255	-0.071122864	-0.001589348	-0.000483284	0.018016865	-0.000349532	-0.000182631	-0.000437474	-0.000018483	-0.000290018	0.009189172	0.000542551	-0.000216367	0.000189603	0.000856061	0.000703798	0.004982315	0.000165730	0.000084342	0.000320271	0.001283035	0.000993476	0.005581451	-0.000017969	-0.000302317	0.000020690	-0.001255472	-0.000084708	0.022286437	-0.000473212	-0.000267162	-0.000056017		A6: R52*p(1)
-0.000176348	-0.000455956	-0.020085199	-0.068215845	-0.108429534	0.015354933	-0.017507155	0.005399967	0.099256372	-0.089947801	0.007750205	0.142961628	-0.125311895	0.014129707	0.012296818	-0.006720175	0.006758038	0.002510408	0.023011936	0.093913492	-0.012244795	0.005623035	-0.023143724	0.147492909	-0.014710144	-0.033862866	0.032286297	0.001821664	-0.015148815	-0.034138017	-0.041653863	-0.631441533	-0.729094174	-0.440554353	-0.327537257	-0.247815104	0.005361049	-0.092036320	-0.015098940	0.000131066	-0.015093108	-0.009002988	0.005202290	-0.075650482	0.049821525	0.138777131	0.026515653	-0.371512111	-0.157168999	-0.022925786	-0.113829502	0.010220037	-0.137084976	-0.110706681	-0.016426010	0.271688624	-0.011344193	0.157851317	0.343486056	0.048130638	0.031579374	-0.148560483	-0.000197993	0.000143599	0.000330843	-0.008039868	-0.036743856	-0.000369073	0.000315974	-0.000455244	0.016747183	-0.003226556	-0.000092156	0.089938264	-0.012975205	0.001028473	0.000491467	-0.000243673	-0.000118603	-0.000561419	0.000589764	0.015683806	-0.001780098	-0.000321443	-0.022114292	0.010029689	-0.000910705	-0.002194707	0.000703699	0.001047301	-0.000320841	0.002270864	-0.002113754	0.000070537	-0.000046410	-0.000197381	-0.003106343	-0.025713589	-0.000174392	0.000238697	-0.000098857	0.002019768	-0.004552221	0.000482678	0.031967112	-0.062257830	0.001903921	-0.000241650	-0.000027392	0.000090167	-0.000124241	-0.000473669	0.004766407	-0.000734578	0.001507955	0.005386865	0.005875180	-0.000242379	0.000033514	-0.000074932	-0.000232431	-0.000214336	0.000054111	0.000173222	-0.094038328	-0.197446969	-0.187777441	-0.003018000	0.038724115	0.211869859	-0.161469360	-0.301107001	-0.235079642	-0.011567139	0.157375042	1.208483026	-0.036778978	-0.127431629	-0.158659654	-0.085568491	-0.107723716	0.022081284	0.000979306	-0.000271483	-0.024653951	0.000360378	-0.000437230	0.000112094	0.000196506	-0.001650470	-0.025035082	0.000222167	-0.000189132	-0.000281322	-0.000514556	-0.000379473	-0.004872130	-0.000055122	0.000028365	-0.000157174	0.000103546	-0.000020150	-0.002904845	0.000141927	-0.000186666	-0.000045732	-0.000263676	-0.000170051	-0.013284084	-0.000246629	0.000246305	-0.000035124		A6: R52*p(-1)
-0.000815395	0.000597843	-0.004934253	-0.054925453	-0.124352443	0.004809274	0.000787146	-0.000000152	0.116561500	-0.007341827	-0.000001608	0.250301093	-0.020009250	-0.000003243	0.004857274	0.000000263	-0.000000015	-0.016502921	-0.002609518	0.082370964	0.000003960	-0.000000544	-0.159853717	0.025665896	0.000000878	-0.026459342	0.001568496	-0.000001257	0.000000076	0.043615631	-0.011996277	-0.062859032	-0.151478959	-0.345950943	-0.357548712	-0.317642553	0.314914498	0.229697464	-0.000004189	0.304951742	0.221976342	-0.000004069	0.251847719	0.182982704	-0.000003355	0.057124914	0.000001699	0.000001247	-0.031279290	-0.095159582	0.031107735	0.000000866	0.000000732	-0.020321888	-0.054128422	-0.000003952	0.120654797	0.088586869	0.000001553	0.000004889	0.057063506	-0.184888461	0.000599295	-0.000452391	-0.002986048	-0.001188840	-0.013333517	0.004079934	0.001333154	-0.000000227	0.000392679	0.002136022	0.000000012	0.043777489	0.012361404	-0.000000146	-0.000547470	-0.000000086	-0.000000057	0.000983414	-0.001317995	-0.003284996	0.000000113	-0.000000073	0.005109597	-0.003868383	-0.000000036	0.000607501	-0.000424967	0.000000591	-0.000000205	-0.001613647	0.000502291	-0.000775429	0.000561510	0.003212603	-0.013032360	-0.066036511	-0.002264795	0.003306643	0.000000264	0.023675730	-0.015687796	-0.000000328	0.128148822	-0.092719500	-0.000003624	0.000433923	-0.000000028	0.000000155	-0.001490373	0.000686732	0.026156613	0.000001783	-0.000001215	-0.016196194	0.041809404	0.000000107	-0.002123754	0.001770209	0.000000160	0.000000017	0.000013967	-0.004962330	-0.007386462	-0.096115367	-0.185124835	0.049751648	0.065797439	0.036776977	-0.007386695	-0.096115771	-0.185125088	0.049751196	0.065797486	-0.036778978	0.471162120	-0.451938222	-0.427151514	-0.165798081	-0.118725724	0.000002251	-0.000899942	-0.000337400	-0.003441505	0.000466411	0.000856458	-0.000514174	-0.000899981	-0.000337394	-0.003441775	0.000466679	0.000856486	0.000514036	0.001776906	0.001183213	-0.000903887	0.001164354	0.000643575	-0.000000093	-0.001449790	-0.000970131	-0.007918471	-0.000069315	0.000169342	0.000000202	0.000755526	-0.012583583	-0.081296679	0.004157136	-0.002419901	0.000000095		A7: R53*s(0)
-0.014849996	-0.023254172	-0.074158950	-0.164017462	-0.242482084	0.070352414	-0.008831243	-0.000001079	0.250197677	-0.064358949	-0.000003348	0.360940502	-0.098031925	-0.000004576	0.024582948	0.000001034	-0.000000200	-0.044174159	0.010963568	0.140684043	0.000005552	-0.000002089	-0.193598708	0.143638885	0.000001483	-0.047781806	0.016272439	-0.000001558	0.000001191	0.033670518	-0.058054759	-0.757594219	-0.837222114	-0.760176378	-0.640028549	-0.490827666	0.285616021	0.207292349	-0.000003717	0.224271797	0.168588935	-0.000002819	0.165024482	0.128184825	-0.000002025	0.025437041	0.000000725	0.000000459	-0.012749398	-0.041633005	0.010478338	0.000000130	-0.000000031	-0.002325040	-0.006735024	0.000001341	-0.031165848	-0.054452215	-0.000000351	-0.000002122	-0.016212853	0.070849524	0.000426592	-0.000312575	-0.002491898	-0.008772747	-0.051016268	0.002846865	0.000892379	-0.000000301	0.014735125	0.004317040	-0.000000021	0.131877990	0.019899480	-0.000000219	-0.000343311	-0.000000089	-0.000000078	0.000299106	-0.000928924	0.008902968	0.000000249	0.000000033	-0.014961327	-0.010343313	-0.000000059	-0.000862081	-0.000514257	0.000000917	-0.000000360	0.000632023	0.001704464	-0.001601043	-0.002200086	-0.014347218	-0.048163395	-0.117945989	0.013678829	-0.006669350	-0.000000404	0.061160221	-0.050135167	-0.000001743	0.165686225	-0.162696539	-0.000005408	0.007333694	0.000000366	-0.000000338	-0.003436871	0.010750198	0.045975521	0.000002626	-0.000002729	-0.003396607	0.070642974	0.000000823	-0.009696348	0.008870647	0.000000593	0.000000672	-0.007971405	-0.009389762	-0.095886494	-0.253348660	-0.330099557	0.059999559	0.143378837	0.127428665	-0.095886835	-0.253348964	-0.330099784	0.059997027	0.143377523	-0.127431629	-0.451938222	-0.462189560	-0.478945970	-0.307881990	-0.220919653	0.000004191	-0.000624265	-0.000920660	-0.024743812	0.000241948	0.000704097	-0.000379060	-0.000624167	-0.000920651	-0.024744650	0.000242387	0.000704143	0.000378808	0.001182531	0.000794173	-0.008069896	0.000866659	0.000323344	-0.000000197	-0.000410726	-0.001406508	-0.021920137	0.000128427	0.000551293	0.000000127	-0.012874194	-0.042477353	-0.115227040	0.013422209	-0.024727303	-0.000000864		A7: R54*s(0)
-0.231588109	-0.261856258	-0.291796222	-0.357050333	-0.396910151	0.113173859	-0.007373544	-0.000001345	0.267230727	-0.062327405	-0.000002422	0.354942485	-0.113464597	-0.000003133	0.033108276	0.000000606	-0.000001063	-0.016518784	0.016587804	0.181145656	0.000004142	-0.000005267	-0.100104637	0.175065539	0.000000697	-0.054862231	0.011043241	-0.000002671	0.000002077	-0.001211785	-0.102064366	-0.817028627	-0.895437069	-0.838686522	-0.740044148	-0.575842127	0.150172247	0.103771990	-0.000001820	0.099569584	0.121397824	-0.000000819	-0.004414229	0.103169564	0.000000917	0.023825507	0.000000737	0.000000233	-0.011407449	-0.034398164	0.071566586	0.000002018	-0.000000577	-0.025726949	-0.001996871	0.000001667	-0.019398246	-0.119302596	0.000000234	-0.000004177	-0.016390333	0.125891035	-0.014983907	-0.018966445	-0.033038263	-0.065678766	-0.137749611	0.021671332	0.005083247	-0.000000315	0.084061812	0.028819467	0.000000176	0.246422114	0.058088574	0.000000611	0.004775102	-0.000000086	-0.000000161	-0.006743380	-0.005700084	0.049625274	-0.000000605	-0.000000501	-0.056888568	-0.056955500	-0.000000390	-0.012708082	-0.007606115	0.000001157	-0.000000094	0.003548976	0.017757839	-0.102957676	-0.120930099	-0.153261031	-0.187520281	-0.234474357	0.061665159	-0.042956550	-0.000002099	0.093788755	-0.118345950	-0.000004001	0.158912098	-0.235802254	-0.000006921	0.021158735	0.000000255	-0.000001634	0.009401897	0.007274437	0.082690829	0.000001099	-0.000006621	0.081718634	0.040935784	0.000002139	-0.014297625	0.027630951	0.000003765	0.000000892	-0.016000273	0.047948557	-0.184601763	-0.329578737	-0.399734756	0.020024869	0.136610631	0.158657734	-0.184601856	-0.329578828	-0.399735167	0.020021664	0.136608739	-0.158659654	-0.427151514	-0.478945970	-0.452701935	-0.238639586	-0.172000016	0.000003227	-0.006224227	-0.018473684	-0.077085558	0.006977439	0.004987849	-0.004871662	-0.006224369	-0.018474200	-0.077086847	0.006977943	0.004988076	0.004871494	-0.000903826	-0.008069091	-0.045178098	0.005133038	-0.000953035	-0.000000280	-0.005259640	-0.032064010	-0.087788771	0.019604515	-0.010553246	-0.000000486	-0.082908398	-0.119130741	-0.180556324	-0.023789636	-0.045382948	-0.000001744		A7: R55*s(0)
0.001440286	-0.002485333	-0.051737496	-0.111407495	-0.133920321	0.064973143	-0.011476375	-0.000000968	0.187442579	-0.053804204	-0.000002835	0.182875810	-0.063762757	-0.000002765	0.027961423	0.000001455	-0.000000173	-0.048030392	0.014428251	0.089371015	0.000004458	-0.000001543	-0.118661377	0.112867635	0.000002346	-0.065513787	0.015683465	-0.000002628	0.000001357	0.061588502	-0.053287738	-0.649741556	-0.747220690	-0.448570139	-0.333018685	-0.249690709	-0.013767792	0.089548020	-0.000001617	-0.005295072	0.014685093	-0.000000226	0.056999490	0.073652769	-0.000001379	-0.210270077	-0.000006782	-0.000006022	0.051391905	0.376672200	-0.039948166	-0.000002290	-0.000004411	-0.148688340	0.137371931	-0.000008601	0.108096037	0.183024860	-0.000002459	0.000012344	0.419174419	-0.131602942	-0.000197303	0.000175313	0.001450619	-0.002819954	-0.030381634	-0.003133952	-0.001260417	0.000000141	0.004631339	-0.000125140	0.000000267	0.078606927	0.011367131	-0.000000003	-0.000247203	0.000000005	0.000000123	-0.000386594	0.000910288	0.006441208	0.000000144	0.000000201	-0.013035937	-0.002980026	0.000000066	-0.000077752	0.000334438	0.000000187	-0.000000234	0.001867872	0.000266829	-0.000240039	0.000149982	-0.003603658	-0.025824727	-0.058769413	0.003572378	-0.002285248	-0.000000129	0.037705187	-0.036594874	-0.000001409	0.073403725	-0.093741900	-0.000003079	0.002420827	0.000000214	-0.000000147	-0.000750372	0.006316039	0.033705199	0.000002415	-0.000002325	0.003388179	0.063970976	0.000000741	-0.009290188	0.007607829	-0.000000119	0.000001033	-0.010264787	-0.012785702	-0.035088313	-0.125990467	-0.158497467	0.017005931	0.105452632	0.085567292	-0.035087380	-0.125989154	-0.158496981	0.017003299	0.105450238	-0.085568491	-0.165798081	-0.307881990	-0.238639586	1.201806642	-0.158590246	0.000002971	0.000151061	0.000308850	-0.014583525	-0.000900096	-0.000166241	0.000055035	0.000151525	0.000309272	-0.014583862	-0.000900073	-0.000166397	-0.000055140	-0.001165044	-0.000867235	-0.005132872	-0.000478597	-0.000599484	-0.000000083	-0.001161368	-0.000914740	-0.010849895	-0.000243579	0.000552849	0.000000018	0.000179023	-0.014503245	-0.045758218	0.004360108	-0.009528908	-0.000000348		A7: R56*p(0)
-0.001224609	0.001052695	0.006747968	-0.021306011	-0.062450611	-0.011107220	0.000108522	0.000000088	0.045757300	-0.042325203	-0.000000774	0.120572375	-0.068400990	-0.000001791	-0.001219885	-0.000000194	-0.000000139	0.002895550	0.006847178	0.053059040	0.000001659	-0.000001408	-0.055031360	0.099590134	0.000000360	-0.008259624	0.011519963	-0.000000172	0.000000658	-0.003817882	-0.039706932	-0.469593136	-0.540227651	-0.324374600	-0.241189137	-0.182744958	0.087778780	-0.072692491	-0.000001074	0.011891576	-0.016606776	-0.000000067	0.071768019	0.002420712	-0.000000980	-0.160516653	-0.000006049	-0.000003020	0.176036201	0.221904030	-0.042397194	-0.000004475	0.000000345	0.260757787	-0.030326650	-0.000006109	0.191568661	-0.025929287	0.000010864	0.000004779	-0.416337074	-0.323508932	0.000141976	-0.000115060	-0.000683785	-0.001014355	-0.013366831	0.001250737	0.000954390	-0.000000545	0.001171711	0.000807021	-0.000000568	0.039300255	-0.003874026	-0.000000500	-0.000136718	0.000000029	-0.000000181	0.000829786	-0.000489297	0.000144895	0.000000133	-0.000000160	0.001403403	0.000546274	-0.000000051	0.000315798	-0.000266574	0.000000463	-0.000000134	-0.001519142	-0.000380176	-0.000203268	0.000186154	0.004466622	0.012047227	-0.008883744	-0.006262613	0.000464452	-0.000000071	-0.024096263	0.007086414	0.000000606	0.026131003	-0.045693383	-0.000000988	-0.001637632	-0.000000155	-0.000000002	0.001060445	-0.002839386	-0.011046382	-0.000001189	0.000000446	0.016453276	-0.014475188	-0.000000369	0.006762852	-0.003372167	0.000000619	-0.000000762	0.001541640	0.008370208	-0.064633843	-0.142173049	-0.137111647	0.064993355	0.094505260	0.107721398	-0.064633652	-0.142172500	-0.137111378	0.064990745	0.094503255	-0.107723716	-0.118725724	-0.220919653	-0.172000016	-0.158590246	1.307774495	0.000002121	-0.000165098	-0.000179961	-0.008142945	0.000324787	0.000084675	0.000028497	-0.000165627	-0.000180624	-0.008143614	0.000325054	0.000084900	-0.000028505	0.000642555	0.000322739	-0.000957357	0.000598636	0.000439364	-0.000000132	-0.000577807	-0.000442636	0.002223231	-0.000092345	-0.000975033	-0.000000006	0.004788654	0.023460711	-0.000930385	-0.006680341	0.013435765	0.000000552		A7: R56*p(1)
0.000000022	-0.000000007	0.000000298	0.000000929	0.000001223	-0.000001159	0.000000005	-0.008997736	-0.000003386	0.000000407	-0.034283673	-0.000003496	0.000000506	-0.037361715	-0.000000578	0.010812658	-0.002757955	0.000000736	-0.000000309	-0.000002350	0.056818232	-0.017070476	0.000002228	-0.000002042	0.021945615	0.000002111	-0.000000321	-0.024655363	0.010320710	-0.000001115	0.000000752	0.000008629	0.000009930	0.000005969	0.000004405	0.000003177	-0.000001707	-0.000001215	-0.138157128	-0.000000505	-0.000000248	-0.026979561	-0.000001932	-0.000001023	-0.051714951	0.000005058	-0.092949580	-0.076610515	-0.000001891	-0.000005963	0.000006616	-0.251387639	-0.197172321	-0.000001471	-0.000004294	-0.385756952	-0.000017337	-0.000012367	0.158871847	0.474839353	-0.000003015	0.000009481	-0.000000330	-0.000000534	-0.000000928	-0.000000985	-0.000000628	0.000000473	-0.000000170	0.001193000	0.000000410	0.000000009	-0.000097133	-0.000000399	-0.000000110	-0.010019587	-0.000000075	0.000410933	0.000304204	-0.000000136	0.000000023	-0.000000105	0.004191347	0.000727932	0.000000021	-0.000000094	0.000587368	0.000000051	-0.000000148	-0.000791340	-0.000186176	-0.000000049	0.000000466	0.000000004	-0.000000006	0.000000072	0.000000575	0.000000943	-0.000000204	0.000000030	0.000032796	-0.000001343	0.000000788	-0.007182910	-0.000001892	0.000001353	-0.017554749	-0.000000145	0.000488994	-0.000683389	-0.000000014	-0.000000120	-0.000001597	0.014110805	-0.012294598	0.000000425	-0.000001977	0.003027088	0.000000497	-0.000000369	-0.000384839	0.003367897	0.000000235	0.000000464	-0.051785121	-0.066605023	-0.027648371	0.034294407	0.071119970	0.022076875	0.051786703	0.066609024	0.027652661	-0.034295029	-0.071122864	0.022081284	0.000002251	0.000004191	0.000003227	0.000002971	0.000002121	1.422584848	-0.000826191	-0.000402812	0.003312473	-0.000350266	0.000320220	-0.000157102	0.000825628	0.000401669	-0.003313721	0.000350304	-0.000319946	-0.000156665	-0.000000073	-0.000000288	-0.000000493	0.000000273	-0.000000239	0.000436210	-0.000000009	0.000000000	0.000000078	0.000000138	-0.000000054	0.000232497	0.000000111	0.000000940	0.000001248	-0.000000440	0.000000665	-0.001252991		A7: R56*p(-1)
-0.000701927	0.000509843	-0.005986934	-0.056437770	-0.125396933	-0.002437287	-0.003617750	0.006845343	-0.072436298	-0.081185227	0.053300320	-0.155374592	-0.170972843	0.102220270	0.002536562	0.010030317	0.010332237	0.004781028	-0.009687584	0.049360967	0.085550588	0.086548099	0.015468477	-0.130680792	-0.023376889	0.004011945	0.005395604	0.002761527	0.035052315	0.027052501	-0.016880324	-0.000381787	0.000297120	0.001927370	-0.007373996	-0.050355546	0.002711159	-0.000051933	-0.001947980	-0.013686371	-0.004607987	0.003772876	-0.118441221	-0.030121509	0.038255303	0.000244794	0.000386678	0.000306644	0.000271065	-0.000870308	0.011387966	0.016258076	0.004830121	-0.019197228	-0.012929480	-0.001043279	0.000444954	0.000306438	0.001910213	0.000981589	-0.000358697	-0.001833770	-0.060741173	-0.147886886	-0.342334916	-0.355072255	-0.316061668	-0.014429053	-0.230086549	0.311553998	-0.014281767	-0.224029155	0.303412350	-0.012280563	-0.185346217	0.250887609	-0.055172462	0.006168288	0.097457031	0.036475530	-0.004332761	-0.030837411	0.004057860	0.055633444	0.022306438	-0.002623543	-0.021374362	0.014147154	0.193946770	0.130914719	-0.018701089	-0.008862535	-0.040350215	0.000354102	-0.000213520	-0.001280920	-0.001885523	-0.025229591	-0.000172293	-0.001618111	-0.007945506	-0.000220991	-0.002334614	-0.006995323	-0.029686877	-0.065111115	0.017924604	-0.000009905	0.000105362	-0.000607830	0.000244294	0.001326060	0.000520181	0.003577712	0.004576140	0.002592943	0.000367274	-0.000170444	-0.000296671	-0.000289074	-0.000095688	0.000890766	-0.001064332	0.000427075	-0.000059606	-0.000345627	-0.024342323	0.000815319	-0.000017811	-0.000197282	0.001209074	-0.005005038	-0.058829131	-0.001508068	-0.001589348	0.000979306	-0.000899942	-0.000624265	-0.006224227	0.000151061	-0.000165098	-0.000826191	0.471131820	-0.451268126	-0.426707597	0.010210156	0.119669234	-0.161468553	-0.009360475	-0.099883904	-0.187158174	-0.000125521	-0.009999032	0.094038164	-0.007386814	-0.095887260	-0.184602208	0.035138850	-0.064606676	0.051786300	-0.000696898	-0.000039705	-0.011167537	0.000490740	0.000100595	-0.002512546	0.000991292	0.000763280	-0.002140284	-0.000068318	-0.000582244	-0.002592988		A8: R57*s(0)
-0.015653694	-0.024618558	-0.076681052	-0.165785922	-0.242853924	-0.046867625	-0.048875161	0.030414337	-0.186798599	-0.167993561	0.071243460	-0.271046751	-0.240370852	0.093711378	0.016684703	0.022367007	0.022585759	0.002067769	-0.039302850	0.123809817	0.075703256	0.066085098	-0.041842386	-0.228018826	-0.022131231	0.033114116	0.026527656	0.008343995	0.028700700	0.028583125	-0.055523595	-0.000611217	-0.000711771	-0.007270174	-0.033212872	-0.097780339	-0.006456623	-0.002724328	0.002268646	-0.054493392	-0.010424548	0.015372880	-0.200560401	-0.029123090	0.041255857	0.002892400	0.004050547	0.001216694	-0.005282696	-0.002805697	0.029571538	0.028974835	0.005958550	-0.052779861	-0.015754965	-0.005472736	0.005497634	0.000292093	0.006834836	0.002446358	-0.008156123	-0.003897500	-0.750228219	-0.829777558	-0.755993113	-0.638195319	-0.489743248	-0.012801677	-0.209955056	0.283001520	-0.004883881	-0.167432535	0.228005768	-0.001797210	-0.124509827	0.170002122	-0.023046556	0.000800784	0.040887994	0.015001814	-0.000943855	-0.003320899	-0.004760725	0.011082953	0.001218185	-0.002364961	0.003264280	-0.003944964	-0.081168143	-0.032008344	0.005778360	0.006267341	0.034201372	0.000167618	-0.000177796	-0.002676205	-0.016426061	-0.070307779	-0.000806367	-0.002478660	-0.005343131	-0.011340000	-0.027046322	0.001010125	-0.073725889	-0.148859249	0.027003432	0.000687987	0.000487823	0.000857498	0.001189827	-0.000651378	0.018021559	0.007865796	0.016234050	0.024149060	-0.024017425	-0.002595176	0.000936981	0.002626051	-0.002499953	0.002640388	0.003932497	0.002600142	-0.000345802	-0.006658652	-0.055405801	-0.001732903	-0.000289124	0.001649371	-0.005004906	-0.025456807	-0.091180522	-0.015840127	-0.000483284	-0.000271483	-0.000337400	-0.000920660	-0.018473684	0.000308850	-0.000179961	-0.000402812	-0.451268126	-0.461490212	-0.478497099	0.018413489	0.222870571	-0.301105396	-0.099883920	-0.257404186	-0.332462876	0.003736590	0.046598354	0.197446924	-0.096116198	-0.253349518	-0.329579142	0.126101951	-0.142073512	0.066607425	-0.000310697	-0.002348602	-0.039570739	0.000240809	-0.000449147	-0.001792004	0.000502590	0.000242122	-0.011077137	-0.000120091	-0.000352766	-0.002079259		A8: R58*s(0)
-0.236040851	-0.266742376	-0.294086714	-0.356119469	-0.394748494	-0.071731386	-0.076333440	0.042994151	-0.198462059	-0.181003726	0.053360882	-0.277512012	-0.243412202	0.051123257	0.028685049	0.009638815	0.009217718	-0.002295308	-0.028145072	0.174233332	0.025587133	0.023704405	-0.071341623	-0.196763772	-0.015185057	0.042332501	0.034039138	0.003622489	0.009862806	0.014720833	-0.093779658	-0.071189229	-0.084793292	-0.112154180	-0.147185322	-0.204243874	-0.052336330	-0.014449535	0.020865963	-0.124713374	0.000137781	0.031545222	-0.271398128	0.010101043	0.033745008	0.005021834	0.006542257	0.003934187	-0.010429771	0.003466394	0.050482285	0.015401473	0.004518954	-0.069015141	0.051413328	-0.002741409	0.017321216	-0.019320950	-0.000373113	-0.002353590	-0.007789454	0.025518996	-0.814449134	-0.892744393	-0.837428071	-0.740495522	-0.576305382	-0.009233764	-0.111461590	0.146599440	0.034011493	-0.082081179	0.135855023	0.077678105	-0.013907500	0.063984479	-0.017940172	0.000399751	0.034706568	0.011201102	-0.001841136	0.005856326	-0.008083525	0.050771418	-0.012138825	-0.044379901	0.001341827	-0.014725667	-0.143361359	-0.029346664	0.007870486	0.012942359	0.092600085	-0.030072007	-0.036881390	-0.059012874	-0.098552446	-0.167519216	-0.013162159	-0.033980286	0.009496682	-0.030656363	-0.116172848	0.017316942	-0.093693108	-0.257144102	0.024982741	0.010097521	0.001509936	0.005267151	0.014601435	-0.005560025	0.066489372	0.003831550	0.018032541	0.095202373	-0.034129982	-0.004924872	0.003736858	0.025693864	-0.005423884	0.001381902	0.008779570	0.033106194	-0.024342420	-0.055405402	-0.126892520	-0.016222529	0.009190097	0.025034093	-0.058828959	-0.091180515	-0.153059491	-0.025765585	0.018016865	-0.024653951	-0.003441505	-0.024743812	-0.077085558	-0.014583525	-0.008142945	0.003312473	-0.426707597	-0.478497099	-0.450204252	0.013561820	0.173153435	-0.235078358	-0.187158201	-0.332462952	-0.405181586	0.006382103	0.096707791	0.187777424	-0.185125300	-0.330100062	-0.399735287	0.158605532	-0.136986150	0.027650999	-0.013250393	-0.032460981	-0.099230567	0.005709812	-0.015619389	0.003154100	-0.002058312	-0.013115675	-0.054173962	-0.005760536	-0.005952499	0.001482737		A8: R59*s(0)
-0.001688697	0.002228916	0.034731818	0.047918370	0.031325556	0.028502489	0.032668188	-0.014890966	0.034552794	0.059655271	-0.025589517	-0.005660046	0.024546973	-0.008601397	-0.008578808	-0.012520529	-0.016778470	-0.006958037	0.026090101	-0.006729459	-0.001168616	-0.013173932	-0.028940949	0.022910815	0.019655840	-0.003913624	-0.005640448	0.013167832	-0.027914309	-0.033926606	0.007790792	0.000151905	-0.000095646	0.001651946	0.016588841	0.025631980	0.001214703	0.001911627	-0.002049405	0.031840550	0.008994235	-0.012007033	0.034319225	0.007091839	-0.010835377	-0.000936533	-0.001044212	-0.000317643	0.002552027	0.001156823	-0.017449873	-0.022252365	-0.005376744	0.036592873	0.015987623	0.003720839	-0.003213006	-0.000877421	-0.004254029	-0.001963843	0.006942436	0.003378706	0.032077008	0.036957957	0.022958079	0.017425197	0.011869484	-0.137109049	0.006093767	-0.007399243	-0.027307392	0.003403663	-0.003889696	-0.048522751	0.007615844	-0.007980117	-0.014787823	-0.085926524	0.021460821	0.013889931	0.073393107	-0.014980383	-0.242160436	0.015288223	0.020483200	0.195471186	0.030222398	0.344855938	-0.045537036	-0.059378304	-0.467001583	-0.211175011	0.037418456	0.000199418	-0.000149396	-0.000883551	0.003063303	0.009827645	0.000343962	-0.002274863	-0.001791546	0.002635654	0.005830204	-0.004103950	-0.001774451	0.022050962	-0.006699709	0.000175057	-0.000142817	-0.000521013	0.000207567	0.001712011	-0.005000425	-0.001319750	-0.005491293	-0.010942814	0.009327194	0.000683634	-0.000465995	-0.000169417	0.000762615	-0.000295960	-0.003067203	-0.000525951	-0.000816201	0.001732176	0.016215105	0.000238655	0.000542976	-0.000222383	0.001509688	0.015840728	0.025751122	0.006091464	-0.000349532	0.000360378	0.000466411	0.000241948	0.006977439	-0.000900096	0.000324787	-0.000350266	0.010210156	0.018413489	0.013561820	1.419631227	-0.008762674	0.011442562	-0.000123984	0.003739920	0.006385363	-0.037754555	0.000024502	-0.002992392	-0.049803323	-0.060110221	-0.020129220	0.017138104	-0.065052385	0.034350638	-0.000528721	-0.000763538	0.000625911	-0.000605055	-0.000501845	-0.000561636	0.001110062	0.000819812	0.002982705	0.000207477	-0.000680807	-0.000451085		A8: R60*p(0)
-0.000940779	0.001770534	0.036353498	0.078478785	0.095725460	0.033576247	0.027128101	-0.019546537	0.112443597	0.069882145	-0.045688461	0.119745109	0.067401305	-0.041079849	-0.010250337	-0.020628676	-0.017557012	0.006806315	0.029594639	-0.053629946	-0.049386464	-0.024939799	0.064167718	0.099557336	0.029090651	-0.015954334	-0.009248422	-0.013253402	-0.042918315	-0.013439074	0.052555603	0.000125937	-0.000105571	-0.000149842	0.006229272	0.026800481	-0.000269887	-0.000408472	0.000761038	0.013343158	-0.002091926	-0.003372626	0.065820890	-0.006544571	-0.013696684	-0.000464413	-0.000725935	0.000400059	0.001227537	0.000466542	-0.008612268	-0.011542418	0.002326616	0.021920663	-0.003330290	0.001687661	-0.001099331	-0.000354946	-0.002387089	0.000350624	0.003750285	-0.000228674	0.467768892	0.540099410	0.326268695	0.241975178	0.181487905	0.004362717	-0.070742180	-0.091683952	0.000618982	-0.017256940	-0.015233367	0.006121723	0.005606701	-0.076316134	-0.224349614	0.023389626	0.228460390	0.056626408	-0.012924353	-0.244330043	0.018454766	-0.020588031	-0.090232043	-0.001427101	0.428173117	-0.047816153	-0.323206519	0.089010829	0.019326402	-0.006636802	-0.104162261	0.000320296	-0.000235186	-0.001376008	0.007033853	0.033962943	-0.000834542	-0.001693117	-0.000452207	0.007170038	0.012506838	-0.005038224	0.040633472	0.066164481	-0.017224333	-0.000012355	-0.000144101	-0.000721443	0.000338197	0.001587575	-0.011151915	-0.005200269	-0.011067376	-0.011098484	0.021090038	0.001229201	-0.000585408	-0.000582284	0.001211717	-0.000930877	-0.002794293	0.000321470	-0.000019013	-0.000288506	0.009202466	-0.000542324	-0.000216337	0.000189499	-0.001588398	-0.000470789	0.018037549	0.000354411	-0.000182631	-0.000437230	0.000856458	0.000704097	0.004987849	-0.000166241	0.000084675	0.000320220	0.119669234	0.222870571	0.173153435	-0.008762674	1.304180911	0.157385128	-0.009998597	0.046599328	0.096708740	0.000025149	-0.042399980	-0.038725554	0.065758771	0.143331267	0.136594224	-0.105512564	0.094370269	-0.071094972	-0.001256026	-0.000085581	0.022286827	0.000473165	-0.000267572	-0.000056220	0.001283806	0.000993958	0.005583759	0.000018667	-0.000302755	0.000020075		A8: R60*p(1)
-0.000176307	-0.000455944	-0.020085073	-0.068215410	-0.108428783	-0.015340345	-0.017518697	0.005399412	-0.099183588	-0.090025637	0.007749356	-0.142861054	-0.125424714	0.014128852	0.012296625	0.006714470	0.006763210	0.002547154	-0.023007450	0.093912859	0.012239619	0.005632656	-0.022908396	-0.147528954	-0.014709690	0.033836846	0.032313034	0.001797595	0.015151043	0.034237025	-0.041571863	-0.000198047	0.000143633	0.000331216	-0.008039330	-0.036743224	0.000368345	0.000316323	-0.000454803	-0.016745099	-0.003239689	-0.000091689	-0.089927746	-0.013046448	0.001028554	0.000491917	0.000243672	-0.000118073	-0.000560471	-0.000590020	0.015683840	0.001779899	-0.000319740	-0.022097860	-0.010064715	-0.000910464	0.002194106	0.000705521	0.001046258	0.000322528	-0.002265961	-0.002118808	-0.631438475	-0.729090450	-0.440551981	-0.327535535	-0.247813815	-0.005288464	-0.092041052	-0.015100558	-0.000119255	-0.015093307	-0.009003249	-0.005142426	-0.075654852	0.049820194	0.138769821	-0.026221473	-0.371531673	-0.157207571	0.022677362	-0.113833655	-0.010111258	-0.137090356	-0.110734354	0.016250932	0.271695548	0.011218130	0.157847005	0.343562673	-0.047587302	-0.031227639	-0.148639198	0.000070167	-0.000046771	-0.000197580	-0.003106499	-0.025713520	0.000174540	0.000238482	-0.000099103	-0.002015614	-0.004554344	0.000482275	-0.031917028	-0.062283303	0.001903484	-0.000241707	0.000027610	0.000090033	-0.000124544	0.000473235	0.004766200	0.000733490	0.001508187	0.005396383	-0.005866562	-0.000242710	-0.000034833	-0.000073649	-0.000233309	0.000213649	-0.000054153	0.000172114	0.000196921	-0.001649846	-0.025034822	-0.000222279	-0.000189435	-0.000281441	0.000979191	-0.000271452	-0.024653596	-0.000360215	-0.000437474	0.000112094	-0.000514174	-0.000379060	-0.004871662	0.000055035	0.000028497	-0.000157102	-0.161468553	-0.301105396	-0.235078358	0.011442562	0.157385128	1.208485214	-0.094038257	-0.197446592	-0.187776720	0.002988126	0.038724160	0.211869845	-0.036778639	-0.127430656	-0.158658735	0.085653006	-0.107655613	0.022079367	-0.000263259	-0.000169601	-0.013283770	0.000246642	0.000246730	-0.000034822	0.000103492	-0.000020269	-0.002904896	-0.000142015	-0.000187369	-0.000045735		A8: R60*p(-1)
-0.000701963	0.000509889	-0.005986556	-0.056437155	-0.125396415	-0.002437272	-0.003617406	-0.006845395	-0.072435229	-0.081184181	-0.053302199	-0.155372706	-0.170971756	-0.102224556	0.002535895	-0.010030309	-0.010332357	0.004781105	-0.009687265	0.049356387	-0.085552660	-0.086550822	0.015469243	-0.130678152	0.023376953	0.004010142	0.005394333	-0.002761110	-0.035053037	0.027052152	-0.016879246	-0.000381720	0.000297311	0.001927710	-0.007374058	-0.050356372	0.002711710	-0.000052187	0.001948011	-0.013686700	-0.004608271	-0.003773107	-0.118442885	-0.030121935	-0.038256215	0.000245294	-0.000386604	-0.000306768	0.000271179	-0.000869074	0.011388217	-0.016258842	-0.004830135	-0.019198206	-0.012929943	0.001043745	0.000445140	0.000306638	-0.001911147	-0.000981472	-0.000358738	-0.001834301	-0.060741351	-0.147887208	-0.342335322	-0.355072545	-0.316061823	-0.014423827	-0.230084924	-0.311555658	-0.014276714	-0.224027455	-0.303413899	-0.012276506	-0.185344774	-0.250888888	-0.055173505	-0.006166045	-0.097456631	0.036475043	-0.004331057	-0.030838127	-0.004056597	-0.055633177	0.022306362	-0.002622623	0.021377505	0.014142963	0.193948726	-0.130914108	0.018695006	-0.008859665	-0.040349825	0.000354065	-0.000213604	-0.001281054	-0.001885362	-0.025228519	-0.000172448	-0.001618691	0.007944535	-0.000220984	-0.002334612	0.006994908	-0.029685411	-0.065108602	-0.017926792	-0.000009510	-0.000105074	0.000607899	0.000244487	0.001326256	0.000519491	-0.003577280	-0.004576141	0.002592383	0.000368079	0.000169653	-0.000294732	-0.000289668	0.000094432	-0.000890974	-0.001065198	0.000426638	0.001209246	-0.005005653	-0.058832001	-0.001508462	-0.001589552	-0.000979242	-0.000059662	-0.000345484	-0.024341762	0.000814548	-0.000018483	0.000196506	-0.000899981	-0.000624167	-0.006224369	0.000151525	-0.000165627	0.000825628	-0.009360475	-0.099883920	-0.187158201	-0.000123984	-0.009998597	-0.094038257	0.471131672	-0.451268335	-0.426707709	0.010207339	0.119668438	0.161469542	-0.007386562	-0.095886750	-0.184601910	0.035139358	-0.064605790	-0.051785952	-0.000697030	-0.000039836	-0.011166653	0.000490921	0.000099857	0.002512791	0.000991333	0.000763232	-0.002140056	-0.000068235	-0.000582452	0.002592920		A9: R61*s(0)
-0.015653494	-0.024618252	-0.076680547	-0.165785433	-0.242853644	-0.046866783	-0.048874462	-0.030415311	-0.186796932	-0.167992628	-0.071248253	-0.271044872	-0.240370222	-0.093718658	0.016683456	-0.022367799	-0.022586699	0.002068015	-0.039302116	0.123805894	-0.075710191	-0.066091030	-0.041841451	-0.228016868	0.022133383	0.033112216	0.026526551	-0.008344489	-0.028703697	0.028583134	-0.055522723	-0.000611262	-0.000711837	-0.007270517	-0.033213714	-0.097781529	-0.006456616	-0.002724738	-0.002268897	-0.054494429	-0.010424833	-0.015373325	-0.200561765	-0.029123294	-0.041256426	0.002893044	-0.004050495	-0.001216974	-0.005282813	-0.002804479	0.029571830	-0.028975102	-0.005958790	-0.052780580	-0.015755031	0.005473392	0.005497927	0.000292205	-0.006836148	-0.002446282	-0.008156194	-0.003898010	-0.750228876	-0.829778222	-0.755993540	-0.638195553	-0.489743426	-0.012796932	-0.209953608	-0.283002839	-0.004880032	-0.167431361	-0.228006581	-0.001794248	-0.124508946	-0.170002750	-0.023047051	-0.000799848	-0.040888059	0.015001640	-0.000943161	-0.003320978	0.004760752	-0.011083152	0.001218223	-0.002364839	-0.003265729	-0.003944009	-0.081168323	0.032008394	-0.005775472	0.006266685	0.034201214	0.000167637	-0.000177796	-0.002676076	-0.016425374	-0.070306413	-0.000806284	-0.002479034	0.005342201	-0.011339350	-0.027045417	-0.001011121	-0.073724088	-0.148856679	-0.027009503	0.000688184	-0.000487460	-0.000857870	0.001189947	-0.000651067	0.018019655	-0.007866364	-0.016235940	0.024147917	-0.024015652	0.002594288	0.000938838	0.002624768	0.002498298	-0.002641055	0.003931188	0.002599533	-0.005005637	-0.025458811	-0.091183971	-0.015841683	-0.000483216	0.000271523	-0.000345726	-0.006658340	-0.055404819	-0.001733723	-0.000290018	-0.001650470	-0.000337394	-0.000920651	-0.018474200	0.000309272	-0.000180624	0.000401669	-0.099883904	-0.257404186	-0.332462952	0.003739920	0.046599328	-0.197446592	-0.451268335	-0.461490504	-0.478497302	0.018408333	0.222869085	0.301107146	-0.096115605	-0.253348930	-0.329578845	0.126102748	-0.142072780	-0.066606674	-0.000310622	-0.002348363	-0.039569329	0.000240897	-0.000449716	0.001792101	0.000502637	0.000242095	-0.011076737	-0.000119888	-0.000353067	0.002079194		A9: R62*s(0)
-0.236039890	-0.266741311	-0.294085740	-0.356118745	-0.394748232	-0.071730359	-0.076333116	-0.042995801	-0.198460391	-0.181004172	-0.053366282	-0.277510238	-0.243413233	-0.051131373	0.028684540	-0.009639604	-0.009219788	-0.002295296	-0.028144729	0.174231944	-0.025594095	-0.023713893	-0.071341620	-0.196762558	0.015187789	0.042331521	0.034038360	-0.003625180	-0.009866047	0.014720630	-0.093779226	-0.071191229	-0.084795586	-0.112156710	-0.147187695	-0.204245671	-0.052337082	-0.014450091	-0.020866639	-0.124714196	0.000137206	-0.031545050	-0.271398517	0.010100379	-0.033744094	0.005022152	-0.006542007	-0.003934983	-0.010429727	0.003467008	0.050482501	-0.015399305	-0.004521321	-0.069014877	0.051413361	0.002741413	0.017321432	-0.019321383	0.000373087	0.002352382	-0.007789266	0.025519127	-0.814449365	-0.892744632	-0.837428199	-0.740495483	-0.576305372	-0.009231295	-0.111460846	-0.146599966	0.034013761	-0.082080702	-0.135854222	0.077679603	-0.013907851	-0.063982893	-0.017940547	-0.000399020	-0.034706878	0.011200911	-0.001840537	0.005856000	0.008082727	-0.050773237	-0.012139246	-0.044378843	-0.001345027	-0.014724889	-0.143361730	0.029347256	-0.007864593	0.012941714	0.092599952	-0.030070614	-0.036879746	-0.059010821	-0.098550296	-0.167517458	-0.013161436	-0.033979142	-0.009498417	-0.030655346	-0.116170963	-0.017322085	-0.093691859	-0.257142608	-0.024994841	0.010097022	-0.001509778	-0.005269125	0.014601120	-0.005559725	0.066487267	-0.003833136	-0.018043111	0.095201185	-0.034129322	0.004927192	0.003737665	0.025692218	0.005426375	-0.001383367	0.008778847	0.033105215	-0.058832025	-0.091183808	-0.153063131	-0.025765360	0.018018198	0.024654450	-0.024341797	-0.055405038	-0.126891884	-0.016223372	0.009189172	-0.025035082	-0.003441775	-0.024744650	-0.077086847	-0.014583862	-0.008143614	-0.003313721	-0.187158174	-0.332462876	-0.405181586	0.006385363	0.096708740	-0.187776720	-0.426707709	-0.478497302	-0.450204599	0.013557801	0.173152277	0.235079614	-0.185124915	-0.330099698	-0.399734915	0.158605858	-0.136985938	-0.027649958	-0.013249501	-0.032459533	-0.099228792	0.005709539	-0.015618865	-0.003154668	-0.002058224	-0.013115252	-0.054173024	-0.005760146	-0.005952298	-0.001483129		A9: R63*s(0)
-0.001688688	0.002228871	0.034731086	0.047916811	0.031323330	0.028501909	0.032667475	0.014892484	0.034550633	0.059653747	0.025591743	-0.005663030	0.024545498	0.008602162	-0.008577934	0.012520756	0.016778491	-0.006958009	0.026089163	-0.006727696	0.001168994	0.013173880	-0.028941058	0.022908633	-0.019656086	-0.003912169	-0.005638436	-0.013168759	0.027914932	-0.033925281	0.007789575	0.000151861	-0.000095612	0.001652401	0.016589572	0.025631891	0.001214540	0.001911792	0.002048724	0.031840682	0.008994577	0.012006521	0.034317151	0.007091787	0.010834666	-0.000936494	0.001044456	0.000317352	0.002552106	0.001157128	-0.017449884	0.022253320	0.005375967	0.036593091	0.015987851	-0.003721067	-0.003213082	-0.000877360	0.004254072	0.001963957	0.006942633	0.003378879	0.032066343	0.036945628	0.022950602	0.017419579	0.011865094	-0.137109277	0.006092115	0.007397207	-0.027307329	0.003403427	0.003889565	-0.048522915	0.007614913	0.007978797	-0.014783175	0.085928378	-0.021453331	0.013885698	0.073393625	-0.014975294	0.242162518	-0.015282959	0.020477131	0.195470513	-0.030213388	0.344863254	-0.045521933	0.059358704	0.467003361	-0.211173890	0.037405865	0.000199185	-0.000149769	-0.000884336	0.003062119	0.009826127	0.000343446	-0.002274730	0.001792836	0.002634620	0.005829975	0.004105866	-0.001775779	0.022049796	0.006701680	0.000175098	0.000143138	0.000520879	0.000207544	0.001712239	-0.004999686	0.001320256	0.005491896	-0.010942263	0.009327224	-0.000683916	-0.000465977	-0.000169270	-0.000763232	0.000295836	-0.003067192	-0.000525845	0.001509312	0.015841644	0.025751046	0.006092411	-0.000349477	-0.000360570	-0.000815268	0.001733138	0.016215209	0.000238446	0.000542551	0.000222167	0.000466679	0.000242387	0.006977943	-0.000900073	0.000325054	0.000350304	-0.000125521	0.003736590	0.006382103	-0.037754555	0.000025149	0.002988126	0.010207339	0.018408333	0.013557801	1.419631517	-0.008759977	-0.011439016	-0.049803708	-0.060112418	-0.020132171	0.017140120	-0.065053745	-0.034351200	-0.000529819	-0.000764977	0.000624445	-0.000604899	-0.000502124	0.000562448	0.001110119	0.000819674	0.002982131	0.000207478	-0.000680843	0.000451557		A9: R64*p(0)
-0.000940778	0.001770504	0.036353144	0.078478337	0.095725015	0.033575572	0.027127466	0.019547972	0.112442085	0.069880898	0.045692138	0.119743591	0.067399857	0.041083402	-0.010249262	0.020629218	0.017557213	0.006805999	0.029593739	-0.053627516	0.049390829	0.024941569	0.064166565	0.099555903	-0.029091630	-0.015951731	-0.009246480	0.013253668	0.042920162	-0.013438902	0.052554118	0.000125939	-0.000105575	-0.000149816	0.006229446	0.026800702	-0.000269967	-0.000408442	-0.000761464	0.013343426	-0.002092154	0.003372217	0.065821025	-0.006544986	0.013696509	-0.000464680	0.000725928	-0.000400206	0.001227580	0.000466196	-0.008612462	0.011542912	-0.002327383	0.021921058	-0.003330660	-0.001687885	-0.001099463	-0.000354932	0.002387454	-0.000350795	0.003750354	-0.000228656	0.467766356	0.540096291	0.326266625	0.241973638	0.181486754	0.004361129	-0.070743241	0.091683535	0.000618727	-0.017257048	0.015233340	0.006120372	0.005605716	0.076316173	-0.224352004	-0.023382084	-0.228456979	0.056624621	-0.012920209	-0.244331061	-0.018449302	0.020591399	-0.090232490	-0.001427170	-0.428181096	-0.047800840	-0.323199782	-0.089015335	-0.019319042	-0.006635253	-0.104162208	0.000320358	-0.000234990	-0.001375496	0.007034013	0.033962631	-0.000834440	-0.001693456	0.000452890	0.007169546	0.012505584	0.005039628	0.040632280	0.066162642	0.017228312	-0.000012401	0.000144131	0.000721520	0.000338175	0.001587461	-0.011150518	0.005200981	0.011068659	-0.011097642	0.021088668	-0.001229260	-0.000585435	-0.000581832	-0.001211598	0.000931153	-0.002794012	0.000321485	-0.001588844	-0.000471311	0.018037936	0.000354534	-0.000182527	0.000437205	-0.000018631	-0.000288039	0.009202397	-0.000542157	-0.000216367	-0.000189132	0.000856486	0.000704143	0.004988076	-0.000166397	0.000084900	-0.000319946	-0.009999032	0.046598354	0.096707791	0.000024502	-0.042399980	0.038724160	0.119668438	0.222869085	0.173152277	-0.008759977	1.304182360	-0.157384952	0.065758048	0.143330316	0.136593359	-0.105512851	0.094368910	0.071093885	-0.001255873	-0.000085299	0.022286351	0.000472828	-0.000267390	0.000056450	0.001284067	0.000994402	0.005584009	0.000018632	-0.000302493	-0.000019739		A9: R64*p(1)
0.000176270	0.000455985	0.020085818	0.068216672	0.108429850	0.015340757	0.017519387	0.005399975	0.099184653	0.090026981	0.007752519	0.142861615	0.125425062	0.014132801	-0.012296413	0.006715344	0.006764249	-0.002547276	0.023007723	-0.093912754	0.012244840	0.005637250	0.022907987	0.147529706	-0.014712450	-0.033835894	-0.032312324	0.001797696	0.015154689	-0.034237638	0.041571860	0.000198084	-0.000143663	-0.000331439	0.008039286	0.036743505	-0.000368095	-0.000316497	-0.000454695	0.016746052	0.003239524	-0.000091541	0.089929178	0.013046296	0.001028800	-0.000492136	0.000243457	-0.000117986	0.000560478	0.000589839	-0.015684435	0.001779905	-0.000319677	0.022098720	0.010064910	-0.000910703	-0.002194277	-0.000705633	0.001046717	0.000322494	0.002266174	0.002118915	0.631442587	0.729094938	0.440554467	0.327537401	0.247815159	0.005286397	0.092040789	-0.015099541	0.000118925	0.015093369	-0.009002985	0.005140845	0.075654634	0.049821128	-0.138775381	-0.026213515	-0.371533400	0.157206734	-0.022669760	0.113830753	-0.010108678	-0.137092144	0.110733624	-0.016245221	0.271690615	-0.011214953	-0.157856702	0.343563630	-0.047572270	0.031216561	0.148638063	-0.000070228	0.000046736	0.000197711	0.003106824	0.025714078	-0.000174357	-0.000238745	-0.000099029	0.002015986	0.004554079	0.000482272	0.031917350	0.062283504	0.001906257	0.000241665	0.000027217	0.000090498	0.000124610	-0.000473291	-0.004766198	0.000733648	0.001508942	-0.005396475	0.005866391	-0.000242297	0.000034445	0.000073907	-0.000232715	0.000213951	0.000054261	-0.000172272	-0.000979377	0.000271383	0.024654679	0.000360301	0.000437385	0.000112264	-0.000197241	0.001649308	0.025033977	0.000222504	0.000189603	-0.000281322	0.000514036	0.000378808	0.004871494	-0.000055140	-0.000028505	-0.000156665	0.094038164	0.197446924	0.187777424	-0.002992392	-0.038725554	0.211869845	0.161469542	0.301107146	0.235079614	-0.011439016	-0.157384952	1.208482782	0.036777954	0.127430406	0.158659209	-0.085653535	0.107654775	0.022078922	0.000263753	0.000170195	0.013284281	-0.000246769	-0.000246811	-0.000034991	-0.000103463	0.000020348	0.002905119	0.000142120	0.000187449	-0.000045682		A9: R64*p(-1)
-0.000815386	0.000597841	-0.004934426	-0.054925951	-0.124352885	-0.004810057	0.000783323	-0.000000174	-0.116556445	-0.007434436	-0.000001208	-0.250285574	-0.020207905	-0.000002359	0.004857616	-0.000000193	0.000000052	-0.016507236	0.002583202	0.082371400	-0.000002791	-0.000000233	-0.159813494	-0.025919967	0.000000603	0.026458458	0.001589746	-0.000000882	-0.000000032	-0.043587400	-0.012100488	0.000599276	-0.000452365	-0.002985822	-0.001188896	-0.013333544	-0.004080684	0.001329941	-0.000000038	-0.000395186	0.002135299	0.000000047	-0.043787523	0.012326702	-0.000000073	-0.000547365	0.000000089	-0.000000033	0.000981518	0.001319378	-0.003284210	0.000000085	-0.000000059	0.005103697	0.003875256	0.000000131	-0.000608423	-0.000424566	-0.000000392	0.000000113	0.001610422	0.000508411	-0.062859140	-0.151479079	-0.345950984	-0.357548570	-0.317642375	-0.315095952	0.229448786	-0.000001191	-0.305126875	0.221735180	-0.000001177	-0.251992188	0.182783513	-0.000000996	0.057125033	-0.000000426	0.000000395	-0.031429158	0.095110829	0.031107614	-0.000000172	0.000000276	-0.020407131	0.054096242	-0.000001079	-0.120725003	0.088491352	0.000000421	-0.000001423	-0.056623663	-0.185023394	-0.000775422	0.000561483	0.003212424	-0.013032887	-0.066037515	0.002262073	0.003308410	0.000000268	-0.023664034	-0.015707278	-0.000000400	-0.128076308	-0.092822593	-0.000003275	0.000433544	0.000000043	0.000000018	-0.001489354	-0.000689092	0.026157348	-0.000001540	-0.000001110	-0.016129948	-0.041836407	0.000000085	0.002122621	0.001771662	-0.000000496	-0.000000348	-0.000001941	-0.004962219	-0.000900068	-0.000337435	-0.003441785	-0.000467201	0.000856164	0.000514012	-0.000899832	-0.000337488	-0.003441569	-0.000467198	0.000856061	-0.000514556	0.001776906	0.001182531	-0.000903826	-0.001165044	0.000642555	-0.000000073	-0.007386814	-0.096116198	-0.185125300	-0.049803323	0.065758771	-0.036778639	-0.007386562	-0.096115605	-0.185124915	-0.049803708	0.065758048	0.036777954	0.471162598	-0.451937951	-0.427151319	0.165892534	-0.118594133	0.000000653	0.000755503	-0.012584017	-0.081297669	-0.004155131	-0.002422844	0.000000050	-0.001449930	-0.000970556	-0.007918675	0.000069077	0.000170272	0.000000070		A10: R65*s(0)
-0.014850214	-0.023254531	-0.074159686	-0.164018299	-0.242482578	-0.070345725	-0.008887236	-0.000000786	-0.250147115	-0.064557831	-0.000002653	-0.360863152	-0.098318488	-0.000003700	0.024583431	-0.000000810	-0.000000142	-0.044156834	-0.011033822	0.140684200	-0.000004637	-0.000001793	-0.193370023	-0.143946425	0.000001223	0.047769022	0.016310740	-0.000001319	-0.000001130	-0.033531905	-0.058135286	0.000426518	-0.000312503	-0.002491227	-0.008772327	-0.051015837	-0.002847801	0.000890119	-0.000000066	-0.014740491	0.004304747	0.000000026	-0.131894720	0.019794704	-0.000000076	-0.000343007	0.000000145	-0.000000051	0.000297957	0.000929530	0.008903906	0.000000117	-0.000000053	-0.014977384	0.010318184	0.000000242	0.000861341	-0.000512116	-0.000000606	0.000000176	-0.000638780	0.001704910	-0.757594486	-0.837222330	-0.760176392	-0.640028548	-0.490827701	-0.285779668	0.207066563	-0.000001006	-0.224404816	0.168411564	-0.000000656	-0.165125695	0.128054500	-0.000000439	0.025437014	-0.000000117	0.000000144	-0.012814864	0.041613238	0.010478364	0.000000033	-0.000000105	-0.002335359	0.006731142	-0.000000045	0.031208518	-0.054427732	-0.000000201	0.000000962	0.016045390	0.070887743	-0.001601119	-0.002200260	-0.014347942	-0.048164458	-0.117947259	-0.013674150	-0.006680541	-0.000000180	-0.061121398	-0.050184821	-0.000001536	-0.165557832	-0.162829630	-0.000004961	0.007333404	-0.000000272	-0.000000374	-0.003419737	-0.010755876	0.045976099	-0.000002355	-0.000002488	-0.003283784	-0.070648992	0.000000566	0.009689221	0.008878533	-0.000000611	-0.000001163	0.007994181	-0.009370510	-0.000624224	-0.000920503	-0.024744519	-0.000242955	0.000703991	0.000378689	-0.000623887	-0.000920470	-0.024743657	-0.000242976	0.000703798	-0.000379473	0.001183213	0.000794173	-0.008069091	-0.000867235	0.000322739	-0.000000288	-0.095887260	-0.253349518	-0.330100062	-0.060110221	0.143331267	-0.127430656	-0.095886750	-0.253348930	-0.330099698	-0.060112418	0.143330316	0.127430406	-0.451937951	-0.462189445	-0.478946038	0.308056869	-0.220675882	0.000001246	-0.012874728	-0.042478254	-0.115228106	-0.013402402	-0.024737861	-0.000000680	-0.000410827	-0.001406976	-0.021920422	-0.000129261	0.000552035	0.000000047		A10: R66*s(0)
-0.231589383	-0.261857617	-0.291797519	-0.357051718	-0.396911366	-0.113168268	-0.007463207	-0.000000909	-0.267181693	-0.062538978	-0.000001897	-0.354852642	-0.113745770	-0.000002718	0.033108701	-0.000000560	-0.000001064	-0.016492284	-0.016613966	0.181146349	-0.000003891	-0.000005223	-0.099825767	-0.175223634	0.000000505	0.054853798	0.011086913	-0.000002599	-0.000002159	0.001455736	-0.102061747	-0.014984011	-0.018966534	-0.033038270	-0.065679110	-0.137749988	-0.021675174	0.005066086	-0.000000065	-0.084085617	0.028752318	0.000000385	-0.246468665	0.057893078	0.000000826	0.004775574	0.000000179	-0.000000107	-0.006752404	0.005689752	0.049626217	0.000000955	-0.000000573	-0.056978952	0.056863935	0.000000053	0.012713503	-0.007595574	-0.000000445	-0.000000234	-0.003593034	0.017750332	-0.817028716	-0.895437116	-0.838686504	-0.740044300	-0.575842571	-0.150254213	0.103653257	-0.000000463	-0.099665575	0.121319590	0.000000360	0.004332724	0.103174204	0.000001397	0.023825485	-0.000000139	0.000000002	-0.011461511	0.034380017	0.071566759	-0.000001154	-0.000001056	-0.025729045	0.001955333	-0.000000943	0.019491936	-0.119287494	-0.000000042	0.000002547	0.016091527	0.125929463	-0.102959859	-0.120932548	-0.153263583	-0.187522700	-0.234476520	-0.061631679	-0.043006102	-0.000001763	-0.093694964	-0.118421528	-0.000003729	-0.158724625	-0.235929978	-0.000006647	0.021158579	-0.000000150	-0.000001476	0.009413809	-0.007259335	0.082691530	-0.000001118	-0.000006409	0.081784536	-0.040805036	0.000001672	0.014274764	0.027643310	0.000002145	-0.000001458	0.015885750	0.047987038	-0.006224566	-0.018474435	-0.077087439	-0.006981862	0.004982772	0.004871574	-0.006224114	-0.018474013	-0.077086153	-0.006981781	0.004982315	-0.004872130	-0.000903887	-0.008069896	-0.045178098	-0.005132872	-0.000957357	-0.000000493	-0.184602208	-0.329579142	-0.399735287	-0.020129220	0.136594224	-0.158658735	-0.184601910	-0.329578845	-0.399734915	-0.020132171	0.136593359	0.158659209	-0.427151319	-0.478946038	-0.452702572	0.238775671	-0.171811136	0.000000979	-0.082909624	-0.119132142	-0.180557775	0.023826588	-0.045363903	-0.000001332	-0.005259922	-0.032064998	-0.087789952	-0.019597147	-0.010568796	-0.000000431		A10: R67*s(0)
-0.001439330	0.002484542	0.051732666	0.111424654	0.133969683	0.064955832	0.011527993	0.000000810	0.187436243	0.053986732	0.000002426	0.182920834	0.063962070	0.000002505	-0.027960796	0.000001029	0.000000140	0.048005577	0.014510151	-0.089412571	0.000003554	0.000001391	0.118524433	0.113135533	-0.000001864	-0.065507937	-0.015744723	0.000002027	0.000001044	0.061458082	0.053465967	0.000197197	-0.000175382	-0.001450760	0.002819963	0.030391509	-0.003134017	0.001256947	0.000000350	0.004632612	0.000127805	0.000000416	0.078647446	-0.011301939	0.000000378	0.000247043	-0.000000010	-0.000000014	0.000384259	0.000910608	-0.006441756	0.000000057	0.000000020	0.013039667	-0.002958742	-0.000000091	-0.000075952	-0.000334840	0.000000067	-0.000000057	0.001867701	-0.000262324	0.650113067	0.747647995	0.448826879	0.333209578	0.249835223	-0.013627478	-0.089501682	0.000000443	-0.005273981	-0.014676355	0.000000072	0.057114657	-0.073609652	0.000000491	0.210396602	-0.000001871	0.000001788	-0.052127004	0.376764655	0.039981586	-0.000000626	0.000001377	0.148264718	0.137582385	0.000002542	0.108391781	-0.182918289	0.000000702	0.000003381	0.418530554	0.132850937	0.000240198	-0.000150118	0.003600344	0.025815632	0.058776795	0.003565762	0.002287958	0.000000090	0.037657392	0.036620047	0.000001288	0.073349862	0.093837051	0.000002933	-0.002419526	0.000000194	0.000000131	0.000739486	0.006315155	-0.033696698	0.000002147	0.000002137	-0.003503605	0.063954598	-0.000000692	-0.009279143	-0.007612726	0.000000173	0.000000996	-0.010294408	0.012754819	-0.000151512	-0.000309461	0.014589950	-0.000899814	0.000165632	0.000055250	-0.000151982	-0.000309888	0.014589192	-0.000899792	0.000165730	-0.000055122	0.001164354	0.000866659	0.005133038	-0.000478597	0.000598636	0.000000273	0.035138850	0.126101951	0.158605532	0.017138104	-0.105512564	0.085653006	0.035139358	0.126102748	0.158605858	0.017140120	-0.105512851	-0.085653535	0.165892534	0.308056869	0.238775671	1.201555256	0.158506443	-0.000000854	-0.000182819	0.014484737	0.045759052	0.004347284	0.009521923	0.000000301	0.001161859	0.000915124	0.010848219	-0.000243095	-0.000552285	0.000000055		A10: R68*p(0)
-0.001225747	0.001054673	0.006788974	-0.021217883	-0.062344675	0.011158574	0.000126298	-0.000000044	-0.045575702	-0.042319027	-0.000000840	-0.120373705	-0.068445933	-0.000001698	-0.001241984	0.000000183	-0.000000100	0.002944474	-0.006831253	0.052988534	-0.000001204	-0.000001163	-0.054779652	-0.099588340	0.000000325	0.008198674	0.011514248	-0.000000155	-0.000000467	0.003961109	-0.039655804	0.000142553	-0.000114677	-0.000684436	-0.001011742	-0.013342470	-0.001254039	0.000954404	-0.000000763	-0.001169166	0.000806069	-0.000000970	-0.039235067	-0.003914093	-0.000000758	-0.000136082	-0.000000021	-0.000000204	0.000829436	0.000491517	0.000140218	-0.000000096	-0.000000305	0.001414702	-0.000546897	0.000000145	-0.000316371	-0.000266120	-0.000000141	0.000000129	0.001520350	-0.000376155	-0.469079566	-0.539636927	-0.324019651	-0.240925547	-0.182547294	-0.087731430	-0.072832553	-0.000000241	-0.011882060	-0.016627628	0.000000008	-0.071724653	0.002305914	-0.000000379	-0.160350727	0.000001835	-0.000000720	0.176347023	-0.221327632	-0.042365748	0.000001526	0.000000338	0.260827335	0.030847785	-0.000001764	-0.191462972	-0.026225618	0.000003003	-0.000001260	0.417435926	-0.322416293	-0.000203070	0.000186025	0.004469525	0.012067741	-0.008837565	0.006265278	0.000471630	-0.000000087	0.024120879	0.007134973	0.000000417	-0.026037154	-0.045640293	-0.000001042	-0.001639740	0.000000183	-0.000000039	0.001056682	0.002846200	-0.011073011	0.000001067	0.000000332	0.016427714	0.014551845	-0.000000501	-0.006768261	-0.003383361	-0.000000102	0.000000418	-0.001569521	0.008376870	-0.000165950	-0.000180917	-0.008132026	-0.000325867	0.000084857	-0.000028460	-0.000164867	-0.000179732	-0.008131050	-0.000325796	0.000084342	0.000028365	0.000643575	0.000323344	-0.000953035	-0.000599484	0.000439364	-0.000000239	-0.064606676	-0.142073512	-0.136986150	-0.065052385	0.094370269	-0.107655613	-0.064605790	-0.142072780	-0.136985938	-0.065053745	0.094368910	0.107654775	-0.118594133	-0.220675882	-0.171811136	0.158506443	1.308026834	0.000000603	0.004788507	0.023472486	-0.000894528	0.006673635	0.013449548	0.000000525	-0.000577090	-0.000442270	0.002231683	0.000092643	-0.000975259	-0.000000058		A10: R68*p(1)
-0.000000004	0.000000016	0.000000342	0.000000604	0.000000525	0.000000807	0.000000077	-0.008997553	0.000001856	0.000000245	-0.034283462	0.000001424	0.000000162	-0.037361462	-0.000000422	-0.010810587	-0.002766559	0.000000471	0.000000218	-0.000001382	-0.056804680	-0.017115673	0.000000933	0.000000994	0.021945740	-0.000001465	-0.000000258	-0.024639177	-0.010359861	0.000000717	0.000000448	0.000000014	-0.000000102	-0.000000461	-0.000000511	-0.000000358	-0.000000083	-0.000000041	0.001193023	-0.000000169	0.000000072	-0.000097243	0.000000081	-0.000000009	-0.010019596	0.000000095	-0.000411010	0.000303507	0.000000037	0.000000154	0.000000020	-0.004191734	0.000724331	0.000000070	-0.000000002	0.000587502	0.000000042	0.000000034	-0.000791332	0.000184964	0.000000045	0.000000020	0.000002412	0.000002780	0.000001707	0.000001287	0.000000917	0.000000514	-0.000000329	-0.138157004	0.000000233	-0.000000090	-0.026979295	0.000000689	-0.000000318	-0.051714776	0.000001311	0.093010464	-0.076537343	-0.000000553	0.000001753	0.000001681	0.251543576	-0.196973833	-0.000000486	0.000001328	-0.385757562	0.000004902	-0.000003451	0.159622722	-0.474588317	0.000000832	0.000002644	-0.000000005	0.000000010	0.000000161	0.000000575	0.000000691	0.000000189	0.000000038	0.000032933	0.000001099	0.000000705	-0.007182850	0.000001096	0.000000823	-0.017554624	-0.000000057	-0.000488467	-0.000683680	0.000000062	0.000000144	-0.000001347	-0.014101349	-0.012305984	0.000000277	0.000001563	0.003027249	-0.000000220	-0.000000447	-0.000379636	-0.003368768	-0.000000314	0.000000338	0.000825666	0.000401829	-0.003313488	-0.000350014	-0.000320244	-0.000156641	-0.000825842	-0.000402329	0.003312827	0.000349713	0.000320271	-0.000157174	-0.000000093	-0.000000197	-0.000000280	-0.000000083	-0.000000132	0.000436210	0.051786300	0.066607425	0.027650999	0.034350638	-0.071094972	0.022079367	-0.051785952	-0.066606674	-0.027649958	-0.034351200	0.071093885	0.022078922	0.000000653	0.000001246	0.000000979	-0.000000854	0.000000603	1.422585735	0.000000168	0.000000848	0.000000902	0.000000252	0.000000462	-0.001252959	-0.000000028	-0.000000030	0.000000135	0.000000134	-0.000000075	0.000232286		A10: R68*p(-1)
-0.001295593	0.000912479	-0.005627339	-0.064047639	-0.136204652	-0.006178779	0.002904836	0.000000153	-0.061004595	0.121574158	0.000003445	-0.113658873	0.240301030	0.000006694	0.005719994	0.000000569	-0.000000437	0.006149535	0.020481985	0.093252653	0.000003973	-0.000007571	0.114927489	0.142817890	-0.000002018	0.015320131	-0.029643532	-0.000001730	-0.000002501	0.054820190	-0.013195749	0.000661285	-0.000510147	-0.003383801	-0.001649108	-0.014861024	-0.003556206	0.003960904	-0.000000110	-0.002206886	0.000651007	-0.000000012	-0.032841809	0.036373410	0.000000940	0.000287343	0.000000017	0.000000058	-0.001370251	-0.000359504	-0.001943095	-0.000000015	0.000000263	-0.005026849	-0.003220999	0.000000223	-0.000382728	0.001169196	-0.000000120	-0.000000459	-0.001716599	0.000882002	-0.000734686	0.000557246	0.003574537	-0.009102274	-0.058468895	-0.002541758	-0.004872234	0.000000047	0.000947058	0.019038191	0.000000684	0.020932920	0.142037097	0.000003752	-0.000117347	0.000000027	-0.000000045	0.000623833	0.000796578	0.019376511	-0.000000186	-0.000001743	0.032913326	-0.007592617	-0.000000112	-0.000404627	-0.001920267	-0.000000119	0.000000036	0.000061284	-0.003388917	-0.065461185	-0.156957118	-0.353763860	-0.364962083	-0.324075809	-0.332199643	0.203882699	0.000005594	-0.318185158	0.194591973	0.000005360	-0.261864597	0.159382242	0.000004403	0.052257750	0.000002391	-0.000001206	-0.044623813	0.086940325	0.024019069	0.000001473	-0.000000439	-0.023714334	0.052726166	0.000005154	-0.128818222	0.078587581	-0.000003405	0.000006040	-0.015421748	-0.200136426	0.000991390	0.000502667	-0.002058140	-0.001111022	0.001282861	-0.000103423	0.000991252	0.000502568	-0.002058344	-0.001110297	0.001283035	0.000103546	-0.001449790	-0.000410726	-0.005259640	-0.001161368	-0.000577807	-0.000000009	-0.000696898	-0.000310697	-0.013250393	-0.000528721	-0.001256026	-0.000263259	-0.000697030	-0.000310622	-0.013249501	-0.000529819	-0.001255873	0.000263753	0.000755503	-0.012874728	-0.082909624	-0.000182819	0.004788507	0.000000168	0.470715643	-0.452622336	-0.429390532	0.177159537	-0.108100204	-0.000002923	0.002243113	-0.076748421	-0.173915665	-0.068446214	0.010568261	0.000000264		A11: R69*s(0)
-0.019506772	-0.029176116	-0.093189505	-0.196161001	-0.264622348	-0.034942754	0.081087316	0.000002221	-0.084247824	0.297026388	0.000008171	-0.106226089	0.370544184	0.000010214	0.032157173	0.000001135	-0.000002747	0.044743098	0.041612618	0.164781926	0.000003326	-0.000014955	0.260236865	0.121984063	-0.000005243	0.013793758	-0.077454190	-0.000006412	-0.000002396	0.052359557	-0.090778226	0.000483188	-0.000363441	-0.002897169	-0.009931485	-0.053972043	-0.002646410	0.002998343	-0.000000023	-0.012076962	0.013145778	0.000000479	-0.084936136	0.110985991	0.000002906	0.000257952	0.000000012	0.000000068	-0.000795110	0.000024652	0.010897672	0.000000477	-0.000000333	0.000294579	0.019155388	0.000000199	0.000481451	-0.000101745	-0.000000190	-0.000000712	0.000587184	0.001820770	-0.001123977	-0.001101730	-0.009205270	-0.039698044	-0.108423290	-0.001748782	0.009547027	0.000000282	0.012844864	0.065997786	0.000001661	0.063505536	0.211567779	0.000005319	0.005423920	-0.000000055	-0.000000430	0.007981573	-0.001940912	0.041890101	-0.000000854	-0.000003179	0.055483461	-0.033257890	-0.000000640	-0.002404347	-0.010722663	-0.000000650	0.000000289	-0.006990146	-0.008293202	-0.767399253	-0.847204659	-0.763470074	-0.637581613	-0.486981326	-0.299412915	0.179525319	0.000004886	-0.236562546	0.132907904	0.000003628	-0.175806845	0.096323534	0.000002631	0.040871508	0.000001065	-0.000001448	-0.017156331	0.038784667	0.027357760	0.000000256	-0.000001349	0.000527208	0.008843805	-0.000001809	0.046887222	-0.025733367	0.000001488	-0.000002292	0.009059531	0.081129038	0.000763442	0.000242314	-0.013114864	-0.000820374	0.000993163	0.000020368	0.000763127	0.000241953	-0.013115741	-0.000819247	0.000993476	-0.000020150	-0.000970131	-0.001406508	-0.032064010	-0.000914740	-0.000442636	0.000000000	-0.000039705	-0.002348602	-0.032460981	-0.000763538	-0.000085581	-0.000169601	-0.000039836	-0.002348363	-0.032459533	-0.000764977	-0.000085299	0.000170195	-0.012584017	-0.042478254	-0.119132142	0.014484737	0.023472486	0.000000848	-0.452622336	-0.459099742	-0.472961629	0.326598494	-0.200204754	-0.000005435	-0.076748449	-0.232327814	-0.315261613	-0.188385371	-0.035481612	-0.000001220		A11: R70*s(0)
-0.251236493	-0.283594938	-0.323027240	-0.392561864	-0.410673895	-0.050847777	0.124991341	0.000003484	-0.082786293	0.312424863	0.000008775	-0.089189227	0.349999892	0.000009797	0.041350196	0.000000457	-0.000003288	0.048869791	0.015671134	0.202313234	0.000000979	-0.000016449	0.251808140	0.029952511	-0.000006193	0.015553660	-0.089723526	-0.000008458	-0.000001305	0.020213171	-0.138157422	-0.015193368	-0.019235560	-0.033664828	-0.067779794	-0.139057955	-0.015381801	0.017364755	0.000000254	-0.067999152	0.064428171	0.000001505	-0.171542775	0.188588935	0.000004570	0.005826137	0.000000264	-0.000000222	-0.000891024	0.008725286	0.054366755	0.000001999	-0.000001800	-0.013834073	0.084262222	-0.000000293	0.011353531	-0.009900279	-0.000000046	-0.000001136	0.006326116	0.018380110	-0.085046320	-0.100524548	-0.129207519	-0.164596376	-0.216767147	0.003776876	0.065458864	0.000001587	0.048334842	0.129574030	0.000002919	0.127192591	0.245288270	0.000005789	0.015471246	-0.000000241	-0.000000502	0.005562359	-0.004957357	0.074226935	-0.000002227	-0.000002522	0.003016796	-0.080842361	-0.000000803	-0.009408464	-0.023488691	0.000000005	0.000000935	-0.008673320	0.032856638	-0.820160968	-0.898026344	-0.833210230	-0.723378497	-0.552867565	-0.155225533	0.084927653	0.000002377	-0.146463267	0.017622507	0.000000601	-0.081569061	-0.055571093	-0.000001412	0.071039363	0.000000806	-0.000003315	-0.002025091	0.031559936	0.154285247	0.000000834	-0.000008482	0.039426765	0.034594483	-0.000000465	0.043382582	-0.005010381	0.000005248	-0.000002195	0.013082603	0.164993018	-0.002140044	-0.011076680	-0.054172719	-0.002986308	0.005581041	0.002905057	-0.002140184	-0.011077174	-0.054174085	-0.002985412	0.005581451	-0.002904845	-0.007918471	-0.021920137	-0.087788771	-0.010849895	0.002223231	0.000000078	-0.011167537	-0.039570739	-0.099230567	0.000625911	0.022286827	-0.013283770	-0.011166653	-0.039569329	-0.099228792	0.000624445	0.022286351	0.013284281	-0.081297669	-0.115228106	-0.180557775	0.045759052	-0.000894528	0.000000902	-0.429390532	-0.472961629	-0.431794952	0.252226835	-0.154364460	-0.000004186	-0.173915681	-0.315261662	-0.376134866	-0.190445965	-0.081343493	-0.000002567		A11: R71*s(0)
0.000613938	0.000521029	0.027870464	0.089428034	0.128316896	0.008803101	-0.031414882	-0.000000953	0.016640820	-0.174935481	-0.000004901	0.022542881	-0.212548553	-0.000005870	-0.018280877	-0.000000442	0.000001746	-0.031354957	-0.015865524	-0.104999377	-0.000000916	0.000010604	-0.200626511	-0.030487302	0.000004314	-0.006471576	0.064141534	0.000005769	0.000001522	-0.037571178	0.087870976	-0.000013434	0.000004951	-0.000165915	0.002493785	0.027036868	0.000138812	0.000654329	0.000000364	0.002504470	-0.002839263	0.000000226	0.037579367	-0.062766560	-0.000001395	0.000174010	-0.000000067	0.000000028	0.000216696	0.000482531	-0.003778759	-0.000000280	0.000000362	-0.002437233	-0.005105013	-0.000000085	0.000156992	-0.000253489	0.000000004	0.000000180	0.000527968	0.000223142	0.000217616	-0.000183812	-0.001710308	0.001013752	0.031115445	-0.002256661	0.002806453	-0.000000006	-0.009219240	-0.000304142	-0.000000070	-0.043179294	-0.079929010	-0.000002057	0.000486612	-0.000000039	0.000000015	0.000016149	0.000592154	-0.003571591	0.000000395	0.000000332	-0.002614047	0.017908514	-0.000000013	0.000763151	-0.000744695	-0.000000108	-0.000000096	0.001952520	-0.001022328	0.702683651	0.803299295	0.475690491	0.352605451	0.265605962	-0.004679460	-0.079806042	-0.000002285	-0.003793151	-0.009975436	-0.000000426	0.063428361	-0.068302197	-0.000001965	0.221946252	0.000010387	-0.000007180	-0.120094958	0.382410281	0.040096707	0.000004050	-0.000005036	0.115143513	0.149008025	-0.000011425	0.128357981	-0.172482120	0.000000302	-0.000016884	0.341467693	0.230946642	0.000068296	0.000119537	0.005764052	0.000206660	-0.000017933	-0.000142029	0.000067945	0.000119130	0.005764236	0.000206265	-0.000017969	0.000141927	-0.000069315	0.000128427	0.019604515	-0.000243579	-0.000092345	0.000000138	0.000490740	0.000240809	0.005709812	-0.000605055	0.000473165	0.000246642	0.000490921	0.000240897	0.005709539	-0.000604899	0.000472828	-0.000246769	-0.004155131	-0.013402402	0.023826588	0.004347284	0.006673635	0.000000252	0.177159537	0.326598494	0.252226835	1.175452256	0.151987116	0.000004083	0.068437875	0.188413596	0.190510572	0.199788550	0.029165493	0.000001069		A11: R72*p(0)
0.001749913	-0.003272874	-0.059618203	-0.105470570	-0.105249889	-0.030141216	0.068185290	0.000002676	-0.060596315	0.161549262	0.000005994	-0.042477031	0.120341670	0.000004515	0.032586543	0.000001330	-0.000003084	0.038357952	0.043945705	0.065598737	0.000001973	-0.000007888	0.104016942	0.057220044	-0.000005270	0.024252072	-0.067090128	-0.000005138	-0.000004117	0.071892645	-0.043761800	-0.000147222	0.000138941	0.001195223	-0.002277175	-0.022452395	0.002708704	-0.001780696	-0.000000097	-0.001470265	0.003162700	0.000000173	-0.038791129	0.042965888	0.000001418	-0.000584736	0.000000077	-0.000000144	0.000709323	-0.000252780	0.004512701	0.000000511	-0.000000565	0.002416324	0.010894899	-0.000000081	-0.000351753	-0.000226282	0.000000025	-0.000000158	0.001402514	-0.000106632	-0.000128015	0.000075420	-0.003165109	-0.023911178	-0.047787874	-0.000660547	0.004010975	-0.000000218	0.009254118	0.048246676	0.000001012	0.030721108	0.082932140	0.000002293	0.001796512	-0.000000147	-0.000000343	0.003571384	-0.001691868	0.032329903	-0.000001049	-0.000003486	0.050815971	-0.027433201	-0.000000704	-0.001513832	-0.009595824	-0.000000639	0.000000344	-0.007795271	-0.009819990	-0.429723389	-0.491152302	-0.291043510	-0.214803649	-0.159933455	-0.080302484	-0.087690370	0.000001200	-0.012550245	-0.013878523	0.000000084	-0.070734145	-0.001373855	0.000001240	-0.135157596	-0.000007361	0.000002576	0.209812692	-0.165804481	-0.025248613	-0.000005147	-0.000001255	0.269629604	0.081671129	0.000007269	-0.171907049	-0.048374390	-0.000015045	0.000002376	0.518228117	-0.197691439	-0.000582029	-0.000352375	-0.005947214	0.000681430	-0.000302268	0.000186859	-0.000581865	-0.000352272	-0.005947578	0.000681606	-0.000302317	-0.000186666	0.000169342	0.000551293	-0.010553246	0.000552849	-0.000975033	-0.000000054	0.000100595	-0.000449147	-0.015619389	-0.000501845	-0.000267572	0.000246730	0.000099857	-0.000449716	-0.015618865	-0.000502124	-0.000267390	-0.000246811	-0.002422844	-0.024737861	-0.045363903	0.009521923	0.013449548	0.000000462	-0.108100204	-0.200204754	-0.154364460	0.151987116	1.331891345	-0.000002513	0.010622762	-0.035331668	-0.081191959	-0.028981735	-0.030998634	-0.000000013		A11: R72*p(1)
0.000000074	-0.000000117	-0.000001826	-0.000003141	-0.000003114	-0.000000727	0.000002532	-0.029721830	-0.000001478	0.000005767	-0.058495478	-0.000000969	0.000004359	-0.047766367	0.000001695	-0.005166516	0.016976564	0.000001520	0.000001393	0.000004895	-0.018085111	0.066425738	0.000004723	0.000002208	0.028095225	0.000001604	-0.000004906	0.027193069	0.021723485	0.000002647	-0.000002148	-0.000000030	-0.000000083	-0.000000228	-0.000000361	-0.000000864	-0.000000456	-0.000000285	0.001356209	-0.000000350	-0.000000022	-0.002084547	-0.000001248	0.000001361	-0.012893706	-0.000000041	-0.001800419	0.002435095	0.000000055	0.000000071	0.000000295	-0.008560444	0.010019455	0.000000267	0.000000604	0.002562634	0.000000085	0.000000048	-0.001133406	0.002945024	0.000000188	0.000000336	-0.000000015	0.000000005	-0.000000028	-0.000000574	-0.000001285	0.000000066	0.000000053	0.000917711	0.000000410	0.000001366	-0.007204937	0.000001104	0.000002698	-0.019994415	0.000000166	0.002025294	0.002800104	0.000000202	-0.000000205	0.000001784	0.010287709	0.022356506	0.000001755	-0.000001000	0.004184584	-0.000000174	-0.000000550	0.000807865	-0.003651607	-0.000000335	-0.000000345	-0.000011679	-0.000013345	-0.000007900	-0.000005855	-0.000004412	-0.000002163	0.000001214	-0.131307122	-0.000000307	0.000000022	-0.016342702	-0.000001865	0.000001092	-0.047546464	-0.000006999	0.106127988	-0.070407256	0.000003834	-0.000007394	-0.000009142	0.271982428	-0.179615182	0.000002540	-0.000005134	-0.386178220	-0.000024084	0.000014318	0.235376992	-0.451126588	-0.000000929	-0.000013211	0.002593438	0.002079790	-0.001482774	-0.000451374	-0.000020661	-0.000045668	-0.002593884	-0.002080312	0.001482175	0.000451401	0.000020690	-0.000045732	0.000000202	0.000000127	-0.000000486	0.000000018	-0.000000006	0.000232497	-0.002512546	-0.001792004	0.003154100	-0.000561636	-0.000056220	-0.000034822	0.002512791	0.001792101	-0.003154668	0.000562448	0.000056450	-0.000034991	0.000000050	-0.000000680	-0.000001332	0.000000301	0.000000525	-0.001252959	-0.000002923	-0.000005435	-0.000004186	0.000004083	-0.000002513	1.425248843	0.000000378	-0.000000824	-0.000002166	-0.000000547	0.000000001	-0.031316281		A11: R72*p(-1)
-0.001295590	0.000912526	-0.005627471	-0.064047927	-0.136204913	0.006176457	0.002910083	0.000000154	0.060907530	0.121623598	0.000003533	0.113466792	0.240392134	0.000006867	0.005720107	-0.000000588	-0.000000478	0.006182367	-0.020472309	0.093252898	-0.000004058	-0.000007885	0.115155861	-0.142634470	-0.000002085	-0.015296488	-0.029656153	-0.000001831	0.000002573	-0.054788823	-0.013327082	-0.000734749	0.000557169	0.003574674	-0.009102013	-0.058468543	0.002545683	-0.004870206	-0.000000065	-0.000962113	0.019037153	0.000000590	-0.021046110	0.142019950	0.000003768	-0.000117414	0.000000007	-0.000000108	0.000625056	-0.000795883	0.019376430	0.000000204	-0.000001819	0.032900887	0.007645030	-0.000000108	0.000405241	-0.001921141	-0.000000185	-0.000000054	-0.000053252	-0.003388462	0.000661297	-0.000510152	-0.003383902	-0.001649189	-0.014861204	0.003552284	0.003963676	0.000000211	0.002206435	0.000653321	-0.000000067	0.032812877	0.036399919	0.000000903	0.000287305	0.000000027	0.000000102	-0.001370775	0.000357260	-0.001943367	0.000000050	0.000000247	-0.005031601	0.003212605	-0.000000075	0.000381915	0.001173538	-0.000000272	-0.000000299	0.001716659	0.000890544	-0.065461146	-0.156957059	-0.353763707	-0.364961893	-0.324075674	0.332037053	0.204147389	0.000006274	0.318029839	0.194845374	0.000005996	0.261737450	0.159590764	0.000004919	0.052257777	-0.000002694	-0.000001434	-0.044484689	-0.087011663	0.024019004	-0.000001621	-0.000000557	-0.023630018	-0.052763966	0.000005953	0.128755933	0.078689899	-0.000003635	-0.000006857	0.015898791	-0.200099186	-0.000697057	-0.000310561	-0.013249194	0.000531169	-0.001255741	0.000263565	-0.000696993	-0.000310551	-0.013250348	0.000532046	-0.001255472	-0.000263676	0.000755526	-0.012874194	-0.082908398	0.000179023	0.004788654	0.000000111	0.000991292	0.000502590	-0.002058312	0.001110062	0.001283806	0.000103492	0.000991333	0.000502637	-0.002058224	0.001110119	0.001284067	-0.000103463	-0.001449930	-0.000410827	-0.005259922	0.001161859	-0.000577090	-0.000000028	0.002243113	-0.076748449	-0.173915681	0.068437875	0.010622762	0.000000378	0.470716388	-0.452622040	-0.429390405	-0.177073630	-0.108240491	-0.000003339		A12: R73*s(0)
-0.019507008	-0.029176431	-0.093190173	-0.196161646	-0.264622833	0.034878299	0.081115804	0.000002340	0.084010501	0.297094208	0.000008363	0.105929673	0.370629103	0.000010373	0.032157327	-0.000001196	-0.000002854	0.044809727	-0.041541070	0.164781939	-0.000003440	-0.000015288	0.260431661	-0.121567383	-0.000005299	-0.013731660	-0.077465374	-0.000006533	0.000002378	-0.052141566	-0.090903638	-0.001123964	-0.001101767	-0.009205224	-0.039697872	-0.108422968	0.001740966	0.009548338	0.000000239	-0.012897559	0.065987048	0.000001707	-0.063674193	0.211516567	0.000005397	0.005423858	0.000000102	-0.000000521	0.007978333	0.001953294	0.041890068	0.000000881	-0.000003273	0.055430029	0.033346299	-0.000000600	0.002411743	-0.010722836	-0.000000728	-0.000000479	0.007010195	-0.008276301	0.000483201	-0.000363446	-0.002897343	-0.009931777	-0.053972624	0.002642900	0.003000480	0.000000177	0.012066421	0.013156325	0.000000197	0.084847821	0.111054405	0.000002714	0.000257956	0.000000049	0.000000097	-0.000795029	-0.000026036	0.010897563	-0.000000499	-0.000000496	0.000325478	-0.019155562	-0.000000175	-0.000481595	-0.000096987	-0.000000205	-0.000000259	-0.000589262	0.001824613	-0.767399118	-0.847204533	-0.763469983	-0.637581588	-0.486981358	0.299269912	0.179763784	0.000005558	0.236456742	0.133096121	0.000004162	0.175730103	0.096463346	0.000003000	0.040871593	-0.000001266	-0.000001556	-0.017094108	-0.038812141	0.027357836	-0.000000365	-0.000001337	0.000541513	-0.008842713	-0.000001987	-0.046866600	-0.025770708	0.000001781	0.000002618	-0.009254035	0.081107010	-0.000039900	-0.002348254	-0.032459145	0.000765427	-0.000085304	0.000169956	-0.000039877	-0.002348646	-0.032461177	0.000766643	-0.000084708	-0.000170051	-0.012583583	-0.042477353	-0.119130741	-0.014503245	0.023460711	0.000000940	0.000763280	0.000242122	-0.013115675	0.000819812	0.000993958	-0.000020269	0.000763232	0.000242095	-0.013115252	0.000819674	0.000994402	0.000020348	-0.000970556	-0.001406976	-0.032064998	0.000915124	-0.000442270	-0.000000030	-0.076748421	-0.232327814	-0.315261662	0.188413596	-0.035331668	-0.000000824	-0.452622040	-0.459099585	-0.472961612	-0.326439232	-0.200464259	-0.000006152		A12: R74*s(0)
-0.251237545	-0.283596100	-0.323028364	-0.392562735	-0.410674415	0.050747989	0.125032146	0.000003598	0.082536175	0.312491002	0.000008904	0.088908888	0.350070930	0.000009882	0.041350247	-0.000000494	-0.000003329	0.048894886	-0.015592868	0.202313240	-0.000000963	-0.000016530	0.251856182	-0.029549200	-0.000006230	-0.015481638	-0.089736056	-0.000008520	0.000001280	-0.019881724	-0.138205656	-0.085046028	-0.100524249	-0.129207148	-0.164595981	-0.216766740	-0.003829429	0.065455616	0.000001470	-0.048438344	0.129534853	0.000002903	-0.127388266	0.245186354	0.000005800	0.015471156	0.000000412	-0.000000519	0.005554318	0.004966064	0.074226932	0.000002474	-0.000002315	0.002887527	0.080847326	-0.000000456	0.009426241	-0.023483611	-0.000000070	-0.000001505	0.008595705	0.032876316	-0.015193544	-0.019235755	-0.033665155	-0.067780239	-0.139058634	0.015367568	0.017377119	0.000000534	0.067948317	0.064483240	0.000001540	0.171393058	0.188726272	0.000004612	0.005826171	-0.000000151	-0.000000102	-0.000877072	-0.008727020	0.054366744	-0.000001949	-0.000001826	-0.013699616	-0.084285087	-0.000000606	-0.011346402	-0.009905450	0.000000119	0.000000346	-0.006368605	0.018368347	-0.820160924	-0.898026300	-0.833210250	-0.723378637	-0.552867713	0.155158020	0.085051212	0.000002701	0.146449681	0.017738834	0.000000897	0.081613603	-0.055506305	-0.000001320	0.071039471	-0.000001092	-0.000003396	-0.001974625	-0.031563006	0.154285395	-0.000001292	-0.000008561	0.039482061	-0.034530733	-0.000000667	-0.043378624	-0.005044743	0.000005497	0.000002650	-0.013477746	0.164961229	-0.011166461	-0.039568887	-0.099228299	-0.000641795	0.022285100	0.013283852	-0.011167739	-0.039570939	-0.099230889	-0.000641040	0.022286437	-0.013284084	-0.081296679	-0.115227040	-0.180556324	-0.045758218	-0.000930385	0.000001248	-0.002140284	-0.011077137	-0.054173962	0.002982705	0.005583759	-0.002904896	-0.002140056	-0.011076737	-0.054173024	0.002982131	0.005584009	0.002905119	-0.007918675	-0.021920422	-0.087789952	0.010848219	0.002231683	0.000000135	-0.173915665	-0.315261613	-0.376134866	0.190510572	-0.081191959	-0.000002166	-0.429390405	-0.472961612	-0.431795094	-0.252104000	-0.154565099	-0.000004743		A12: R75*s(0)
-0.000615308	-0.000518461	-0.027823470	-0.089344618	-0.128233670	0.008753639	0.031367456	0.000001081	0.016451935	0.174819648	0.000005115	0.022338376	0.212470287	0.000006057	0.018255121	-0.000000370	-0.000001852	0.031349871	-0.015780732	0.104947268	-0.000000522	-0.000010924	0.200592149	-0.030121463	-0.000004404	-0.006400780	-0.064093209	-0.000005851	0.000001657	-0.037302791	-0.087926285	-0.000217570	0.000183783	0.001713199	-0.000994302	-0.031077103	-0.002255143	-0.002811218	-0.000000542	-0.009212266	0.000258341	-0.000000563	-0.043219004	0.079828276	0.000001686	-0.000488133	0.000000005	-0.000000203	-0.000019989	0.000590638	0.003545767	0.000000453	-0.000000667	0.002544580	0.017890513	0.000000079	0.000760996	0.000751580	0.000000163	-0.000000206	0.001944087	0.001034336	0.000013488	-0.000005395	0.000163791	-0.002493354	-0.027020237	0.000141686	-0.000653088	0.000000313	0.002501571	0.002838675	0.000000411	0.037498738	0.062762317	0.000001837	-0.000173604	0.000000052	-0.000000083	-0.000218191	0.000481735	0.003774950	-0.000000052	-0.000000461	0.002443526	-0.005092881	-0.000000001	0.000156520	0.000255419	-0.000000281	0.000000005	0.000530408	-0.000218727	-0.702341153	-0.802907919	-0.475458781	-0.352434464	-0.265478764	-0.004806589	0.079872486	0.000002604	-0.003810978	0.009983642	0.000000510	0.063317555	0.068353439	0.000002273	-0.221838242	0.000011745	0.000008205	0.119319647	0.382467601	-0.040076447	0.000004593	0.000005823	-0.115594898	0.148888727	0.000012984	0.128083680	0.172622187	-0.000000304	-0.000019103	0.342429177	-0.229972042	-0.000491336	-0.000240754	-0.005697100	-0.000604645	-0.000473275	0.000246843	-0.000490434	-0.000239781	-0.005697093	-0.000604208	-0.000473212	-0.000246629	0.004157136	0.013422209	-0.023789636	0.004360108	-0.006680341	-0.000000440	-0.000068318	-0.000120091	-0.005760536	0.000207477	0.000018667	-0.000142015	-0.000068235	-0.000119888	-0.005760146	0.000207478	0.000018632	0.000142120	0.000069077	-0.000129261	-0.019597147	-0.000243095	0.000092643	0.000000134	-0.068446214	-0.188385371	-0.190445965	0.199788550	-0.028981735	-0.000000547	-0.177073630	-0.326439232	-0.252104000	1.175693557	-0.152111101	-0.000004633		A12: R76*p(0)
0.001749509	-0.003273366	-0.059641252	-0.105542618	-0.105352700	0.030093454	0.068234511	0.000002642	0.060479577	0.161736212	0.000006043	0.042398473	0.120543946	0.000004661	0.032601480	-0.000001477	-0.000003137	0.038453479	-0.043897483	0.065682150	-0.000002396	-0.000007814	0.104267957	-0.057077204	-0.000005394	-0.024203383	-0.067160441	-0.000005285	0.000004068	-0.071816729	-0.044004369	-0.000128125	0.000075518	-0.003164164	-0.023912495	-0.047813198	0.000656124	0.004009172	0.000000477	-0.009299498	0.048239288	0.000001941	-0.030821709	0.082970898	0.000002947	0.001796212	0.000000124	-0.000000094	0.003568487	0.001698008	0.032332896	0.000001000	-0.000003055	0.050773556	0.027528346	-0.000000737	0.001522141	-0.009593609	-0.000000823	-0.000000342	0.007819997	-0.009800208	-0.000148125	0.000137788	0.001194344	-0.002279962	-0.022474502	-0.002706048	-0.001783908	-0.000000490	0.001471347	0.003165561	-0.000000164	0.038787975	0.043046577	0.000001294	-0.000584982	0.000000108	0.000000083	0.000708770	0.000254119	0.004515812	-0.000000478	-0.000000417	0.002435728	-0.010895639	-0.000000155	0.000352277	-0.000225389	-0.000000042	0.000000001	-0.001401135	-0.000109428	-0.430282406	-0.491791366	-0.291421777	-0.215084052	-0.160144832	0.080368069	-0.087562867	0.000001244	0.012557919	-0.013860782	-0.000000070	0.070785667	-0.001263549	0.000001279	-0.135334454	0.000008359	0.000002926	0.209644205	0.166443060	-0.025280583	0.000005811	-0.000001487	0.269667776	-0.081123131	0.000008248	0.172047907	-0.048100006	-0.000017050	-0.000002818	-0.517482725	-0.199111999	0.000100083	-0.000449500	-0.015623436	0.000502021	-0.000267516	-0.000246356	0.000099530	-0.000450259	-0.015624850	0.000501895	-0.000267162	0.000246305	-0.002419901	-0.024727303	-0.045382948	-0.009528908	0.013435765	0.000000665	-0.000582244	-0.000352766	-0.005952499	-0.000680807	-0.000302755	-0.000187369	-0.000582452	-0.000353067	-0.005952298	-0.000680843	-0.000302493	0.000187449	0.000170272	0.000552035	-0.010568796	-0.000552285	-0.000975259	-0.000000075	0.010568261	-0.035481612	-0.081343493	0.029165493	-0.030998634	0.000000001	-0.108240491	-0.200464259	-0.154565099	-0.152111101	1.331650092	-0.000002901		A12: R76*p(1)
0.000000073	-0.000000095	-0.000001880	-0.000003362	-0.000003469	0.000000760	0.000002551	-0.029722166	0.000001682	0.000006048	-0.058496113	0.000001348	0.000004684	-0.047767001	0.000001769	0.005152894	0.016980734	0.000001585	-0.000001420	0.000005263	0.018031605	0.066439874	0.000005127	-0.000002177	0.028095517	-0.000001645	-0.000005118	0.027227864	-0.021680256	-0.000002899	-0.000002307	0.000000031	-0.000000034	-0.000000401	-0.000001053	-0.000001760	-0.000000213	-0.000000309	0.000917643	-0.000000460	0.000001010	-0.007205027	-0.000001097	0.000002636	-0.019994645	0.000000062	-0.002027444	0.002798452	0.000000197	0.000000076	0.000001641	-0.010305597	0.022348309	0.000001920	0.000001043	0.004184692	0.000000182	-0.000000458	0.000802147	0.003652941	0.000000330	-0.000000139	-0.000000177	-0.000000210	-0.000000150	-0.000000230	-0.000000807	0.000000072	0.000000036	0.001355067	0.000000262	0.000000215	-0.002086028	0.000001418	0.000001599	-0.012894843	0.000000063	0.001798604	0.002436400	0.000000046	-0.000000145	0.000000480	0.008552593	0.010025948	0.000000132	-0.000000541	0.002562496	-0.000000022	-0.000000329	-0.001128638	-0.002946651	-0.000000015	-0.000000101	-0.000013253	-0.000015143	-0.000008934	-0.000006603	-0.000004991	0.000002465	0.000001413	-0.131307142	0.000000344	0.000000066	-0.016342841	0.000002141	0.000001207	-0.047546685	-0.000007908	-0.106071834	-0.070491764	0.000004319	0.000008377	-0.000010286	-0.271839271	-0.179831762	0.000002880	0.000005800	-0.386178103	0.000027241	0.000016320	0.234658445	0.451500748	0.000001143	-0.000014975	0.002512427	0.001791589	-0.003155120	-0.000562132	0.000055954	-0.000034694	-0.002513084	-0.001792425	0.003153848	0.000562239	-0.000056017	-0.000035124	0.000000095	-0.000000864	-0.000001744	-0.000000348	0.000000552	-0.001252991	-0.002592988	-0.002079259	0.001482737	-0.000451085	0.000020075	-0.000045735	0.002592920	0.002079194	-0.001483129	0.000451557	-0.000019739	-0.000045682	0.000000070	0.000000047	-0.000000431	0.000000055	-0.000000058	0.000232286	0.000000264	-0.000001220	-0.000002567	0.000001069	-0.000000013	-0.031316281	-0.000003339	-0.000006152	-0.000004743	-0.000004633	-0.000002901	1.425248832		A12: R76*p(-1)