The Overlap Matrix in spherical function AO basis:
172	172
A1: R1*s(0)	A1: R2*s(0)	A1: R3*s(0)	A1: R4*s(0)	A1: R5*s(0)	A1: R6*p(0)	A1: R6*p(1)	A1: R6*p(-1)	A1: R7*p(0)	A1: R7*p(1)	A1: R7*p(-1)	A1: R8*p(0)	A1: R8*p(1)	A1: R8*p(-1)	A1: R9*d(0)	A1: R9*d(1)	A1: R9*d(-1)	A1: R9*d(2)	A1: R9*d(-2)	A1: R10*d(0)	A1: R10*d(1)	A1: R10*d(-1)	A1: R10*d(2)	A1: R10*d(-2)	A1: R11*f(0)	A1: R11*f(1)	A1: R11*f(-1)	A1: R11*f(2)	A1: R11*f(-2)	A1: R11*f(3)	A1: R11*f(-3)	A2: R12*s(0)	A2: R13*s(0)	A2: R14*s(0)	A2: R15*s(0)	A2: R16*s(0)	A2: R17*p(0)	A2: R17*p(1)	A2: R17*p(-1)	A2: R18*p(0)	A2: R18*p(1)	A2: R18*p(-1)	A2: R19*p(0)	A2: R19*p(1)	A2: R19*p(-1)	A2: R20*d(0)	A2: R20*d(1)	A2: R20*d(-1)	A2: R20*d(2)	A2: R20*d(-2)	A2: R21*d(0)	A2: R21*d(1)	A2: R21*d(-1)	A2: R21*d(2)	A2: R21*d(-2)	A2: R22*f(0)	A2: R22*f(1)	A2: R22*f(-1)	A2: R22*f(2)	A2: R22*f(-2)	A2: R22*f(3)	A2: R22*f(-3)	A3: R23*s(0)	A3: R24*s(0)	A3: R25*s(0)	A3: R26*s(0)	A3: R27*s(0)	A3: R28*p(0)	A3: R28*p(1)	A3: R28*p(-1)	A3: R29*p(0)	A3: R29*p(1)	A3: R29*p(-1)	A3: R30*p(0)	A3: R30*p(1)	A3: R30*p(-1)	A3: R31*d(0)	A3: R31*d(1)	A3: R31*d(-1)	A3: R31*d(2)	A3: R31*d(-2)	A3: R32*d(0)	A3: R32*d(1)	A3: R32*d(-1)	A3: R32*d(2)	A3: R32*d(-2)	A3: R33*f(0)	A3: R33*f(1)	A3: R33*f(-1)	A3: R33*f(2)	A3: R33*f(-2)	A3: R33*f(3)	A3: R33*f(-3)	A4: R34*s(0)	A4: R35*s(0)	A4: R36*s(0)	A4: R37*s(0)	A4: R38*s(0)	A4: R39*p(0)	A4: R39*p(1)	A4: R39*p(-1)	A4: R40*p(0)	A4: R40*p(1)	A4: R40*p(-1)	A4: R41*p(0)	A4: R41*p(1)	A4: R41*p(-1)	A4: R42*d(0)	A4: R42*d(1)	A4: R42*d(-1)	A4: R42*d(2)	A4: R42*d(-2)	A4: R43*d(0)	A4: R43*d(1)	A4: R43*d(-1)	A4: R43*d(2)	A4: R43*d(-2)	A4: R44*f(0)	A4: R44*f(1)	A4: R44*f(-1)	A4: R44*f(2)	A4: R44*f(-2)	A4: R44*f(3)	A4: R44*f(-3)	A5: R45*s(0)	A5: R46*s(0)	A5: R47*s(0)	A5: R48*p(0)	A5: R48*p(1)	A5: R48*p(-1)	A6: R49*s(0)	A6: R50*s(0)	A6: R51*s(0)	A6: R52*p(0)	A6: R52*p(1)	A6: R52*p(-1)	A7: R53*s(0)	A7: R54*s(0)	A7: R55*s(0)	A7: R56*p(0)	A7: R56*p(1)	A7: R56*p(-1)	A8: R57*s(0)	A8: R58*s(0)	A8: R59*s(0)	A8: R60*p(0)	A8: R60*p(1)	A8: R60*p(-1)	A9: R61*s(0)	A9: R62*s(0)	A9: R63*s(0)	A9: R64*p(0)	A9: R64*p(1)	A9: R64*p(-1)	A10: R65*s(0)	A10: R66*s(0)	A10: R67*s(0)	A10: R68*p(0)	A10: R68*p(1)	A10: R68*p(-1)	A11: R69*s(0)	A11: R70*s(0)	A11: R71*s(0)	A11: R72*p(0)	A11: R72*p(1)	A11: R72*p(-1)	A12: R73*s(0)	A12: R74*s(0)	A12: R75*s(0)	A12: R76*p(0)	A12: R76*p(1)	A12: R76*p(-1)	

1.000000000	0.685598762	0.187968824	0.096914135	0.050600889	0.000000000	0.000000000	0.000000000	0.000000000	0.000000000	0.000000000	0.000000000	0.000000000	0.000000000	0.000000000	0.000000000	0.000000000	0.000000000	0.000000000	0.000000000	0.000000000	0.000000000	0.000000000	0.000000000	0.000000000	0.000000000	0.000000000	0.000000000	0.000000000	0.000000000	0.000000000	0.000000000	0.000000003	0.002087281	0.015606711	0.023614919	0.001360594	-0.000859214	-0.000000018	0.029468247	-0.018609169	-0.000000382	0.035658707	-0.022518439	-0.000000462	-0.000643173	-0.000000021	0.000000013	0.000478807	-0.001005861	-0.028321941	-0.000000909	0.000000574	0.021084158	-0.044292836	0.000000290	-0.009140264	0.005772068	-0.000000161	0.000000338	-0.001656579	-0.013857286	0.000000000	0.000000003	0.002087283	0.015606718	0.023614923	-0.001359912	-0.000860297	-0.000000018	-0.029453452	-0.018632605	-0.000000380	-0.035640791	-0.022546790	-0.000000460	-0.000643174	0.000000021	0.000000013	0.000477208	0.001006623	-0.028321951	0.000000905	0.000000573	0.021013693	0.044326329	0.000000289	0.009135680	0.005779340	-0.000000160	-0.000000337	0.001689635	-0.013853309	0.000000000	0.000000142	0.005587189	0.023272864	0.027900336	-0.000002246	0.005608871	0.000000154	-0.000020352	0.050830301	0.000001399	-0.000017800	0.044456011	0.000001223	-0.003099581	-0.000000000	0.000000295	-0.005368630	-0.000004299	-0.038366022	-0.000000001	0.000003657	-0.066451878	-0.000053214	-0.000001821	0.000010815	-0.027010197	-0.000002350	-0.000000002	0.000041886	-0.034869992	0.000000004	0.000633058	0.009941812	0.000003396	-0.000003752	-0.000002269	0.000000004	0.000633076	0.009941901	0.000003396	-0.000003752	0.000002269	0.000000003	0.000595905	0.009751887	0.000004816	-0.000000365	-0.000000000	0.000000004	0.000633063	0.009941836	-0.000003393	-0.000003754	0.000002269	0.000000004	0.000633055	0.009941795	-0.000003393	-0.000003754	-0.000002269	0.000000003	0.000595915	0.009751941	-0.000004816	-0.000000369	-0.000000000	0.000000008	0.000769304	0.010579461	-0.000003802	0.000007775	0.000000000	0.000000008	0.000769314	0.010579506	0.000003795	0.000007779	0.000000000		A1: R1*s(0)
0.685598762	1.000000000	0.528931145	0.300858275	0.163841001	0.000000000	0.000000000	0.000000000	0.000000000	0.000000000	0.000000000	0.000000000	0.000000000	0.000000000	0.000000000	0.000000000	0.000000000	0.000000000	0.000000000	0.000000000	0.000000000	0.000000000	0.000000000	0.000000000	0.000000000	0.000000000	0.000000000	0.000000000	0.000000000	0.000000000	0.000000000	0.000000003	0.000004610	0.009645925	0.052849070	0.077673314	0.007749030	-0.004893505	-0.000000100	0.096687268	-0.061057915	-0.000001254	0.114738661	-0.072457352	-0.000001488	-0.004976263	-0.000000160	0.000000101	0.003704560	-0.007782405	-0.088016211	-0.000002826	0.000001785	0.065523325	-0.137649026	0.000001106	-0.034836672	0.021999324	-0.000000614	0.000001290	-0.006313789	-0.052814859	0.000000003	0.000004610	0.009645934	0.052849091	0.077673327	-0.007745144	-0.004899671	-0.000000100	-0.096638718	-0.061134808	-0.000001248	-0.114681011	-0.072548578	-0.000001481	-0.004976270	0.000000159	0.000000101	0.003692182	0.007788297	-0.088016239	0.000002813	0.000001780	0.065304335	0.137753108	0.000001102	0.034819195	0.022027039	-0.000000609	-0.000001285	0.006439777	-0.052799689	0.000000142	0.000047373	0.023066817	0.077312459	0.091453436	-0.000010396	0.025963005	0.000000714	-0.000064842	0.161943526	0.000004456	-0.000057057	0.142500957	0.000003921	-0.016692457	-0.000000001	0.000001591	-0.028912175	-0.000023153	-0.115152788	-0.000000004	0.000010977	-0.199450417	-0.000159719	-0.000005820	0.000034572	-0.086345280	-0.000007514	-0.000000006	0.000133898	-0.111471206	0.000000563	0.002725525	0.033339889	0.000054657	-0.000060383	-0.000036514	0.000000563	0.002725597	0.033340184	0.000054661	-0.000060386	0.000036515	0.000000483	0.002576444	0.032717119	0.000079492	-0.000006027	-0.000000001	0.000000563	0.002725544	0.033339968	-0.000054611	-0.000060427	0.000036514	0.000000563	0.002725512	0.033339836	-0.000054609	-0.000060425	-0.000036514	0.000000483	0.002576485	0.032717294	-0.000079490	-0.000006091	-0.000000001	0.000000923	0.003267346	0.035428861	-0.000056425	0.000115406	0.000000003	0.000000923	0.003267387	0.035429009	0.000056335	0.000115454	0.000000003		A1: R2*s(0)
0.187968824	0.528931145	1.000000000	0.857542578	0.582216340	0.000000000	0.000000000	0.000000000	0.000000000	0.000000000	0.000000000	0.000000000	0.000000000	0.000000000	0.000000000	0.000000000	0.000000000	0.000000000	0.000000000	0.000000000	0.000000000	0.000000000	0.000000000	0.000000000	0.000000000	0.000000000	0.000000000	0.000000000	0.000000000	0.000000000	0.000000000	0.002087281	0.009645925	0.098035214	0.228449736	0.301627126	0.091979078	-0.058084698	-0.000001192	0.334112076	-0.210991450	-0.000004332	0.389894646	-0.246218088	-0.000005055	-0.053492131	-0.000001717	0.000001085	0.039822008	-0.083656631	-0.220880478	-0.000007092	0.000004479	0.164433609	-0.345436167	0.000002900	-0.091313297	0.057664258	-0.000001609	0.000003380	-0.016549598	-0.138437419	0.002087283	0.009645934	0.098035267	0.228449806	0.301627172	-0.091932907	-0.058157855	-0.000001188	-0.333944263	-0.211257132	-0.000004314	-0.389698738	-0.246528079	-0.000005034	-0.053492156	0.000001710	0.000001081	0.039688923	0.083719900	-0.220880511	0.000007059	0.000004466	0.163884020	0.345697309	0.000002888	0.091267436	0.057736871	-0.000001597	-0.000003369	0.016879826	-0.138397579	0.005587189	0.023066817	0.162962353	0.305136926	0.348311878	-0.000071287	0.178039588	0.000004899	-0.000196294	0.490246945	0.000013490	-0.000189763	0.473935628	0.000013041	-0.081341318	-0.000000003	0.000007754	-0.140887250	-0.000112822	-0.247600488	-0.000000009	0.000023602	-0.428856488	-0.000343426	-0.000008959	0.000053222	-0.132923174	-0.000011567	-0.000000009	0.000206128	-0.171602970	0.001379165	0.030334041	0.144047237	0.007340558	-0.008109489	-0.004903919	0.001379212	0.030334598	0.144048346	0.007340882	-0.008109668	0.004903924	0.001282154	0.029165072	0.141695804	0.011286201	-0.000855774	-0.000000148	0.001379178	0.030334190	0.144047534	-0.007334289	-0.008115366	0.004903788	0.001379156	0.030333938	0.144047034	-0.007334108	-0.008115231	-0.004903927	0.001282181	0.029165397	0.141696465	-0.011285702	-0.000864743	-0.000000103	0.001744736	0.034429970	0.151894565	-0.006332484	0.012951720	0.000000355	0.001744764	0.034430271	0.151895120	0.006322218	0.012956938	0.000000369		A1: R3*s(0)
0.096914135	0.300858275	0.857542578	1.000000000	0.868364123	0.000000000	0.000000000	0.000000000	0.000000000	0.000000000	0.000000000	0.000000000	0.000000000	0.000000000	0.000000000	0.000000000	0.000000000	0.000000000	0.000000000	0.000000000	0.000000000	0.000000000	0.000000000	0.000000000	0.000000000	0.000000000	0.000000000	0.000000000	0.000000000	0.000000000	0.000000000	0.015606711	0.052849070	0.228449736	0.396643838	0.505169033	0.140077603	-0.088458869	-0.000001816	0.403769185	-0.254979845	-0.000005235	0.532102372	-0.336022128	-0.000006899	-0.043619580	-0.000001401	0.000000884	0.032472426	-0.068216895	-0.174231555	-0.000005594	0.000003533	0.129706000	-0.272481664	0.000001203	-0.037877800	0.023919794	-0.000000667	0.000001402	-0.006864962	-0.057425424	0.015606718	0.052849091	0.228449806	0.396643922	0.505169096	-0.140007244	-0.088570256	-0.000001809	-0.403566337	-0.255300888	-0.000005213	-0.531834995	-0.336445174	-0.000006870	-0.043619585	0.000001394	0.000000882	0.032363891	0.068268463	-0.174231558	0.000005568	0.000003523	0.129272464	0.272687618	0.000001198	0.037858765	0.023949907	-0.000000662	-0.000001397	0.007001943	-0.057408882	0.023272864	0.077312459	0.305136926	0.485599729	0.568744624	-0.000080922	0.202103188	0.000005561	-0.000211727	0.528792781	0.000014551	-0.000251914	0.629159954	0.000017313	-0.047616295	-0.000000002	0.000004539	-0.082473816	-0.000066045	-0.172154474	-0.000000007	0.000016410	-0.298180200	-0.000238781	-0.000002845	0.000016900	-0.042207523	-0.000003673	-0.000000003	0.000065453	-0.054489644	0.024525268	0.105993803	0.275781545	0.039942230	-0.044126219	-0.026683730	0.024525685	0.105995063	0.275783273	0.039943440	-0.044126586	0.026683391	0.023648451	0.103335166	0.272113191	0.063250207	-0.004795935	-0.000000828	0.024525380	0.105994140	0.275782008	-0.039907970	-0.044158035	0.026682916	0.024525191	0.105993572	0.275781228	-0.039907234	-0.044157574	-0.026683841	0.023648695	0.103335910	0.272114224	-0.063246883	-0.004846160	-0.000000578	0.027578841	0.115036824	0.287944291	-0.031332035	0.064082874	0.000001757	0.027579064	0.115037473	0.287945147	0.031281037	0.064108271	0.000001827		A1: R4*s(0)
0.050600889	0.163841001	0.582216340	0.868364123	1.000000001	0.000000000	0.000000000	0.000000000	0.000000000	0.000000000	0.000000000	0.000000000	0.000000000	0.000000000	0.000000000	0.000000000	0.000000000	0.000000000	0.000000000	0.000000000	0.000000000	0.000000000	0.000000000	0.000000000	0.000000000	0.000000000	0.000000000	0.000000000	0.000000000	0.000000000	0.000000000	0.023614919	0.077673314	0.301627126	0.505169033	0.681770795	0.089943895	-0.056799482	-0.000001166	0.288146802	-0.181964424	-0.000003736	0.498774818	-0.314975810	-0.000006467	-0.012813427	-0.000000411	0.000000260	0.009538905	-0.020038987	-0.067200763	-0.000002158	0.000001363	0.050027345	-0.105095634	0.000000178	-0.005618400	0.003548014	-0.000000099	0.000000208	-0.001018277	-0.008517891	0.023614923	0.077673327	0.301627172	0.505169096	0.681770855	-0.089898702	-0.056870993	-0.000001161	-0.288002011	-0.182193514	-0.000003720	-0.498524168	-0.315372346	-0.000006440	-0.012813426	0.000000410	0.000000259	0.009507021	0.020054132	-0.067200756	0.000002148	0.000001359	0.049860126	0.105175058	0.000000178	0.005615575	0.003552480	-0.000000098	-0.000000207	0.001038595	-0.008515436	0.027900336	0.091453436	0.348311878	0.568744624	0.741381157	-0.000043800	0.109391860	0.000003010	-0.000136811	0.341688945	0.000009402	-0.000227539	0.568283164	0.000015638	-0.011679151	-0.000000000	0.000001113	-0.020228876	-0.000016199	-0.059725860	-0.000000002	0.000005693	-0.103448192	-0.000082841	-0.000000359	0.000002132	-0.005325126	-0.000000463	-0.000000000	0.000008258	-0.006874704	0.082845194	0.227035360	0.442455700	0.056413080	-0.062322407	-0.037687214	0.082845839	0.227036834	0.442457628	0.056414325	-0.062322413	0.037686425	0.081478816	0.223906893	0.438354417	0.090917219	-0.006893781	-0.000001190	0.082845367	0.227035755	0.442456217	-0.056364568	-0.062367205	0.037685981	0.082845076	0.227035090	0.442455347	-0.056363737	-0.062366786	-0.037687428	0.081479200	0.223907774	0.438355574	-0.090911987	-0.006965941	-0.000000831	0.087406851	0.237418736	0.455936779	-0.041814182	0.085521829	0.000002344	0.087407173	0.237419467	0.455937722	0.041745959	0.085555388	0.000002438		A1: R5*s(0)
0.000000000	0.000000000	0.000000000	0.000000000	0.000000000	1.000000000	0.000000000	0.000000000	0.626035393	0.000000000	0.000000000	0.256643582	0.000000000	0.000000000	0.000000000	0.000000000	0.000000000	0.000000000	0.000000000	0.000000000	0.000000000	0.000000000	0.000000000	0.000000000	0.000000000	0.000000000	0.000000000	0.000000000	0.000000000	0.000000000	0.000000000	-0.001360594	-0.007749030	-0.091979078	-0.140077603	-0.089943895	-0.088422767	0.069996710	0.000001437	-0.162108303	0.169970284	0.000003490	-0.004947015	0.081424684	0.000001672	0.062320964	0.000002209	-0.000001700	-0.025123752	0.107589382	0.103196636	0.000004421	-0.000004420	0.036559090	0.215362250	-0.000003895	0.086304991	-0.077446731	0.000000947	-0.000005118	0.092126402	0.137630282	0.001359912	0.007745144	0.091932907	0.140007244	0.089898702	-0.088311444	-0.070049656	-0.000001430	-0.161837872	-0.170098782	-0.000003473	-0.004817434	-0.081486222	-0.000001664	-0.062289678	0.000002197	0.000001695	0.024902573	0.107592952	-0.103144763	0.000004396	0.000004405	-0.037082950	0.215290385	0.000003877	0.086181777	0.077505286	-0.000000932	-0.000005097	0.092539450	-0.137325049	0.000002246	0.000010396	0.000071287	0.000080922	0.000043800	0.048132377	0.000106274	0.000000003	0.157337769	0.000173392	0.000000005	0.145382785	0.000066152	0.000000002	-0.000044844	0.000002536	0.000000006	-0.000151480	0.092167298	-0.000035491	0.000008671	0.000000010	-0.000313813	0.315111879	-0.000000005	-0.059624247	-0.000080046	-0.000000015	0.000010377	-0.230923570	-0.000349902	-0.000605310	-0.018626781	-0.045880985	-0.003856170	0.005322816	0.003218780	-0.000605344	-0.018627442	-0.045882027	-0.003856449	0.005323045	-0.003218851	-0.000905472	-0.029170766	-0.073842307	-0.011077667	0.000907538	0.000000157	0.000604795	0.018610830	0.045841538	-0.003847905	-0.005322091	0.003215925	0.000604776	0.018610443	0.045840849	-0.003847733	-0.005321927	-0.003215970	0.000905440	0.029169324	0.073838086	-0.011076422	-0.000916996	-0.000000109	0.000570551	0.015144310	0.034157880	-0.001825907	0.006251348	0.000000171	-0.000569630	-0.015119697	-0.034102159	-0.001815951	-0.006243659	-0.000000178		A1: R6*p(0)
0.000000000	0.000000000	0.000000000	0.000000000	0.000000000	0.000000000	1.000000000	0.000000000	0.000000000	0.626035393	0.000000000	0.000000000	0.256643582	0.000000000	0.000000000	0.000000000	0.000000000	0.000000000	0.000000000	0.000000000	0.000000000	0.000000000	0.000000000	0.000000000	0.000000000	0.000000000	0.000000000	0.000000000	0.000000000	0.000000000	0.000000000	0.000859214	0.004893505	0.058084698	0.088458869	0.056799482	0.069996710	-0.021783470	-0.000000907	0.169970284	-0.000290695	-0.000002204	0.081424684	0.072572110	-0.000001056	-0.039355628	-0.000001700	0.000000590	0.062981246	-0.045514737	-0.065168575	-0.000004420	0.000000213	0.228060965	-0.016450247	0.000002459	-0.077446731	0.012573015	-0.000003288	0.000001951	0.107079373	-0.106669165	0.000860297	0.004899671	0.058157855	0.088570256	0.056870993	-0.070049656	-0.021894848	-0.000000905	-0.170098782	-0.000561106	-0.000002197	-0.081486222	0.072442581	-0.000001053	-0.039405195	0.000001695	0.000000590	0.062928640	0.045700443	-0.065250610	0.000004405	0.000000219	0.228005145	0.016984119	0.000002452	0.077505286	0.012696231	-0.000003272	-0.000001953	-0.106751093	-0.107033583	-0.005608871	-0.025963005	-0.178039588	-0.202103188	-0.109391860	0.000106274	-0.217289321	-0.000007304	0.000173392	-0.275712465	-0.000011916	0.000066152	-0.019833484	-0.000004546	0.111999354	0.000000006	-0.000013212	0.193988481	0.000192249	0.088640199	0.000000010	-0.000017120	0.153529179	0.000249115	0.000013475	-0.000080046	0.140291890	0.000017396	0.000000018	-0.000310016	0.181115838	0.000668716	0.020577956	0.050687064	0.005322816	-0.004918443	-0.003555950	0.000668740	0.020578234	0.050687101	0.005323045	-0.004918532	0.003555950	0.000068657	0.002211868	0.005599079	0.000907538	0.000822394	-0.000000012	0.000669203	0.020592821	0.050723508	-0.005322091	-0.004926923	0.003558410	0.000669188	0.020592558	0.050723152	-0.005321927	-0.004926804	-0.003558489	0.000069377	0.002235038	0.005657689	-0.000916996	0.000820964	-0.000000008	-0.001166939	-0.030974398	-0.069862526	0.006251348	-0.011555211	-0.000000351	-0.001167416	-0.030986750	-0.069889962	-0.006243659	-0.011565353	-0.000000365		A1: R6*p(1)
0.000000000	0.000000000	0.000000000	0.000000000	0.000000000	0.000000000	0.000000000	1.000000000	0.000000000	0.000000000	0.626035393	0.000000000	0.000000000	0.256643582	0.000000000	0.000000000	0.000000000	0.000000000	0.000000000	0.000000000	0.000000000	0.000000000	0.000000000	0.000000000	0.000000000	0.000000000	0.000000000	0.000000000	0.000000000	0.000000000	0.000000000	0.000000018	0.000000100	0.000001192	0.000001816	0.000001166	0.000001437	-0.000000907	0.022419384	0.000003490	-0.000002204	0.107045373	0.000001672	-0.000001056	0.123991719	-0.000001646	0.037304587	-0.023557810	0.000000809	-0.000001700	-0.000005803	0.198850660	-0.125573997	0.000002104	-0.000004420	-0.089001032	-0.000004958	0.000003131	0.049384658	-0.103745499	-0.000000410	-0.000003432	0.000000018	0.000000100	0.000001188	0.000001809	0.000001161	-0.000001430	-0.000000905	0.022419402	-0.000003473	-0.000002197	0.107045416	-0.000001664	-0.000001053	0.123991739	-0.000001639	-0.037285871	-0.023587487	0.000000803	0.000001695	-0.000005779	-0.198750800	-0.125732131	0.000002088	0.000004405	-0.089001081	0.000004935	0.000003122	0.049219618	0.103823969	0.000000417	-0.000003417	-0.000000154	-0.000000714	-0.000004899	-0.000005561	-0.000003010	0.000000003	-0.000007304	0.048132420	0.000000005	-0.000011916	0.157337838	0.000000002	-0.000004546	0.145382812	0.000007475	-0.000036904	0.092167389	0.000007874	0.000000006	0.000017458	-0.000126170	0.315112028	0.000012896	0.000000010	-0.146049061	-0.000000009	0.000021908	-0.188548466	-0.000150989	-0.000000014	0.000011338	0.000404382	0.012443772	0.030651163	0.003218780	-0.003555950	-0.001188388	-0.000404388	-0.012443678	-0.030650541	-0.003218851	0.003555950	-0.001188309	0.000000012	0.000000382	0.000000967	0.000000157	-0.000000012	0.000891208	-0.000404373	-0.012443409	-0.030650165	0.003215925	0.003558410	-0.001188250	0.000404382	0.012443812	0.030651334	-0.003215970	-0.003558489	-0.001188411	0.000000008	0.000000267	0.000000675	-0.000000109	-0.000000008	0.000891227	-0.000000032	-0.000000849	-0.000001915	0.000000171	-0.000000351	0.001230564	-0.000000033	-0.000000883	-0.000001992	-0.000000178	-0.000000365	0.001230585		A1: R6*p(-1)
0.000000000	0.000000000	0.000000000	0.000000000	0.000000000	0.626035393	0.000000000	0.000000000	1.000000000	0.000000000	0.000000000	0.716848923	0.000000000	0.000000000	0.000000000	0.000000000	0.000000000	0.000000000	0.000000000	0.000000000	0.000000000	0.000000000	0.000000000	0.000000000	0.000000000	0.000000000	0.000000000	0.000000000	0.000000000	0.000000000	0.000000000	-0.029468247	-0.096687268	-0.334112076	-0.403769185	-0.288146802	-0.162108303	0.169970284	0.000003490	-0.207128296	0.328214138	0.000006738	0.055569259	0.213212074	0.000004377	0.048001296	0.000002092	-0.000002131	0.020644998	0.101907046	0.047918333	0.000003654	-0.000005416	0.180812694	0.177990503	-0.000001276	-0.000802290	-0.025376341	-0.000000662	-0.000002140	0.086131738	0.006438297	0.029453452	0.096638718	0.333944263	0.403566337	0.288002011	-0.161837872	-0.170098782	-0.000003473	-0.206606020	-0.328462224	-0.000006707	0.055908580	-0.213373206	-0.000004357	-0.047977166	0.000002080	0.000002124	-0.020896007	0.101869999	-0.047894200	0.000003631	0.000005398	-0.181386249	0.177794251	0.000001270	-0.000842689	0.025395511	0.000000665	-0.000002130	0.086251774	-0.006211553	0.000020352	0.000064842	0.000196294	0.000211727	0.000136811	0.157337769	0.000173392	0.000000005	0.403186303	0.000293281	0.000000008	0.448417667	0.000168464	0.000000005	-0.000015658	0.000004255	0.000000005	-0.000150945	0.154628280	0.000005756	0.000014258	0.000000011	-0.000404971	0.518160437	-0.000000001	-0.046300870	-0.000011748	-0.000000007	0.000008058	-0.179322382	-0.000206633	-0.030490689	-0.113238864	-0.166209158	-0.036093925	0.064500443	0.039004303	-0.030491762	-0.113242045	-0.166212693	-0.036096302	0.064502112	-0.039004491	-0.047783551	-0.180165841	-0.268326465	-0.129030142	0.011407689	0.000001970	0.030464576	0.113141668	0.166066193	-0.035993500	-0.064491365	0.038969525	0.030463947	0.113139693	0.166063805	-0.035991872	-0.064489873	-0.038970382	0.047781180	0.180156131	0.268310894	-0.129012924	-0.011526460	-0.000001375	0.024734092	0.087489004	0.122519892	-0.007553689	0.067304028	0.000001845	-0.024693890	-0.087346509	-0.122319945	-0.007446229	-0.067220702	-0.000001916		A1: R7*p(0)
0.000000000	0.000000000	0.000000000	0.000000000	0.000000000	0.000000000	0.626035393	0.000000000	0.000000000	1.000000000	0.000000000	0.000000000	0.716848923	0.000000000	0.000000000	0.000000000	0.000000000	0.000000000	0.000000000	0.000000000	0.000000000	0.000000000	0.000000000	0.000000000	0.000000000	0.000000000	0.000000000	0.000000000	0.000000000	0.000000000	0.000000000	0.018609169	0.061057915	0.210991450	0.254979845	0.181964424	0.169970284	-0.000290695	-0.000002204	0.328214138	0.105342953	-0.000004255	0.213212074	0.258554552	-0.000002764	-0.030312772	-0.000002131	0.000000064	0.111844867	-0.004908124	-0.030260380	-0.000005416	-0.000001502	0.365339012	0.115859989	0.000000806	-0.025376341	-0.024961448	-0.000002617	-0.000000093	0.132023567	-0.026350970	0.018632605	0.061134808	0.211257132	0.255300888	0.182193514	-0.170098782	-0.000561106	-0.000002197	-0.328462224	0.104820816	-0.000004243	-0.213373206	0.258215383	-0.000002756	-0.030350929	0.000002124	0.000000067	0.111820361	0.005166993	-0.030298444	0.000005398	-0.000001487	0.365378724	-0.115137509	0.000000804	0.025395511	-0.024921085	-0.000002605	0.000000087	-0.131891800	-0.026670795	-0.050830301	-0.161943526	-0.490246945	-0.528792781	-0.341688945	0.000173392	-0.275712465	-0.000011916	0.000293281	-0.329287265	-0.000020156	0.000168464	0.027676526	-0.000011578	0.039105205	0.000000005	-0.000007983	0.067732130	0.000116152	-0.014374910	0.000000011	-0.000012888	-0.024898232	0.000187532	0.000001978	-0.000011748	-0.016960925	0.000002553	0.000000005	-0.000045498	-0.021896522	0.033684620	0.125100749	0.183619735	0.064500443	-0.048966257	-0.043090043	0.033685064	0.125101514	0.183619606	0.064502112	-0.048966118	0.043089304	0.003623179	0.013661041	0.020345804	0.011407689	0.020552839	-0.000000149	0.033708951	0.125190875	0.183751685	-0.064491365	-0.049068694	0.043119648	0.033708526	0.125189694	0.183750516	-0.064489873	-0.049067803	-0.043120942	0.003661133	0.013804086	0.020558760	-0.011526460	0.020534877	-0.000000105	-0.050588213	-0.178939759	-0.250587832	0.067304028	-0.112302508	-0.000003774	-0.050608379	-0.179010488	-0.250686069	-0.067220702	-0.112410581	-0.000003926		A1: R7*p(1)
0.000000000	0.000000000	0.000000000	0.000000000	0.000000000	0.000000000	0.000000000	0.626035393	0.000000000	0.000000000	1.000000000	0.000000000	0.000000000	0.716848923	0.000000000	0.000000000	0.000000000	0.000000000	0.000000000	0.000000000	0.000000000	0.000000000	0.000000000	0.000000000	0.000000000	0.000000000	0.000000000	0.000000000	0.000000000	0.000000000	0.000000000	0.000000382	0.000001254	0.000004332	0.000005235	0.000003736	0.000003490	-0.000002204	0.107045373	0.000006738	-0.000004255	0.312609861	0.000004377	-0.000002764	0.393197768	-0.000002843	0.098877559	-0.062441082	0.000001014	-0.000002131	-0.000009147	0.379669670	-0.239761026	0.000002578	-0.000005416	-0.100396212	-0.000004320	0.000002728	0.055707585	-0.117028476	-0.000000232	-0.000001942	0.000000380	0.000001248	0.000004314	0.000005213	0.000003720	-0.000003473	-0.000002197	0.107045416	-0.000006707	-0.000004243	0.312609944	-0.000004357	-0.000002756	0.393197822	-0.000002831	-0.098827903	-0.062519712	0.000001007	0.000002124	-0.000009109	-0.379478946	-0.240062916	0.000002559	0.000005398	-0.100396228	0.000004300	0.000002720	0.055521393	0.117116947	0.000000236	-0.000001933	-0.000001399	-0.000004456	-0.000013490	-0.000014551	-0.000009402	0.000000005	-0.000011916	0.157337838	0.000000008	-0.000020156	0.403186420	0.000000005	-0.000011578	0.448417734	0.000008446	-0.000061913	0.154628351	0.000006119	0.000000005	0.000024301	-0.000207470	0.518160595	0.000013573	0.000000011	-0.113413516	-0.000000005	0.000013548	-0.146416173	-0.000117249	-0.000000005	0.000004332	0.020369552	0.075650139	0.111037373	0.039004303	-0.043090043	-0.003766467	-0.020369392	-0.075649010	-0.111034958	-0.039004491	0.043089304	-0.003765056	0.000000626	0.000002359	0.000003513	0.000001970	-0.000000149	0.021417825	-0.020368957	-0.075647785	-0.111033715	0.038969525	0.043119648	-0.003764676	0.020369619	0.075650486	0.111038020	-0.038970382	-0.043120942	-0.003766822	0.000000437	0.000001647	0.000002452	-0.000001375	-0.000000105	0.021418068	-0.000001387	-0.000004905	-0.000006870	0.000001845	-0.000003774	0.025353265	-0.000001442	-0.000005101	-0.000007144	-0.000001916	-0.000003926	0.025353490		A1: R7*p(-1)
0.000000000	0.000000000	0.000000000	0.000000000	0.000000000	0.256643582	0.000000000	0.000000000	0.716848923	0.000000000	0.000000000	0.999999999	0.000000000	0.000000000	0.000000000	0.000000000	0.000000000	0.000000000	0.000000000	0.000000000	0.000000000	0.000000000	0.000000000	0.000000000	0.000000000	0.000000000	0.000000000	0.000000000	0.000000000	0.000000000	0.000000000	-0.035658707	-0.114738661	-0.389894646	-0.532102372	-0.498774818	-0.004947015	0.081424684	0.000001672	0.055569259	0.213212074	0.000004377	0.280979868	0.243835273	0.000005006	-0.006871782	0.000000036	-0.000000400	0.031383362	0.001757061	-0.052710319	-0.000000371	-0.000001708	0.174488028	-0.018053538	0.000000110	-0.012010428	0.002195203	-0.000000347	-0.000000007	0.015787910	-0.016614807	0.035640791	0.114681011	0.389698738	0.531834995	0.498524168	-0.004817434	-0.081486222	-0.000001664	0.055908580	-0.213373206	-0.000004357	0.281367942	-0.244019537	-0.000004983	0.006868333	0.000000035	0.000000399	-0.031416655	0.001728231	0.052683852	-0.000000372	0.000001702	-0.174609862	-0.018208827	-0.000000110	-0.012006936	-0.002196863	0.000000345	-0.000000007	0.015771170	0.016647823	0.000017800	0.000057057	0.000189763	0.000251914	0.000227539	0.145382785	0.000066152	0.000000002	0.448417667	0.000168464	0.000000005	0.728889958	0.000184582	0.000000005	0.000005508	0.000001559	0.000000001	-0.000035818	0.056640969	0.000034066	0.000007806	0.000000003	-0.000168157	0.283670851	0.000000000	-0.007796081	0.000002755	-0.000000001	0.000001357	-0.030194071	-0.000028682	-0.115852745	-0.265432072	-0.345045080	-0.007423069	0.088190521	0.053330018	-0.115855384	-0.265437741	-0.345051658	-0.007425455	0.088191849	-0.053329699	-0.186431925	-0.428433618	-0.559671399	-0.139320808	0.015962556	0.000002756	0.115753141	0.265203767	0.344748085	-0.007285528	-0.088177853	0.053282312	0.115751398	0.265199943	0.344743471	-0.007283692	-0.088176243	-0.053283744	0.186421277	0.428408778	0.559638173	-0.139295333	-0.016128644	-0.000001924	0.086288509	0.195775250	0.250509753	0.034676293	0.085413033	0.000002342	-0.086147752	-0.195455761	-0.250100670	0.034812880	-0.085306850	-0.000002431		A1: R8*p(0)
0.000000000	0.000000000	0.000000000	0.000000000	0.000000000	0.000000000	0.256643582	0.000000000	0.000000000	0.716848923	0.000000000	0.000000000	0.999999999	0.000000000	0.000000000	0.000000000	0.000000000	0.000000000	0.000000000	0.000000000	0.000000000	0.000000000	0.000000000	0.000000000	0.000000000	0.000000000	0.000000000	0.000000000	0.000000000	0.000000000	0.000000000	0.022518439	0.072457352	0.246218088	0.336022128	0.314975810	0.081424684	0.072572110	-0.000001056	0.213212074	0.258554552	-0.000002764	0.243835273	0.513119509	-0.000003161	0.004339523	-0.000000400	-0.000000345	0.038365233	0.026586914	0.033286515	-0.000001708	-0.000001997	0.189389813	0.154005514	-0.000000070	0.002195203	-0.009920518	-0.000000413	-0.000000296	0.028845529	0.005851999	0.022546790	0.072548578	0.246528079	0.336445174	0.315372346	-0.081486222	0.072442581	-0.000001053	-0.213373206	0.258215383	-0.000002756	-0.244019537	0.512731633	-0.000003152	0.004344990	0.000000399	-0.000000343	0.038382499	-0.026524502	0.033328434	0.000001702	-0.000001986	0.189495715	-0.153718652	-0.000000070	-0.002196863	-0.009924011	-0.000000412	0.000000294	-0.028846874	0.005796408	-0.044456011	-0.142500957	-0.473935628	-0.629159954	-0.568283164	0.000066152	-0.019833484	-0.000004546	0.000168464	0.027676526	-0.000011578	0.000184582	0.267892809	-0.000012685	-0.013755889	0.000000001	-0.000000247	-0.023825909	0.000003599	-0.085081701	0.000000003	0.000000304	-0.147365872	-0.000004429	-0.000000464	0.000002755	-0.014677848	-0.000000599	0.000000000	0.000010672	-0.018949021	0.127988438	0.293236351	0.381188902	0.088190521	-0.025023222	-0.058916391	0.127988539	0.293236168	0.381187791	0.088191849	-0.025021978	0.058914744	0.014136166	0.032485899	0.042436979	0.015962556	0.069987739	-0.000000209	0.128080462	0.293447077	0.381462599	-0.088177853	-0.025163000	0.058956699	0.128079560	0.293445199	0.381460552	-0.088176243	-0.025162259	-0.058958757	0.014284140	0.032825925	0.042881103	-0.016128644	0.069962613	-0.000000147	-0.176484407	-0.400415758	-0.512363298	0.085413033	-0.098256529	-0.000004789	-0.176553719	-0.400572748	-0.512563622	-0.085306850	-0.098392783	-0.000004982		A1: R8*p(1)
0.000000000	0.000000000	0.000000000	0.000000000	0.000000000	0.000000000	0.000000000	0.256643582	0.000000000	0.000000000	0.716848923	0.000000000	0.000000000	0.999999999	0.000000000	0.000000000	0.000000000	0.000000000	0.000000000	0.000000000	0.000000000	0.000000000	0.000000000	0.000000000	0.000000000	0.000000000	0.000000000	0.000000000	0.000000000	0.000000000	0.000000000	0.000000462	0.000001488	0.000005055	0.000006899	0.000006467	0.000001672	-0.000001056	0.123991719	0.000004377	-0.000002764	0.393197768	0.000005006	-0.000003161	0.667101246	-0.000000945	0.046068001	-0.029091898	0.000000190	-0.000000400	-0.000004643	0.237196592	-0.149789416	0.000000813	-0.000001708	-0.020904557	-0.000000746	0.000000471	0.011599465	-0.024367736	-0.000000021	-0.000000172	0.000000460	0.000001481	0.000005034	0.000006870	0.000006440	-0.000001664	-0.000001053	0.123991739	-0.000004357	-0.000002756	0.393197822	-0.000004983	-0.000003152	0.667101308	-0.000000942	-0.046044854	-0.029128525	0.000000189	0.000000399	-0.000004624	-0.237077406	-0.149978000	0.000000807	0.000001702	-0.020904556	0.000000742	0.000000470	0.011560694	0.024386152	0.000000021	-0.000000171	-0.000001223	-0.000003921	-0.000013041	-0.000017313	-0.000015638	0.000000002	-0.000004546	0.145382812	0.000000005	-0.000011578	0.448417734	0.000000005	-0.000012685	0.728890031	0.000002321	-0.000022679	0.056640979	0.000000903	0.000000001	0.000011179	-0.000113581	0.283670894	0.000003751	0.000000003	-0.019096417	-0.000000001	0.000001956	-0.024653360	-0.000019742	-0.000000000	0.000000309	0.077396364	0.177324043	0.230510157	0.053330018	-0.058916391	0.036777796	-0.077394797	-0.177320202	-0.230504636	-0.053329699	0.058914744	0.036780111	0.000002441	0.000005610	0.000007328	0.000002756	-0.000000209	0.071198097	-0.077393846	-0.177318206	-0.230502428	0.053282312	0.058956699	0.036780348	0.077396794	0.177325074	0.230511594	-0.053283744	-0.058958757	0.036777240	0.000001704	0.000003915	0.000005115	-0.000001924	-0.000000147	0.071198436	-0.000004838	-0.000010977	-0.000014046	0.000002342	-0.000004789	0.076437282	-0.000005031	-0.000011415	-0.000014607	-0.000002431	-0.000004982	0.076437567		A1: R8*p(-1)
0.000000000	0.000000000	0.000000000	0.000000000	0.000000000	0.000000000	0.000000000	0.000000000	0.000000000	0.000000000	0.000000000	0.000000000	0.000000000	0.000000000	1.000000000	0.000000000	0.000000000	0.000000000	0.000000000	0.531577394	0.000000000	0.000000000	0.000000000	0.000000000	0.000000000	0.000000000	0.000000000	0.000000000	0.000000000	0.000000000	0.000000000	-0.000643173	-0.004976263	-0.053492131	-0.043619580	-0.012813427	-0.062320964	0.039355628	0.000001646	-0.048001296	0.030312772	0.000002843	0.006871782	-0.004339523	0.000000945	0.055059901	0.000003093	-0.000001953	-0.031991792	0.067207197	0.072310200	0.000004631	-0.000002925	0.000549371	-0.001154099	-0.000005840	0.094123189	-0.059438702	0.000002636	-0.000005538	0.004625946	0.038696051	-0.000643174	-0.004976270	-0.053492156	-0.043619585	-0.012813426	0.062289678	0.039405195	0.000001639	0.047977166	0.030350929	0.000002831	-0.006868333	-0.004344990	0.000000942	0.055059929	-0.000003079	-0.000001948	-0.031884872	-0.067258018	0.072310211	-0.000004610	-0.000002916	0.000547551	0.001155006	-0.000005816	-0.094075919	-0.059513551	0.000002616	0.000005519	-0.004718247	0.038684872	-0.003099581	-0.016692457	-0.081341318	-0.047616295	-0.011679151	0.000044844	-0.111999354	-0.000007475	0.000015658	-0.039105205	-0.000008446	-0.000005508	0.013755889	-0.000002321	0.084698939	0.000000006	-0.000015490	0.091688541	0.000073424	0.086574578	0.000000006	-0.000014170	-0.045384685	-0.000036344	0.000019527	-0.000058157	0.145249413	0.000018324	0.000000015	0.000020147	-0.016772234	-0.000215563	-0.006682253	-0.006814423	-0.001693672	0.001871086	0.002347845	-0.000215583	-0.006682713	-0.006814797	-0.001693873	0.001871267	-0.002347946	-0.000393667	-0.012944665	-0.013598699	-0.006103731	0.000462814	0.000000116	-0.000215580	-0.006682741	-0.006814896	0.001692385	0.001872618	-0.002347893	-0.000215558	-0.006682144	-0.006814329	0.001692152	0.001872376	0.002347826	-0.000393678	-0.012944797	-0.013598724	0.006103480	0.000467666	0.000000081	-0.000587561	-0.015060507	-0.013956254	0.003581696	-0.007325581	-0.000000296	-0.000587573	-0.015060626	-0.013956272	-0.003575897	-0.007328548	-0.000000308		A1: R9*d(0)
0.000000000	0.000000000	0.000000000	0.000000000	0.000000000	0.000000000	0.000000000	0.000000000	0.000000000	0.000000000	0.000000000	0.000000000	0.000000000	0.000000000	0.000000000	1.000000000	0.000000000	0.000000000	0.000000000	0.000000000	0.531577394	0.000000000	0.000000000	0.000000000	0.000000000	0.000000000	0.000000000	0.000000000	0.000000000	0.000000000	0.000000000	-0.000000021	-0.000000160	-0.000001717	-0.000001401	-0.000000411	-0.000002209	0.000001700	-0.037304587	-0.000002092	0.000002131	-0.098877559	-0.000000036	0.000000400	-0.046068001	0.000003093	-0.064220036	0.048187154	-0.000000888	0.000003320	0.000004631	-0.134246371	0.130906293	0.000000395	0.000003119	0.126951411	0.000006831	-0.000005549	-0.034735620	0.164980052	0.000002416	0.000004034	0.000000021	0.000000159	0.000001710	0.000001394	0.000000410	-0.000002197	-0.000001695	0.037285871	-0.000002080	-0.000002124	0.098827903	-0.000000035	-0.000000399	0.046044854	-0.000003079	-0.064143414	-0.048223613	0.000000878	0.000003306	-0.000004610	-0.134038103	-0.131005266	-0.000000401	0.000003105	-0.126887668	0.000006794	0.000005530	0.034392915	0.164982069	0.000002418	-0.000004009	-0.000000000	-0.000000001	-0.000000003	-0.000000002	-0.000000000	-0.000002536	-0.000000006	0.000036904	-0.000004255	-0.000000005	0.000061913	-0.000001559	-0.000000001	0.000022679	0.000000006	0.031762483	0.000087738	0.000000011	-0.000006030	0.000000006	0.112777391	0.000140022	0.000000010	-0.000009623	-0.000081793	0.000008580	0.000000017	-0.000221272	0.144453604	0.000013756	0.000000021	-0.000375683	-0.011645863	-0.011876210	-0.003307210	0.004429481	0.001627351	0.000375697	0.011645960	0.011876144	0.003307367	-0.004429567	0.001627289	-0.000000018	-0.000000584	-0.000000613	-0.000000296	0.000000024	-0.001577961	-0.000375352	-0.011635490	-0.011865588	0.003300222	0.004428730	-0.001625780	0.000375355	0.011635728	0.011865904	-0.003300209	-0.004428769	-0.001625956	0.000000012	0.000000407	0.000000428	-0.000000206	-0.000000017	0.001577902	-0.000000022	-0.000000564	-0.000000523	0.000000100	-0.000000318	0.000979722	0.000000023	0.000000586	0.000000543	0.000000104	0.000000330	-0.000978139		A1: R9*d(1)
0.000000000	0.000000000	0.000000000	0.000000000	0.000000000	0.000000000	0.000000000	0.000000000	0.000000000	0.000000000	0.000000000	0.000000000	0.000000000	0.000000000	0.000000000	0.000000000	1.000000000	0.000000000	0.000000000	0.000000000	0.000000000	0.531577394	0.000000000	0.000000000	0.000000000	0.000000000	0.000000000	0.000000000	0.000000000	0.000000000	0.000000000	0.000000013	0.000000101	0.000001085	0.000000884	0.000000260	0.000001700	-0.000000590	0.023557810	0.000002131	-0.000000064	0.062441082	0.000000400	0.000000345	0.029091898	-0.000001953	0.048187154	-0.018344193	0.000001810	-0.000001502	-0.000002925	0.130906293	-0.009619037	0.000003145	-0.000000354	-0.080169692	-0.000005549	0.000001548	0.101027339	-0.066535659	0.000002698	-0.000003052	0.000000013	0.000000101	0.000001081	0.000000882	0.000000259	-0.000001695	-0.000000590	0.023587487	-0.000002124	-0.000000067	0.062519712	-0.000000399	0.000000343	0.029128525	-0.000001948	-0.048223613	-0.018420874	0.000001801	0.000001501	-0.000002916	-0.131005266	-0.009827304	0.000003131	0.000000360	-0.080270655	0.000005530	0.000001551	0.100948828	0.066827494	-0.000002678	-0.000003050	0.000000295	0.000001591	0.000007754	0.000004539	0.000001113	-0.000000006	0.000013212	-0.092167389	-0.000000005	0.000007983	-0.154628351	-0.000000001	0.000000247	-0.056640979	-0.000015490	0.000087738	-0.187365050	-0.000014770	-0.000000014	-0.000014170	0.000140022	-0.236930116	-0.000005297	-0.000000008	0.204280147	0.000000017	-0.000032804	0.263724405	0.000269028	0.000000020	-0.000012158	0.000415037	0.012865779	0.013120255	0.004429481	-0.004191200	-0.001797818	-0.000415042	-0.012865604	-0.013119894	-0.004429567	0.004191179	-0.001797710	0.000000001	0.000000044	0.000000047	0.000000024	0.000000019	0.000119649	-0.000415325	-0.012874631	-0.013129233	0.004428730	0.004198118	-0.001798921	0.000415332	0.012874997	0.013129689	-0.004428769	-0.004198183	-0.001799129	0.000000001	0.000000031	0.000000033	-0.000000017	0.000000013	0.000120903	0.000000045	0.000001154	0.000001070	-0.000000318	0.000000595	-0.002003809	0.000000047	0.000001201	0.000001113	0.000000330	0.000000619	-0.002004627		A1: R9*d(-1)
0.000000000	0.000000000	0.000000000	0.000000000	0.000000000	0.000000000	0.000000000	0.000000000	0.000000000	0.000000000	0.000000000	0.000000000	0.000000000	0.000000000	0.000000000	0.000000000	0.000000000	1.000000000	0.000000000	0.000000000	0.000000000	0.000000000	0.531577394	0.000000000	0.000000000	0.000000000	0.000000000	0.000000000	0.000000000	0.000000000	0.000000000	0.000478807	0.003704560	0.039822008	0.032472426	0.009538905	0.025123752	-0.062981246	-0.000000809	-0.020644998	-0.111844867	-0.000001014	-0.031383362	-0.038365233	-0.000000190	-0.031991792	-0.000000888	0.000001810	-0.051116293	-0.091454405	0.000549371	0.000000395	0.000003145	-0.163756949	-0.111669496	0.000001581	0.002039249	0.064170496	0.000003099	0.000004122	-0.220911206	-0.042074767	0.000477208	0.003692182	0.039688923	0.032363891	0.009507021	-0.024902573	-0.062928640	-0.000000803	0.020896007	-0.111820361	-0.000001007	0.031416655	-0.038382499	-0.000000189	-0.031884872	0.000000878	0.000001801	-0.051406875	0.091217665	0.000547551	-0.000000401	0.000003131	-0.164111737	0.111380365	0.000001569	-0.002204579	0.064146073	0.000003100	-0.000004095	0.221144347	-0.041302382	-0.005368630	-0.028912175	-0.140887250	-0.082473816	-0.020228876	0.000151480	-0.193988481	-0.000007874	0.000150945	-0.067732130	-0.000006119	0.000035818	0.023825909	-0.000000903	0.091688541	0.000000011	-0.000014770	0.190571539	0.000302650	-0.045384685	0.000000010	-0.000005297	0.034168668	0.000217095	0.000007184	-0.000076064	0.023177920	0.000013249	0.000000025	-0.000436271	0.147868139	-0.000061992	-0.001921704	-0.001959714	-0.001712828	-0.000430417	0.000441995	-0.000061982	-0.001921335	-0.001959310	-0.001712781	-0.000430587	-0.000441906	0.000674056	0.022164478	0.023284347	0.010433061	-0.001030382	-0.000000157	-0.000062970	-0.001951991	-0.001990592	0.001721785	-0.000419206	-0.000448948	-0.000062972	-0.001952098	-0.001990714	0.001721778	-0.000419149	0.000448987	0.000673911	0.022159312	0.023278724	-0.010429710	-0.001040962	-0.000000110	-0.000624998	-0.016020101	-0.014845488	0.005391312	-0.007019140	-0.000000247	-0.000626293	-0.016053090	-0.014875961	-0.005391624	-0.007040498	-0.000000258		A1: R9*d(2)
0.000000000	0.000000000	0.000000000	0.000000000	0.000000000	0.000000000	0.000000000	0.000000000	0.000000000	0.000000000	0.000000000	0.000000000	0.000000000	0.000000000	0.000000000	0.000000000	0.000000000	0.000000000	1.000000000	0.000000000	0.000000000	0.000000000	0.000000000	0.531577394	0.000000000	0.000000000	0.000000000	0.000000000	0.000000000	0.000000000	0.000000000	-0.001005861	-0.007782405	-0.083656631	-0.068216895	-0.020038987	-0.107589382	0.045514737	0.000001700	-0.101907046	0.004908124	0.000002131	-0.001757061	-0.026586914	0.000000400	0.067207197	0.000003320	-0.000001502	-0.091454405	0.097473924	-0.001154099	0.000003119	-0.000000354	-0.111669496	0.017677663	-0.000003322	0.071864627	-0.014223165	0.000004122	-0.000003599	-0.084358858	0.153952922	0.001006623	0.007788297	0.083719900	0.068268463	0.020054132	-0.107592952	-0.045700443	-0.000001695	-0.101869999	-0.005166993	-0.000002124	-0.001728231	0.026524502	-0.000000399	-0.067258018	0.000003306	0.000001501	0.091217665	0.097764494	0.001155006	0.000003105	0.000000360	0.111380365	0.018032385	0.000003310	0.071849862	0.014382328	-0.000004095	-0.000003597	-0.083639754	-0.154219636	-0.000004299	-0.000023153	-0.000112822	-0.000066045	-0.000016199	-0.092167298	-0.000192249	-0.000000006	-0.154628280	-0.000116152	-0.000000005	-0.056640969	-0.000003599	-0.000000001	0.000073424	-0.000006030	-0.000000014	0.000302650	-0.187364844	-0.000036344	-0.000009623	-0.000000008	0.000217095	-0.236929999	0.000000006	0.083396987	0.000051953	0.000000025	-0.000018489	0.322994821	0.000506391	-0.000621258	-0.019258474	-0.019639393	-0.005469050	0.006273706	0.004429481	-0.000621294	-0.019259040	-0.019639697	-0.005469426	0.006273944	-0.004429567	-0.000102812	-0.003380672	-0.003551481	-0.001712351	-0.001439050	0.000000024	0.000621176	0.019255781	0.019636574	-0.005461597	-0.006278863	0.004428730	0.000621153	0.019255305	0.019636212	-0.005461328	-0.006278627	-0.004428769	0.000103884	0.003415877	0.003588435	-0.001730080	0.001436074	-0.000000017	-0.000803157	-0.020586720	-0.019077278	0.003665329	-0.010615269	-0.000000318	0.000802174	0.020561267	0.019053565	0.003648293	0.010607121	0.000000330		A1: R9*d(-2)
0.000000000	0.000000000	0.000000000	0.000000000	0.000000000	0.000000000	0.000000000	0.000000000	0.000000000	0.000000000	0.000000000	0.000000000	0.000000000	0.000000000	0.531577394	0.000000000	0.000000000	0.000000000	0.000000000	1.000000000	0.000000000	0.000000000	0.000000000	0.000000000	0.000000000	0.000000000	0.000000000	0.000000000	0.000000000	0.000000000	0.000000000	-0.028321941	-0.088016211	-0.220880478	-0.174231555	-0.067200763	-0.103196636	0.065168575	0.000005803	-0.047918333	0.030260380	0.000009147	0.052710319	-0.033286515	0.000004643	0.072310200	0.000004631	-0.000002925	0.000549371	-0.001154099	0.192619576	0.000008684	-0.000005484	0.063582029	-0.133570821	-0.000005328	0.103007025	-0.065048835	0.000001540	-0.000003234	-0.010475691	-0.087629177	-0.028321951	-0.088016239	-0.220880511	-0.174231558	-0.067200756	0.103144763	0.065250610	0.000005779	0.047894200	0.030298444	0.000009109	-0.052683852	-0.033328434	0.000004624	0.072310211	-0.000004610	-0.000002916	0.000547551	0.001155006	0.192619617	-0.000008644	-0.000005468	0.063369538	0.133671841	-0.000005306	-0.102955287	-0.065130745	0.000001528	0.000003224	0.010684723	-0.087603972	-0.038366022	-0.115152788	-0.247600488	-0.172154474	-0.059725860	0.000035491	-0.088640199	-0.000017458	-0.000005756	0.014374910	-0.000024301	-0.000034066	0.085081701	-0.000011179	0.086574578	0.000000006	-0.000014170	-0.045384685	-0.000036344	0.245268401	0.000000009	-0.000023377	-0.212408598	-0.000170096	0.000013987	-0.000062581	0.156297456	0.000007200	0.000000006	0.000144598	-0.120378901	-0.020519875	-0.054454885	-0.039933462	-0.018298913	0.020215742	0.054648944	-0.020521288	-0.054458196	-0.039935597	-0.018301385	0.020218029	-0.054649714	-0.039745233	-0.107306046	-0.079936277	-0.092570427	0.007019135	0.000002517	-0.020521375	-0.054458749	-0.039936218	0.018285886	0.020233272	-0.054649110	-0.020519540	-0.054454076	-0.039932923	0.018282382	0.020229556	0.054648806	-0.039745642	-0.107306626	-0.079936352	0.092565401	0.007092630	0.000001757	-0.046269164	-0.116155876	-0.080977100	0.044586345	-0.091191685	-0.000005377	-0.046269531	-0.116156352	-0.080977150	-0.044513701	-0.091227680	-0.000005592		A1: R10*d(0)
0.000000000	0.000000000	0.000000000	0.000000000	0.000000000	0.000000000	0.000000000	0.000000000	0.000000000	0.000000000	0.000000000	0.000000000	0.000000000	0.000000000	0.000000000	0.531577394	0.000000000	0.000000000	0.000000000	0.000000000	1.000000000	0.000000000	0.000000000	0.000000000	0.000000000	0.000000000	0.000000000	0.000000000	0.000000000	0.000000000	0.000000000	-0.000000909	-0.000002826	-0.000007092	-0.000005594	-0.000002158	-0.000004421	0.000004420	-0.198850660	-0.000003654	0.000005416	-0.379669670	0.000000371	0.000001708	-0.237196592	0.000004631	-0.134246371	0.130906293	0.000000395	0.000003119	0.000008684	-0.230818714	0.321336254	0.000002968	0.000003459	0.091599696	0.000003972	-0.000004715	0.032875711	0.146618424	0.000002317	0.000000453	0.000000905	0.000002813	0.000007059	0.000005568	0.000002148	-0.000004396	-0.000004405	0.198750800	-0.000003631	-0.000005398	0.379478946	0.000000372	-0.000001702	0.237077406	-0.000004610	-0.134038103	-0.131005266	-0.000000401	0.000003105	-0.000008644	-0.230307395	-0.321579150	-0.000002966	0.000003441	-0.091553647	0.000003949	0.000004699	-0.033239811	0.146562238	0.000002312	-0.000000445	-0.000000001	-0.000000004	-0.000000009	-0.000000007	-0.000000002	-0.000008671	-0.000000010	0.000126170	-0.000014258	-0.000000011	0.000207470	-0.000007806	-0.000000003	0.000113581	0.000000006	0.112777391	0.000140022	0.000000010	-0.000009623	0.000000009	0.367902485	0.000294596	0.000000016	-0.000020246	-0.000029001	0.000010725	0.000000010	-0.000219861	0.227800093	0.000010829	0.000000013	-0.035762139	-0.094904242	-0.069596235	-0.044289368	0.075988084	0.009287118	0.035762439	0.094904275	0.069595748	0.044291002	-0.075987992	0.009284826	-0.000001792	-0.000004839	-0.000003605	-0.000004919	0.000000430	-0.057525111	-0.035730286	-0.094819507	-0.069533959	0.044169549	0.075974778	-0.009275974	0.035731014	0.094821785	0.069535860	-0.044169435	-0.075976149	-0.009279621	0.000001251	0.000003378	0.000002516	-0.000003433	-0.000000303	0.057522238	-0.000001734	-0.000004353	-0.000003034	0.000000651	-0.000004728	0.029629378	0.000001800	0.000004519	0.000003150	0.000000669	0.000004911	-0.029581211		A1: R10*d(1)
0.000000000	0.000000000	0.000000000	0.000000000	0.000000000	0.000000000	0.000000000	0.000000000	0.000000000	0.000000000	0.000000000	0.000000000	0.000000000	0.000000000	0.000000000	0.000000000	0.531577394	0.000000000	0.000000000	0.000000000	0.000000000	1.000000000	0.000000000	0.000000000	0.000000000	0.000000000	0.000000000	0.000000000	0.000000000	0.000000000	0.000000000	0.000000574	0.000001785	0.000004479	0.000003533	0.000001363	0.000004420	-0.000000213	0.125573997	0.000005416	0.000001502	0.239761026	0.000001708	0.000001997	0.149789416	-0.000002925	0.130906293	-0.009619037	0.000003145	-0.000000354	-0.000005484	0.321336254	0.075104552	0.000006458	0.000001782	-0.057845118	-0.000004715	-0.000000516	0.164642374	-0.004334178	0.000003479	-0.000000877	0.000000573	0.000001780	0.000004466	0.000003523	0.000001359	-0.000004405	-0.000000219	0.125732131	-0.000005398	0.000001487	0.240062916	-0.000001702	0.000001986	0.149978000	-0.000002916	-0.131005266	-0.009827304	0.000003131	0.000000360	-0.000005468	-0.321579150	0.074593351	0.000006432	-0.000001762	-0.057917931	0.000004699	-0.000000507	0.164608923	0.004712551	-0.000003461	-0.000000882	0.000003657	0.000010977	0.000023602	0.000016410	0.000005693	-0.000000010	0.000017120	-0.315112028	-0.000000011	0.000012888	-0.518160595	-0.000000003	-0.000000304	-0.283670894	-0.000014170	0.000140022	-0.236930116	-0.000005297	-0.000000008	-0.000023377	0.000294596	-0.367856159	0.000000001	-0.000000008	0.072429927	0.000000010	-0.000013938	0.093506531	0.000166090	0.000000004	0.000000646	0.039508259	0.104845557	0.076886511	0.075988084	-0.059454286	-0.010259953	-0.039507723	-0.104843289	-0.076884283	-0.075987992	0.059452544	-0.010257196	0.000000136	0.000000367	0.000000273	0.000000430	0.000000721	0.004361831	-0.039535441	-0.104917466	-0.076939093	0.075974778	0.059572928	-0.010263834	0.039536564	0.104920828	0.076941812	-0.075976149	-0.059574317	-0.010267952	0.000000096	0.000000259	0.000000193	-0.000000303	0.000000502	0.004407521	0.000003546	0.000008903	0.000006206	-0.000004728	0.000008009	-0.060600458	0.000003689	0.000009262	0.000006457	0.000004911	0.000008337	-0.060624599		A1: R10*d(-1)
0.000000000	0.000000000	0.000000000	0.000000000	0.000000000	0.000000000	0.000000000	0.000000000	0.000000000	0.000000000	0.000000000	0.000000000	0.000000000	0.000000000	0.000000000	0.000000000	0.000000000	0.531577394	0.000000000	0.000000000	0.000000000	0.000000000	1.000000000	0.000000000	0.000000000	0.000000000	0.000000000	0.000000000	0.000000000	0.000000000	0.000000000	0.021084158	0.065523325	0.164433609	0.129706000	0.050027345	-0.036559090	-0.228060965	-0.000002104	-0.180812694	-0.365339012	-0.000002578	-0.174488028	-0.189389813	-0.000000813	0.000549371	0.000000395	0.000003145	-0.163756949	-0.111669496	0.063582029	0.000002968	0.000006458	-0.349587936	-0.176788322	-0.000000222	0.044399713	0.019191966	0.000003823	0.000002408	-0.156620641	-0.007152220	0.021013693	0.065304335	0.163884020	0.129272464	0.049860126	0.037082950	-0.228005145	-0.000002088	0.181386249	-0.365378724	-0.000002559	0.174609862	-0.189495715	-0.000000807	0.000547551	-0.000000401	0.000003131	-0.164111737	0.111380365	0.063369538	-0.000002966	0.000006432	-0.350149539	0.176330558	-0.000000221	-0.044354009	0.019230916	0.000003815	-0.000002392	0.156742868	-0.006679155	-0.066451878	-0.199450417	-0.428856488	-0.298180200	-0.103448192	0.000313813	-0.153529179	-0.000012896	0.000404971	0.024898232	-0.000013573	0.000168157	0.147365872	-0.000003751	-0.045384685	0.000000010	-0.000005297	0.034168668	0.000217095	-0.212408598	0.000000016	0.000000001	-0.000000234	0.000294577	-0.000004037	0.000012144	-0.089468580	0.000001056	0.000000010	-0.000176386	0.070494439	-0.005901171	-0.015660310	-0.011484193	-0.048013918	-0.027965579	0.007582459	-0.005900039	-0.015657178	-0.011481812	-0.048013149	-0.027968618	-0.007580771	0.068053702	0.183734579	0.136870742	0.157845854	-0.020692294	-0.000002820	-0.005994177	-0.015907090	-0.011665141	0.048151450	-0.027788088	-0.007701690	-0.005994505	-0.015908019	-0.011665861	0.048151214	-0.027786918	0.007702441	0.068037843	0.183690866	0.136837569	-0.157784881	-0.020904978	-0.000001968	-0.049217244	-0.123556847	-0.086136625	0.095253066	-0.073618545	-0.000003679	-0.049318598	-0.123810816	-0.086313377	-0.095232446	-0.073922960	-0.000003834		A1: R10*d(2)
0.000000000	0.000000000	0.000000000	0.000000000	0.000000000	0.000000000	0.000000000	0.000000000	0.000000000	0.000000000	0.000000000	0.000000000	0.000000000	0.000000000	0.000000000	0.000000000	0.000000000	0.000000000	0.531577394	0.000000000	0.000000000	0.000000000	0.000000000	1.000000000	0.000000000	0.000000000	0.000000000	0.000000000	0.000000000	0.000000000	0.000000000	-0.044292836	-0.137649026	-0.345436167	-0.272481664	-0.105095634	-0.215362250	0.016450247	0.000004420	-0.177990503	-0.115859989	0.000005416	0.018053538	-0.154005514	0.000001708	-0.001154099	0.000003119	-0.000000354	-0.111669496	0.017677663	-0.133570821	0.000003459	0.000001782	-0.176788322	-0.062351745	0.000000467	-0.038329537	0.046687527	0.000002408	-0.000000089	-0.066695667	0.062331584	0.044326329	0.137753108	0.345697309	0.272687618	0.105175058	-0.215290385	-0.016984119	-0.000004405	-0.177794251	0.115137509	-0.000005398	0.018208827	0.153718652	-0.000001702	0.001155006	0.000003105	0.000000360	0.111380365	0.018032385	0.133671841	0.000003441	-0.000001762	0.176330558	-0.061790144	-0.000000466	-0.038363017	-0.046687479	-0.000002392	-0.000000096	-0.066297546	-0.062501223	-0.000053214	-0.000159719	-0.000343426	-0.000238781	-0.000082841	-0.315111879	-0.000249115	-0.000000010	-0.518160437	-0.000187532	-0.000000011	-0.283670851	0.000004429	-0.000000003	-0.000036344	-0.000009623	-0.000000008	0.000217095	-0.236929999	-0.000170096	-0.000020246	-0.000000008	0.000294577	-0.367856041	-0.000000003	0.029569413	-0.000059806	0.000000010	-0.000011415	0.114521593	0.000194014	-0.059138958	-0.156940779	-0.115089558	-0.073240225	0.088995682	0.075988084	-0.059140699	-0.156944135	-0.115091174	-0.073244468	0.088996904	-0.075987992	-0.010379997	-0.028024404	-0.020876424	-0.028487962	-0.055034282	0.000000430	0.059130690	0.156918501	0.115072995	-0.073096977	-0.089099508	0.075974778	0.059129227	0.156915189	0.115070947	-0.073093490	-0.089096850	-0.075976149	0.010488091	0.028316102	0.021093626	-0.028782253	0.054979141	-0.000000303	-0.063246894	-0.158777417	-0.110690352	0.023729629	-0.142849502	-0.000004728	0.063168699	0.158580505	0.110552691	0.023463418	0.142751227	0.000004911		A1: R10*d(-2)
0.000000000	0.000000000	0.000000000	0.000000000	0.000000000	0.000000000	0.000000000	0.000000000	0.000000000	0.000000000	0.000000000	0.000000000	0.000000000	0.000000000	0.000000000	0.000000000	0.000000000	0.000000000	0.000000000	0.000000000	0.000000000	0.000000000	0.000000000	0.000000000	1.000000000	0.000000000	0.000000000	0.000000000	0.000000000	0.000000000	0.000000000	-0.000000290	-0.000001106	-0.000002900	-0.000001203	-0.000000178	-0.000003895	0.000002459	-0.089001032	-0.000001276	0.000000806	-0.100396212	0.000000110	-0.000000070	-0.020904557	0.000005840	-0.126951411	0.080169692	-0.000001581	0.000003322	0.000005328	-0.091599696	0.057845118	0.000000222	-0.000000467	0.138066781	0.000009391	-0.000005931	-0.050676954	0.106460307	0.000000023	0.000000191	-0.000000289	-0.000001102	-0.000002888	-0.000001198	-0.000000178	0.000003877	0.000002452	-0.089001081	0.000001270	0.000000804	-0.100396228	-0.000000110	-0.000000070	-0.020904556	0.000005816	0.126887668	0.080270655	-0.000001569	-0.000003310	0.000005306	0.091553647	0.057917931	0.000000221	0.000000466	0.138066797	-0.000009348	-0.000005914	-0.050507558	-0.106540753	-0.000000023	0.000000190	0.000001821	0.000005820	0.000008959	0.000002845	0.000000359	-0.000000005	0.000013475	-0.146049061	-0.000000001	0.000001978	-0.113413516	0.000000000	-0.000000464	-0.019096417	-0.000019527	0.000081793	-0.204280147	-0.000007184	-0.000000006	-0.000013987	0.000029001	-0.072429927	0.000004037	0.000000003	0.142903477	0.000000012	-0.000029823	0.066540384	0.000053285	-0.000000007	0.000005527	-0.003846197	-0.022395783	-0.008056174	-0.015105510	0.016687827	0.008734847	0.003846301	0.022395924	0.008056127	0.015106100	-0.016688112	0.008734410	-0.000000159	-0.000000966	-0.000000357	-0.000001117	0.000000085	-0.007811124	0.003846201	0.022395683	0.008056112	-0.015092583	-0.016699893	0.008734076	-0.003846180	-0.022395766	-0.008056186	0.015092251	0.016699659	0.008734972	-0.000000111	-0.000000674	-0.000000249	0.000000779	0.000000060	-0.007811262	0.000000402	0.000002031	0.000000672	-0.000001137	0.000002325	-0.010141037	0.000000418	0.000002112	0.000000699	0.000001180	0.000002419	-0.010141176		A1: R11*f(0)
0.000000000	0.000000000	0.000000000	0.000000000	0.000000000	0.000000000	0.000000000	0.000000000	0.000000000	0.000000000	0.000000000	0.000000000	0.000000000	0.000000000	0.000000000	0.000000000	0.000000000	0.000000000	0.000000000	0.000000000	0.000000000	0.000000000	0.000000000	0.000000000	0.000000000	1.000000000	0.000000000	0.000000000	0.000000000	0.000000000	0.000000000	0.009140264	0.034836672	0.091313297	0.037877800	0.005618400	0.086304991	-0.077446731	-0.000004958	-0.000802290	-0.025376341	-0.000004320	-0.012010428	0.002195203	-0.000000746	-0.094123189	-0.000006831	0.000005549	-0.002039249	-0.071864627	-0.103007025	-0.000003972	0.000004715	-0.044399713	0.038329537	0.000009391	-0.124940394	0.118026432	-0.000000506	0.000008539	-0.026056980	0.047219872	-0.009135680	-0.034819195	-0.091267436	-0.037858765	-0.005615575	0.086181777	0.077505286	0.000004935	-0.000842689	0.025395511	0.000004300	-0.012006936	-0.002196863	0.000000742	0.094075919	-0.000006794	-0.000005530	0.002204579	-0.071849862	0.102955287	-0.000003949	-0.000004699	0.044354009	0.038363017	-0.000009348	-0.124752634	-0.118115676	0.000000485	0.000008503	-0.025986243	-0.047264911	-0.000010815	-0.000034572	-0.000053222	-0.000016900	-0.000002132	-0.059624247	-0.000080046	-0.000000009	-0.046300870	-0.000011748	-0.000000005	-0.007796081	0.000002755	-0.000000001	0.000058157	-0.000008580	-0.000000017	0.000076064	-0.083396987	0.000062581	-0.000010725	-0.000000010	-0.000012144	-0.029569413	0.000000012	0.099951773	0.000142760	0.000000024	-0.000020519	0.033270231	-0.000006190	0.000532026	0.003097902	0.001114372	-0.000432940	-0.000133513	-0.008580459	0.000532193	0.003098811	0.001114686	-0.000432405	-0.000134280	0.008581095	0.004948545	0.030112714	0.011117235	0.031631986	-0.002640285	-0.000000871	-0.000531758	-0.003096323	-0.001113801	-0.000432420	0.000134517	-0.008573462	-0.000531522	-0.003094980	-0.001113324	-0.000433288	0.000133295	0.008572854	-0.004948344	-0.030111116	-0.011116563	0.031628199	0.002667790	0.000000608	-0.002926927	-0.014784525	-0.004891043	0.004136821	-0.016928565	-0.000000912	0.002922190	0.014760452	0.004883051	0.004109828	0.016907679	0.000000947		A1: R11*f(1)
0.000000000	0.000000000	0.000000000	0.000000000	0.000000000	0.000000000	0.000000000	0.000000000	0.000000000	0.000000000	0.000000000	0.000000000	0.000000000	0.000000000	0.000000000	0.000000000	0.000000000	0.000000000	0.000000000	0.000000000	0.000000000	0.000000000	0.000000000	0.000000000	0.000000000	0.000000000	1.000000000	0.000000000	0.000000000	0.000000000	0.000000000	-0.005772068	-0.021999324	-0.057664258	-0.023919794	-0.003548014	-0.077446731	0.012573015	0.000003131	-0.025376341	-0.024961448	0.000002728	0.002195203	-0.009920518	0.000000471	0.059438702	0.000005549	-0.000001548	-0.064170496	0.014223165	0.065048835	0.000004715	0.000000516	-0.019191966	-0.046687527	-0.000005931	0.118026432	-0.012575136	0.000006746	-0.000002333	-0.052776420	-0.021542990	-0.005779340	-0.022027039	-0.057736871	-0.023949907	-0.003552480	0.077505286	0.012696231	0.000003122	0.025395511	-0.024921085	0.000002720	-0.002196863	-0.009924011	0.000000470	0.059513551	-0.000005530	-0.000001551	-0.064146073	-0.014382328	0.065130745	-0.000004699	0.000000507	-0.019230916	0.046687479	-0.000005914	-0.118115676	-0.012762917	0.000006715	0.000002341	0.052807011	-0.021454650	0.027010197	0.086345280	0.132923174	0.042207523	0.005325126	-0.000080046	0.140291890	0.000021908	-0.000011748	-0.016960925	0.000013548	0.000002755	-0.014677848	0.000001956	-0.145249413	-0.000000017	0.000032804	-0.023177920	-0.000051953	-0.156297456	-0.000000010	0.000013938	0.089468580	0.000059806	-0.000029823	0.000142760	-0.256593769	-0.000019477	-0.000000024	-0.000125141	0.115270528	-0.000587756	-0.003422410	-0.001231104	-0.000133513	-0.000406295	0.009479271	-0.000587928	-0.003423339	-0.001231423	-0.000134280	-0.000405612	-0.009479766	-0.000375222	-0.002283291	-0.000842962	-0.002640285	-0.002988679	0.000000066	-0.000588388	-0.003426071	-0.001232417	0.000134517	-0.000405148	-0.009486507	-0.000588132	-0.003424612	-0.001231899	0.000133295	-0.000406261	0.009485910	-0.000379156	-0.002307201	-0.000851783	0.002667790	-0.002984520	0.000000047	0.005986393	0.030238534	0.010003566	-0.016928565	0.030483642	0.000001865	0.005988821	0.030250502	0.010007468	0.016907679	0.030510974	0.000001940		A1: R11*f(-1)
0.000000000	0.000000000	0.000000000	0.000000000	0.000000000	0.000000000	0.000000000	0.000000000	0.000000000	0.000000000	0.000000000	0.000000000	0.000000000	0.000000000	0.000000000	0.000000000	0.000000000	0.000000000	0.000000000	0.000000000	0.000000000	0.000000000	0.000000000	0.000000000	0.000000000	0.000000000	0.000000000	1.000000000	0.000000000	0.000000000	0.000000000	0.000000161	0.000000614	0.000001609	0.000000667	0.000000099	0.000000947	-0.000003288	0.049384658	-0.000000662	-0.000002617	0.055707585	-0.000000347	-0.000000413	0.011599465	-0.000002636	0.034735620	-0.101027339	-0.000003099	-0.000004122	-0.000001540	-0.032875711	-0.164642374	-0.000003823	-0.000002408	-0.050676954	-0.000000506	0.000006746	-0.158579372	-0.170191828	-0.000007320	-0.000000896	0.000000160	0.000000609	0.000001597	0.000000662	0.000000098	-0.000000932	-0.000003272	0.049219618	0.000000665	-0.000002605	0.055521393	0.000000345	-0.000000412	0.011560694	-0.000002616	-0.034392915	-0.100948828	-0.000003100	0.000004095	-0.000001528	0.033239811	-0.164608923	-0.000003815	0.000002392	-0.050507558	0.000000485	0.000006715	-0.159120125	0.169751215	0.000007296	-0.000000869	0.000002350	0.000007514	0.000011567	0.000003673	0.000000463	-0.000000015	0.000017396	-0.188548466	-0.000000007	0.000002553	-0.146416173	-0.000000001	-0.000000599	-0.024653360	-0.000018324	0.000221272	-0.263724405	-0.000013249	-0.000000025	-0.000007200	0.000219861	-0.093506531	-0.000001056	-0.000000010	0.066540384	0.000000024	-0.000019477	0.177264460	0.000418933	0.000000026	-0.000007600	-0.000569310	-0.003315002	-0.001192467	-0.008227949	-0.002787776	0.001018418	0.000569195	0.003314264	0.001192187	0.008227507	0.002788447	0.001018127	0.000000203	0.000001233	0.000000455	0.000001422	-0.000000148	0.009968825	0.000578266	0.003367129	0.001211214	-0.008265543	0.002740026	0.001034338	-0.000578317	-0.003367457	-0.001211339	0.008265854	-0.002739881	0.001034551	0.000000141	0.000000860	0.000000318	-0.000000992	-0.000000104	0.009966575	0.000000319	0.000001610	0.000000533	-0.000001358	0.000001620	-0.008040291	0.000000332	0.000001678	0.000000555	0.000001413	0.000001690	-0.008056895		A1: R11*f(2)
0.000000000	0.000000000	0.000000000	0.000000000	0.000000000	0.000000000	0.000000000	0.000000000	0.000000000	0.000000000	0.000000000	0.000000000	0.000000000	0.000000000	0.000000000	0.000000000	0.000000000	0.000000000	0.000000000	0.000000000	0.000000000	0.000000000	0.000000000	0.000000000	0.000000000	0.000000000	0.000000000	0.000000000	1.000000000	0.000000000	0.000000000	-0.000000338	-0.000001290	-0.000003380	-0.000001402	-0.000000208	-0.000005118	0.000001951	-0.103745499	-0.000002140	-0.000000093	-0.117028476	-0.000000007	-0.000000296	-0.024367736	0.000005538	-0.164980052	0.066535659	-0.000004122	0.000003599	0.000003234	-0.146618424	0.004334178	-0.000002408	0.000000089	0.106460307	0.000008539	-0.000002333	-0.170191828	0.117939190	-0.000002946	0.000004074	0.000000337	0.000001285	0.000003369	0.000001397	0.000000207	-0.000005097	-0.000001953	0.103823969	-0.000002130	0.000000087	0.117116947	-0.000000007	0.000000294	0.024386152	-0.000005519	-0.164982069	-0.066827494	0.000004095	0.000003597	-0.000003224	-0.146562238	-0.004712551	0.000002392	0.000000096	-0.106540753	0.000008503	0.000002341	0.169751215	0.118479845	-0.000002913	-0.000004065	0.000000002	0.000000006	0.000000009	0.000000003	0.000000000	0.000010377	0.000000018	-0.000150989	0.000008058	0.000000005	-0.000117249	0.000001357	0.000000000	-0.000019742	-0.000000015	-0.144453604	-0.000269028	-0.000000025	0.000018489	-0.000000006	-0.227800093	-0.000166090	-0.000000010	0.000011415	0.000053285	-0.000020519	-0.000000024	0.000418933	-0.345881718	-0.000020526	-0.000000031	-0.005705379	-0.033221497	-0.011950382	-0.022645229	0.026202546	0.010206141	0.005705491	0.033221461	0.011950224	0.022646029	-0.026202615	0.010205479	-0.000000031	-0.000000188	-0.000000069	-0.000000237	-0.000000243	-0.001520511	-0.005704412	-0.033215681	-0.011948251	0.022611595	0.026224539	-0.010203421	0.005704461	0.033216278	0.011948532	-0.022611465	-0.026224719	-0.010204709	0.000000022	0.000000133	0.000000049	-0.000000167	0.000000169	0.001536356	0.000000410	0.000002069	0.000000684	-0.000000802	0.000002543	-0.010332221	-0.000000425	-0.000002149	-0.000000711	-0.000000830	-0.000002642	0.010319506		A1: R11*f(-2)
0.000000000	0.000000000	0.000000000	0.000000000	0.000000000	0.000000000	0.000000000	0.000000000	0.000000000	0.000000000	0.000000000	0.000000000	0.000000000	0.000000000	0.000000000	0.000000000	0.000000000	0.000000000	0.000000000	0.000000000	0.000000000	0.000000000	0.000000000	0.000000000	0.000000000	0.000000000	0.000000000	0.000000000	0.000000000	1.000000000	0.000000000	0.001656579	0.006313789	0.016549598	0.006864962	0.001018277	0.092126402	0.107079373	-0.000000410	0.086131738	0.132023567	-0.000000232	0.015787910	0.028845529	-0.000000021	-0.004625946	-0.000002416	-0.000002698	0.220911206	0.084358858	0.010475691	-0.000002317	-0.000003479	0.156620641	0.066695667	0.000000023	-0.026056980	-0.052776420	-0.000007320	-0.000002946	0.268752525	-0.052777041	-0.001689635	-0.006439777	-0.016879826	-0.007001943	-0.001038595	0.092539450	-0.106751093	0.000000417	0.086251774	-0.131891800	0.000000236	0.015771170	-0.028846874	0.000000021	0.004718247	-0.000002418	0.000002678	-0.221144347	0.083639754	-0.010684723	-0.000002312	0.000003461	-0.156742868	0.066297546	-0.000000023	-0.025986243	0.052807011	0.000007296	-0.000002913	0.268498218	0.053814627	-0.000041886	-0.000133898	-0.000206128	-0.000065453	-0.000008258	-0.230923570	-0.000310016	-0.000000014	-0.179322382	-0.000045498	-0.000000005	-0.030194071	0.000010672	-0.000000000	-0.000020147	-0.000013756	-0.000000020	0.000436271	-0.322994821	-0.000144598	-0.000010829	-0.000000004	0.000176386	-0.114521593	-0.000000007	0.033270231	-0.000125141	0.000000026	-0.000020526	0.220215841	0.000501239	0.004199662	0.024453953	0.008796536	0.019953959	-0.012356813	-0.014056191	0.004199763	0.024454037	0.008796459	0.019954831	-0.012356599	0.014056039	-0.006242463	-0.037986417	-0.014024108	-0.039715744	0.005799442	0.000000680	-0.004207084	-0.024497032	-0.008812004	0.019955811	0.012416028	-0.014080517	-0.004206956	-0.024496515	-0.008811866	0.019954937	0.012415637	0.014080718	0.006239136	0.037965701	0.014016356	-0.039687406	-0.005857907	-0.000000474	-0.008419856	-0.042530471	-0.014070007	0.018558210	-0.045442978	-0.000001593	0.008415734	0.042509236	0.014062901	0.018477459	0.045452514	0.000001655		A1: R11*f(3)
0.000000000	0.000000000	0.000000000	0.000000000	0.000000000	0.000000000	0.000000000	0.000000000	0.000000000	0.000000000	0.000000000	0.000000000	0.000000000	0.000000000	0.000000000	0.000000000	0.000000000	0.000000000	0.000000000	0.000000000	0.000000000	0.000000000	0.000000000	0.000000000	0.000000000	0.000000000	0.000000000	0.000000000	0.000000000	0.000000000	1.000000000	0.013857286	0.052814859	0.138437419	0.057425424	0.008517891	0.137630282	-0.106669165	-0.000003432	0.006438297	-0.026350970	-0.000001942	-0.016614807	0.005851999	-0.000000172	-0.038696051	-0.000004034	0.000003052	0.042074767	-0.153952922	0.087629177	-0.000000453	0.000000877	0.007152220	-0.062331584	0.000000191	0.047219872	-0.021542990	-0.000000896	0.000004074	-0.052777041	-0.166418260	0.013853309	0.052799689	0.138397579	0.057408882	0.008515436	-0.137325049	-0.107033583	-0.000003417	-0.006211553	-0.026670795	-0.000001933	0.016647823	0.005796408	-0.000000171	-0.038684872	0.000004009	0.000003050	0.041302382	0.154219636	0.087603972	0.000000445	0.000000882	0.006679155	0.062501223	0.000000190	-0.047264911	-0.021454650	-0.000000869	-0.000004065	0.053814627	-0.166163980	0.034869992	0.111471206	0.171602970	0.054489644	0.006874704	-0.000349902	0.181115838	0.000011338	-0.000206633	-0.021896522	0.000004332	-0.000028682	-0.018949021	0.000000309	0.016772234	-0.000000021	0.000012158	-0.147868139	-0.000506391	0.120378901	-0.000000013	-0.000000646	-0.070494439	-0.000194014	0.000005527	-0.000006190	0.115270528	-0.000007600	-0.000000031	0.000501239	-0.197067743	0.003102193	0.018063566	0.006497796	0.004654474	-0.018256490	-0.010382981	0.003102480	0.018064868	0.006498186	0.004655589	-0.018257649	0.010383581	0.001442154	0.008775745	0.003239895	0.010133646	0.011299682	-0.000000157	0.003092379	0.018006320	0.006477183	-0.004593411	-0.018231536	0.010349756	0.003092207	0.018005488	0.006476919	-0.004592749	-0.018230632	-0.010349644	0.001457039	0.008866210	0.003273269	-0.010237252	0.011277927	-0.000000111	0.001764187	0.008911282	0.002948046	-0.018606057	0.002325650	0.000000334	0.001784383	0.009013209	0.002981749	0.018648757	0.002449420	0.000000351		A1: R11*f(-3)
0.000000000	0.000000003	0.002087281	0.015606711	0.023614919	-0.001360594	0.000859214	0.000000018	-0.029468247	0.018609169	0.000000382	-0.035658707	0.022518439	0.000000462	-0.000643173	-0.000000021	0.000000013	0.000478807	-0.001005861	-0.028321941	-0.000000909	0.000000574	0.021084158	-0.044292836	-0.000000290	0.009140264	-0.005772068	0.000000161	-0.000000338	0.001656579	0.013857286	1.000000000	0.685598762	0.187968824	0.096914135	0.050600889	0.000000000	0.000000000	0.000000000	0.000000000	0.000000000	0.000000000	0.000000000	0.000000000	0.000000000	0.000000000	0.000000000	0.000000000	0.000000000	0.000000000	0.000000000	0.000000000	0.000000000	0.000000000	0.000000000	0.000000000	0.000000000	0.000000000	0.000000000	0.000000000	0.000000000	0.000000000	0.000000000	0.000000000	0.000000490	0.000524441	0.005730397	-0.000000024	-0.000000000	0.000000000	-0.000838055	-0.000000333	0.000000000	-0.015971842	-0.000006350	0.000000000	-0.000000000	-0.000000000	-0.000000000	0.000000001	0.000000000	-0.000755456	-0.000000000	-0.000000000	0.001308489	0.000001040	-0.000000000	0.000000953	0.000000000	0.000000000	0.000000000	-0.000001230	-0.000000001	0.000000000	0.000000000	0.000000889	0.000668054	0.006339492	-0.000000028	0.000000046	0.000000000	-0.000567909	0.000951887	0.000000024	-0.008891253	0.014902845	0.000000371	-0.000000001	-0.000000000	0.000000000	-0.000000001	-0.000000002	-0.001005503	-0.000000038	0.000000064	-0.000827220	-0.001532585	-0.000000000	0.000000990	-0.000001659	-0.000000000	-0.000000000	0.000002492	0.000000107	0.002421044	0.031756968	0.034651764	0.001302349	-0.018828935	-0.025418095	0.002421028	0.031756906	0.034651742	0.001302898	-0.018828536	0.025418206	0.002504595	0.032075399	0.034762186	0.026178600	0.018925193	-0.000000348	0.000000000	0.000015043	0.003016320	-0.000000001	-0.000000000	0.000000000	0.000000000	0.000015045	0.003016404	-0.000000001	-0.000000000	-0.000000000	0.000000000	0.000000115	0.000636987	-0.000000000	0.000000000	-0.000000000	0.000000000	0.000000120	0.000646252	-0.000000000	0.000000000	0.000000000	0.000000000	0.000026224	0.003601316	-0.000000000	0.000000004	0.000000000		A2: R12*s(0)
0.000000003	0.000004610	0.009645925	0.052849070	0.077673314	-0.007749030	0.004893505	0.000000100	-0.096687268	0.061057915	0.000001254	-0.114738661	0.072457352	0.000001488	-0.004976263	-0.000000160	0.000000101	0.003704560	-0.007782405	-0.088016211	-0.000002826	0.000001785	0.065523325	-0.137649026	-0.000001106	0.034836672	-0.021999324	0.000000614	-0.000001290	0.006313789	0.052814859	0.685598762	1.000000000	0.528931145	0.300858275	0.163841001	0.000000000	0.000000000	0.000000000	0.000000000	0.000000000	0.000000000	0.000000000	0.000000000	0.000000000	0.000000000	0.000000000	0.000000000	0.000000000	0.000000000	0.000000000	0.000000000	0.000000000	0.000000000	0.000000000	0.000000000	0.000000000	0.000000000	0.000000000	0.000000000	0.000000000	0.000000000	0.000000000	0.000000000	0.000006425	0.002097020	0.019409480	-0.000001052	-0.000000000	0.000000000	-0.003558187	-0.000001415	0.000000000	-0.053092320	-0.000021109	0.000000001	-0.000000101	-0.000000000	-0.000000000	0.000000174	0.000000000	-0.003191009	-0.000000000	-0.000000000	0.005526987	0.000004395	-0.000000000	0.000020153	0.000000008	0.000000000	0.000000000	-0.000026017	-0.000000031	0.000000000	0.000000000	0.000010775	0.002639255	0.021427503	-0.000001032	0.000001729	0.000000000	-0.002366172	0.003965999	0.000000099	-0.029486814	0.049423566	0.000001230	-0.000000220	-0.000000000	0.000000000	-0.000000181	-0.000000335	-0.004152444	-0.000000158	0.000000264	-0.003416186	-0.006329142	-0.000000002	0.000018320	-0.000030707	-0.000000001	-0.000000002	0.000046119	0.000001984	0.014601620	0.104765551	0.113008735	0.004692176	-0.067837928	-0.091577721	0.014601542	0.104765358	0.113008666	0.004694156	-0.067836536	0.091578183	0.015001182	0.105746309	0.113360823	0.093996238	0.067952335	-0.000001248	0.000000000	0.000084672	0.010390153	-0.000000076	-0.000000019	0.000000026	0.000000000	0.000084679	0.010390439	-0.000000076	-0.000000019	-0.000000026	0.000000000	0.000000934	0.002272849	-0.000000000	0.000000000	-0.000000000	0.000000000	0.000000974	0.002305150	-0.000000000	0.000000000	0.000000000	0.000000000	0.000141726	0.012355782	-0.000000030	0.000000231	0.000000000		A2: R13*s(0)
0.002087281	0.009645925	0.098035214	0.228449736	0.301627126	-0.091979078	0.058084698	0.000001192	-0.334112076	0.210991450	0.000004332	-0.389894646	0.246218088	0.000005055	-0.053492131	-0.000001717	0.000001085	0.039822008	-0.083656631	-0.220880478	-0.000007092	0.000004479	0.164433609	-0.345436167	-0.000002900	0.091313297	-0.057664258	0.000001609	-0.000003380	0.016549598	0.138437419	0.187968824	0.528931145	1.000000000	0.857542578	0.582216340	0.000000000	0.000000000	0.000000000	0.000000000	0.000000000	0.000000000	0.000000000	0.000000000	0.000000000	0.000000000	0.000000000	0.000000000	0.000000000	0.000000000	0.000000000	0.000000000	0.000000000	0.000000000	0.000000000	0.000000000	0.000000000	0.000000000	0.000000000	0.000000000	0.000000000	0.000000000	0.000000490	0.000006425	0.001309764	0.019558419	0.088868824	-0.001093002	-0.000000435	0.000000000	-0.037516046	-0.000014916	0.000000001	-0.216513031	-0.000086082	0.000000006	-0.000534503	-0.000000000	-0.000000000	0.000925787	0.000000736	-0.029401244	-0.000000003	-0.000000000	0.050924432	0.000040493	-0.000000000	0.003850882	0.000001531	0.000000000	0.000000000	-0.004971464	-0.000005930	0.000000889	0.000010775	0.001781903	0.023306573	0.096963268	-0.000785619	0.001316795	0.000000033	-0.023050824	0.038636047	0.000000961	-0.118695258	0.198948009	0.000004951	-0.000763048	-0.000000029	0.000000049	-0.000627754	-0.001163035	-0.034893934	-0.000001324	0.000002218	-0.028706990	-0.053185230	-0.000000266	0.002607828	-0.004371044	-0.000000163	-0.000000303	0.006564927	0.000282354	0.159780819	0.386137528	0.418035069	0.014919441	-0.215700349	-0.291184398	0.159780433	0.386137036	0.418034846	0.014925766	-0.215696345	0.291186437	0.161748408	0.388648667	0.419171495	0.295913355	0.213923490	-0.000003930	0.000015314	0.002670337	0.052060259	-0.000291622	-0.000073563	0.000099148	0.000015315	0.002670490	0.052061508	-0.000291647	-0.000073569	-0.000099158	0.000000044	0.000112354	0.013811196	-0.000002388	0.000000444	-0.000000000	0.000000046	0.000115709	0.013982427	-0.000001606	0.000001971	0.000000000	0.000029869	0.003831911	0.060561502	-0.000069694	0.000543348	0.000000014		A2: R14*s(0)
0.015606711	0.052849070	0.228449736	0.396643838	0.505169033	-0.140077603	0.088458869	0.000001816	-0.403769185	0.254979845	0.000005235	-0.532102372	0.336022128	0.000006899	-0.043619580	-0.000001401	0.000000884	0.032472426	-0.068216895	-0.174231555	-0.000005594	0.000003533	0.129706000	-0.272481664	-0.000001203	0.037877800	-0.023919794	0.000000667	-0.000001402	0.006864962	0.057425424	0.096914135	0.300858275	0.857542578	1.000000000	0.868364123	0.000000000	0.000000000	0.000000000	0.000000000	0.000000000	0.000000000	0.000000000	0.000000000	0.000000000	0.000000000	0.000000000	0.000000000	0.000000000	0.000000000	0.000000000	0.000000000	0.000000000	0.000000000	0.000000000	0.000000000	0.000000000	0.000000000	0.000000000	0.000000000	0.000000000	0.000000000	0.000524441	0.002097020	0.019558419	0.071147345	0.184617450	-0.018356928	-0.000007298	0.000000000	-0.119042633	-0.000047329	0.000000003	-0.373668564	-0.000148564	0.000000010	-0.007273039	-0.000000001	-0.000000000	0.012597270	0.000010017	-0.067718859	-0.000000006	-0.000000000	0.117292468	0.000093267	-0.000000001	0.015452011	0.000006143	0.000000001	0.000000000	-0.019948448	-0.000023793	0.000668054	0.002639255	0.023306573	0.080424844	0.198361269	-0.011148734	0.018686665	0.000000465	-0.068275682	0.114438531	0.000002848	-0.201448104	0.337652067	0.000008403	-0.008494190	-0.000000322	0.000000540	-0.006988109	-0.012946819	-0.074455607	-0.000002824	0.000004734	-0.061254096	-0.113485013	-0.000000909	0.008900204	-0.014917849	-0.000000558	-0.000001033	0.022405307	0.000963639	0.259790711	0.548828220	0.656185632	0.012027235	-0.173885798	-0.234736901	0.259790403	0.548827767	0.656185347	0.012032346	-0.173882737	0.234738770	0.261360325	0.551132693	0.657636604	0.237391257	0.171616337	-0.000003152	0.002588329	0.022033710	0.120490493	-0.009833256	-0.002480493	0.003343198	0.002588466	0.022034526	0.120492844	-0.009833680	-0.002480596	-0.003343376	0.000138809	0.002842162	0.040934768	-0.000868475	0.000161602	-0.000000001	0.000142628	0.002896731	0.041347207	-0.000571211	0.000701186	0.000000018	0.003614369	0.027827607	0.136269533	-0.001792005	0.013970802	0.000000365		A2: R15*s(0)
0.023614919	0.077673314	0.301627126	0.505169033	0.681770795	-0.089943895	0.056799482	0.000001166	-0.288146802	0.181964424	0.000003736	-0.498774818	0.314975810	0.000006467	-0.012813427	-0.000000411	0.000000260	0.009538905	-0.020038987	-0.067200763	-0.000002158	0.000001363	0.050027345	-0.105095634	-0.000000178	0.005618400	-0.003548014	0.000000099	-0.000000208	0.001018277	0.008517891	0.050600889	0.163841001	0.582216340	0.868364123	1.000000001	0.000000000	0.000000000	0.000000000	0.000000000	0.000000000	0.000000000	0.000000000	0.000000000	0.000000000	0.000000000	0.000000000	0.000000000	0.000000000	0.000000000	0.000000000	0.000000000	0.000000000	0.000000000	0.000000000	0.000000000	0.000000000	0.000000000	0.000000000	0.000000000	0.000000000	0.000000000	0.005730397	0.019409480	0.088868824	0.184617450	0.334587190	-0.049737909	-0.000019775	0.000000001	-0.197460304	-0.000078507	0.000000005	-0.479912236	-0.000190804	0.000000013	-0.009882082	-0.000000001	-0.000000000	0.017116262	0.000013610	-0.064210900	-0.000000006	-0.000000000	0.111216507	0.000088435	-0.000000001	0.009059096	0.000003602	0.000000001	0.000000000	-0.011695235	-0.000013949	0.006339492	0.021427503	0.096963268	0.198361269	0.352014336	-0.027274300	0.045715118	0.000001138	-0.106638581	0.178739520	0.000004448	-0.252977879	0.424022376	0.000010552	-0.010346836	-0.000000392	0.000000658	-0.008512268	-0.015770616	-0.066211016	-0.000002511	0.000004210	-0.054471330	-0.100918632	-0.000000483	0.004730677	-0.007929203	-0.000000296	-0.000000549	0.011908971	0.000512198	0.243150228	0.557412944	0.808493291	0.005442112	-0.078680260	-0.106214312	0.243150097	0.557412693	0.808493046	0.005444428	-0.078678920	0.106215218	0.243818335	0.558690158	0.809736152	0.107104261	0.077428466	-0.000001422	0.029628392	0.096265069	0.248760096	-0.041196989	-0.010392169	0.014006520	0.029629110	0.096267016	0.248763472	-0.041197712	-0.010392334	-0.014006907	0.007756253	0.031451608	0.117412983	-0.015017712	0.002794423	-0.000000014	0.007853371	0.031780025	0.118234429	-0.009748224	0.011966379	0.000000304	0.034519863	0.109357513	0.270987479	-0.006387420	0.049797500	0.000001301		A2: R16*s(0)
0.001360594	0.007749030	0.091979078	0.140077603	0.089943895	-0.088422767	0.069996710	0.000001437	-0.162108303	0.169970284	0.000003490	-0.004947015	0.081424684	0.000001672	-0.062320964	-0.000002209	0.000001700	0.025123752	-0.107589382	-0.103196636	-0.000004421	0.000004420	-0.036559090	-0.215362250	-0.000003895	0.086304991	-0.077446731	0.000000947	-0.000005118	0.092126402	0.137630282	0.000000000	0.000000000	0.000000000	0.000000000	0.000000000	1.000000000	0.000000000	0.000000000	0.626035393	0.000000000	0.000000000	0.256643582	0.000000000	0.000000000	0.000000000	0.000000000	0.000000000	0.000000000	0.000000000	0.000000000	0.000000000	0.000000000	0.000000000	0.000000000	0.000000000	0.000000000	0.000000000	0.000000000	0.000000000	0.000000000	0.000000000	0.000000024	0.000001052	0.001093002	0.018356928	0.049737909	-0.000809286	-0.000000340	0.000000000	-0.037191353	-0.000016440	0.000000001	-0.101292804	-0.000053041	0.000000004	-0.000364986	-0.000000000	-0.000000000	0.000632175	0.000000528	-0.030168365	-0.000000003	-0.000000000	0.052253121	0.000046334	-0.000000000	0.003860959	0.000001636	0.000000000	0.000000000	-0.004984474	-0.000006337	0.000000028	0.000001032	0.000785619	0.011148734	0.027274300	-0.000260782	0.000554994	0.000000014	-0.007805435	0.021863141	0.000000544	-0.001412986	0.061640911	0.000001534	-0.000285470	-0.000000010	0.000000020	-0.000313589	-0.000392615	-0.018254749	-0.000000540	0.000001444	-0.026396853	-0.021682069	-0.000000152	0.001120507	-0.002497947	-0.000000131	-0.000000153	0.003560169	-0.001077990	-0.008350243	-0.011727926	-0.004837757	0.146191713	0.013138701	0.017736572	-0.008353774	-0.011732905	-0.004839815	0.146190557	0.013144046	-0.017744241	-0.166587468	-0.231932619	-0.095231839	-0.205860721	-0.256585060	0.000004713	0.000004467	0.002335622	0.030800324	-0.000158447	-0.000042161	0.000056824	0.000004468	0.002335759	0.030800925	-0.000158463	-0.000042165	-0.000056830	0.000000004	0.000087598	0.010071010	-0.000000623	0.000000119	-0.000000000	0.000000003	0.000058070	0.006543815	-0.000000259	0.000000343	0.000000000	0.000001370	0.000469939	0.004835370	0.000011446	0.000046941	0.000000001		A2: R17*p(0)
-0.000859214	-0.004893505	-0.058084698	-0.088458869	-0.056799482	0.069996710	-0.021783470	-0.000000907	0.169970284	-0.000290695	-0.000002204	0.081424684	0.072572110	-0.000001056	0.039355628	0.000001700	-0.000000590	-0.062981246	0.045514737	0.065168575	0.000004420	-0.000000213	-0.228060965	0.016450247	0.000002459	-0.077446731	0.012573015	-0.000003288	0.000001951	0.107079373	-0.106669165	0.000000000	0.000000000	0.000000000	0.000000000	0.000000000	0.000000000	1.000000000	0.000000000	0.000000000	0.626035393	0.000000000	0.000000000	0.256643582	0.000000000	0.000000000	0.000000000	0.000000000	0.000000000	0.000000000	0.000000000	0.000000000	0.000000000	0.000000000	0.000000000	0.000000000	0.000000000	0.000000000	0.000000000	0.000000000	0.000000000	0.000000000	0.000000000	0.000000000	0.000000435	0.000007298	0.000019775	-0.000000340	0.000045484	0.000000000	-0.000016440	0.004159717	0.000000000	-0.000053041	0.032115443	0.000000000	-0.000000145	-0.000000000	0.000000000	0.000000303	-0.000064773	-0.000011994	-0.000000000	0.000000000	0.000030344	-0.012034049	-0.000000000	0.000001636	-0.000254356	0.000000000	-0.000000000	-0.000003157	0.000985118	-0.000000046	-0.000001729	-0.001316795	-0.018686665	-0.045715118	0.000554994	-0.000859903	-0.000000023	0.021863141	-0.031406912	-0.000000912	0.061640911	-0.067954958	-0.000002571	0.000478483	0.000000020	-0.000000031	0.000346670	0.000754658	0.030597228	0.000001444	-0.000002098	0.018383364	0.050300469	0.000000255	-0.002497947	0.003817065	0.000000134	0.000000302	-0.005847168	-0.000985981	0.120725061	0.169558481	0.069942687	0.013138701	-0.042854517	-0.256429500	0.120722682	0.169555432	0.069941493	0.013144046	-0.042848121	0.256426901	-0.120430430	-0.167670146	-0.068845583	-0.256585060	-0.036427053	0.000003407	0.000001127	0.000589174	0.007769553	-0.000042161	-0.000001948	0.000014334	0.000001127	0.000589207	0.007769691	-0.000042165	-0.000001948	-0.000014336	-0.000000001	-0.000016300	-0.001873965	0.000000119	-0.000000003	0.000000000	-0.000000003	-0.000071284	-0.008032825	0.000000343	-0.000000401	-0.000000000	-0.000010681	-0.003663732	-0.037697433	0.000046941	-0.000348491	-0.000000010		A2: R17*p(1)
-0.000000018	-0.000000100	-0.000001192	-0.000001816	-0.000001166	0.000001437	-0.000000907	0.022419384	0.000003490	-0.000002204	0.107045373	0.000001672	-0.000001056	0.123991719	0.000001646	-0.037304587	0.023557810	-0.000000809	0.000001700	0.000005803	-0.198850660	0.125573997	-0.000002104	0.000004420	-0.089001032	-0.000004958	0.000003131	0.049384658	-0.103745499	-0.000000410	-0.000003432	0.000000000	0.000000000	0.000000000	0.000000000	0.000000000	0.000000000	0.000000000	1.000000000	0.000000000	0.000000000	0.626035393	0.000000000	0.000000000	0.256643582	0.000000000	0.000000000	0.000000000	0.000000000	0.000000000	0.000000000	0.000000000	0.000000000	0.000000000	0.000000000	0.000000000	0.000000000	0.000000000	0.000000000	0.000000000	0.000000000	0.000000000	-0.000000000	-0.000000000	-0.000000000	-0.000000000	-0.000000001	0.000000000	0.000000000	0.000045484	0.000000001	0.000000000	0.004159724	0.000000004	0.000000000	0.032115464	0.000000000	-0.000064773	-0.000000026	-0.000000000	-0.000000000	0.000000001	-0.012034070	-0.000004785	-0.000000002	-0.000000000	-0.000623045	-0.000000000	-0.000000000	0.000804347	0.000000640	0.000000000	0.000000000	-0.000000000	-0.000000000	-0.000000033	-0.000000465	-0.000001138	0.000000014	-0.000000023	0.000070335	0.000000544	-0.000000912	0.005238431	0.000001534	-0.000002571	0.035362872	0.000000016	-0.000053381	0.000089472	0.000000011	0.000000020	0.000001319	-0.007714536	0.012930521	0.000000779	0.000001444	-0.000905831	-0.000000103	0.000000172	-0.000555455	-0.001029087	-0.000000177	-0.000000008	0.162972635	0.228895245	0.094419037	0.017736572	-0.256429500	-0.199066178	-0.162973590	-0.228896980	-0.094419839	-0.017744241	0.256426901	-0.199071903	0.000002212	0.000003080	0.000001265	0.000004713	0.000003407	0.149064985	-0.000001519	-0.000794085	-0.010471769	0.000056824	0.000014334	-0.000010632	0.000001519	0.000794140	0.010472079	-0.000056830	-0.000014336	-0.000010634	0.000000000	0.000000000	0.000000009	-0.000000000	0.000000000	0.000000019	-0.000000000	-0.000000002	-0.000000204	0.000000000	-0.000000000	0.000000020	-0.000000000	-0.000000096	-0.000000985	0.000000001	-0.000000010	0.000017467		A2: R17*p(-1)
0.029468247	0.096687268	0.334112076	0.403769185	0.288146802	-0.162108303	0.169970284	0.000003490	-0.207128296	0.328214138	0.000006738	0.055569259	0.213212074	0.000004377	-0.048001296	-0.000002092	0.000002131	-0.020644998	-0.101907046	-0.047918333	-0.000003654	0.000005416	-0.180812694	-0.177990503	-0.000001276	-0.000802290	-0.025376341	-0.000000662	-0.000002140	0.086131738	0.006438297	0.000000000	0.000000000	0.000000000	0.000000000	0.000000000	0.626035393	0.000000000	0.000000000	1.000000000	0.000000000	0.000000000	0.716848923	0.000000000	0.000000000	0.000000000	0.000000000	0.000000000	0.000000000	0.000000000	0.000000000	0.000000000	0.000000000	0.000000000	0.000000000	0.000000000	0.000000000	0.000000000	0.000000000	0.000000000	0.000000000	0.000000000	0.000838055	0.003558187	0.037516046	0.119042633	0.197460304	-0.037191353	-0.000016440	0.000000001	-0.203443723	-0.000095209	0.000000006	-0.313403895	-0.000175818	0.000000012	-0.015902404	-0.000000002	-0.000000000	0.027543761	0.000024472	-0.113066121	-0.000000013	-0.000000000	0.195836179	0.000187080	-0.000000003	0.033906734	0.000015512	0.000000003	0.000000000	-0.043773370	-0.000060078	0.000567909	0.002366172	0.023050824	0.068275682	0.106638581	-0.007805435	0.021863141	0.000000544	-0.027907054	0.117224232	0.000002917	0.019613160	0.200926267	0.000005000	-0.009573821	-0.000000281	0.000000760	-0.013964410	-0.011306309	-0.062162681	-0.000001439	0.000005655	-0.119550284	-0.057823812	-0.000001175	0.005405386	-0.019271750	-0.000001343	-0.000000999	0.025789099	-0.019173024	-0.018152204	-0.025130472	-0.014354765	0.294960620	0.013126632	0.017720279	-0.018159911	-0.025141155	-0.014360873	0.294959464	0.013131990	-0.017727965	-0.358916099	-0.495634877	-0.282431355	-0.054304532	-0.254563193	0.000004676	0.003965885	0.037312761	0.134907712	-0.017180956	-0.004809599	0.006482356	0.003966115	0.037314115	0.134909743	-0.017181736	-0.004809815	-0.006482724	0.000154239	0.004819184	0.056443532	-0.001261400	0.000248727	-0.000000001	0.000102217	0.003158492	0.036591503	-0.000488986	0.000695495	0.000000018	0.000794149	0.006511549	0.020590913	0.002228676	0.003843498	0.000000100		A2: R18*p(0)
-0.018609169	-0.061057915	-0.210991450	-0.254979845	-0.181964424	0.169970284	-0.000290695	-0.000002204	0.328214138	0.105342953	-0.000004255	0.213212074	0.258554552	-0.000002764	0.030312772	0.000002131	-0.000000064	-0.111844867	0.004908124	0.030260380	0.000005416	0.000001502	-0.365339012	-0.115859989	0.000000806	-0.025376341	-0.024961448	-0.000002617	-0.000000093	0.132023567	-0.026350970	0.000000000	0.000000000	0.000000000	0.000000000	0.000000000	0.000000000	0.626035393	0.000000000	0.000000000	1.000000000	0.000000000	0.000000000	0.716848923	0.000000000	0.000000000	0.000000000	0.000000000	0.000000000	0.000000000	0.000000000	0.000000000	0.000000000	0.000000000	0.000000000	0.000000000	0.000000000	0.000000000	0.000000000	0.000000000	0.000000000	0.000000000	0.000000333	0.000001415	0.000014916	0.000047329	0.000078507	-0.000016440	0.004159717	0.000000000	-0.000095209	0.036027032	0.000000000	-0.000175818	0.128815395	0.000000000	-0.000006323	-0.000000000	0.000000000	0.000016090	-0.006463452	-0.000044953	-0.000000000	0.000000002	0.000140577	-0.078871318	-0.000000000	0.000015512	-0.005109445	0.000000000	-0.000000001	-0.000041006	0.019788781	-0.000951887	-0.003965999	-0.038636047	-0.114438531	-0.178739520	0.021863141	-0.031406912	-0.000000912	0.117224232	-0.154451769	-0.000004890	0.200926267	-0.197288728	-0.000008381	0.016046914	0.000000760	-0.000001102	0.009569435	0.026419180	0.104192383	0.000005655	-0.000007543	0.044904237	0.180839323	0.000001969	-0.019271750	0.026209431	0.000000836	0.000002437	-0.041246830	-0.013874653	0.262438577	0.363328067	0.207536445	0.013126632	0.106088053	-0.256193937	0.262433867	0.363321727	0.207532922	0.013131990	0.106094182	0.256191694	-0.259469818	-0.358307392	-0.204177000	-0.254563193	0.113794015	0.000003380	0.001000416	0.009412351	0.034031219	-0.004809599	0.000672171	0.001635210	0.001000473	0.009412677	0.034031674	-0.004809815	0.000672229	-0.001635300	-0.000028700	-0.000896730	-0.010502738	0.000248727	0.000029020	0.000000000	-0.000125476	-0.003877189	-0.044917698	0.000695495	-0.000776163	-0.000000022	-0.006191329	-0.050765238	-0.160530554	0.003843498	-0.027242947	-0.000000783		A2: R18*p(1)
-0.000000382	-0.000001254	-0.000004332	-0.000005235	-0.000003736	0.000003490	-0.000002204	0.107045373	0.000006738	-0.000004255	0.312609861	0.000004377	-0.000002764	0.393197768	0.000002843	-0.098877559	0.062441082	-0.000001014	0.000002131	0.000009147	-0.379669670	0.239761026	-0.000002578	0.000005416	-0.100396212	-0.000004320	0.000002728	0.055707585	-0.117028476	-0.000000232	-0.000001942	0.000000000	0.000000000	0.000000000	0.000000000	0.000000000	0.000000000	0.000000000	0.626035393	0.000000000	0.000000000	1.000000000	0.000000000	0.000000000	0.716848923	0.000000000	0.000000000	0.000000000	0.000000000	0.000000000	0.000000000	0.000000000	0.000000000	0.000000000	0.000000000	0.000000000	0.000000000	0.000000000	0.000000000	0.000000000	0.000000000	0.000000000	-0.000000000	-0.000000000	-0.000000001	-0.000000003	-0.000000005	0.000000001	0.000000000	0.004159724	0.000000006	0.000000000	0.036027070	0.000000012	0.000000000	0.128815465	0.000000001	-0.006463462	-0.000002570	-0.000000001	-0.000000000	0.000000007	-0.078871405	-0.000031358	-0.000000007	-0.000000000	-0.012515547	-0.000000002	-0.000000000	0.016157497	0.000012848	0.000000002	0.000000000	-0.000000024	-0.000000099	-0.000000961	-0.000002848	-0.000004448	0.000000544	-0.000000912	0.005238431	0.000002917	-0.000004890	0.042030617	0.000005000	-0.000008381	0.139488675	0.000000698	-0.004127573	0.006918326	0.000000410	0.000000760	0.000005944	-0.046379883	0.077738451	0.000003052	0.000005655	-0.014923316	-0.000001147	0.000001922	-0.009150963	-0.016953922	-0.000001543	-0.000000066	0.354278607	0.490474240	0.280163547	0.017720279	-0.256193937	-0.049980108	-0.354281305	-0.490478219	-0.280165953	-0.017727965	0.256191694	-0.049986304	0.000004766	0.000006582	0.000003750	0.000004676	0.000003380	0.297824393	-0.001348357	-0.012685925	-0.045867127	0.006482356	0.001635210	-0.000318510	0.001348449	0.012686514	0.045868280	-0.006482724	-0.001635300	-0.000318547	0.000000000	0.000000005	0.000000053	-0.000000001	0.000000000	0.000075302	-0.000000003	-0.000000098	-0.000001139	0.000000018	-0.000000022	0.000077588	-0.000000162	-0.000001326	-0.000004194	0.000000100	-0.000000783	0.002721674		A2: R18*p(-1)
0.035658707	0.114738661	0.389894646	0.532102372	0.498774818	-0.004947015	0.081424684	0.000001672	0.055569259	0.213212074	0.000004377	0.280979868	0.243835273	0.000005006	0.006871782	-0.000000036	0.000000400	-0.031383362	-0.001757061	0.052710319	0.000000371	0.000001708	-0.174488028	0.018053538	0.000000110	-0.012010428	0.002195203	-0.000000347	-0.000000007	0.015787910	-0.016614807	0.000000000	0.000000000	0.000000000	0.000000000	0.000000000	0.256643582	0.000000000	0.000000000	0.716848923	0.000000000	0.000000000	0.999999999	0.000000000	0.000000000	0.000000000	0.000000000	0.000000000	0.000000000	0.000000000	0.000000000	0.000000000	0.000000000	0.000000000	0.000000000	0.000000000	0.000000000	0.000000000	0.000000000	0.000000000	0.000000000	0.000000000	0.015971842	0.053092320	0.216513031	0.373668564	0.479912236	-0.101292804	-0.000053041	0.000000004	-0.313403895	-0.000175818	0.000000012	-0.413164371	-0.000289274	0.000000019	-0.015009793	-0.000000002	-0.000000000	0.025997709	0.000029903	-0.066189883	-0.000000010	-0.000000000	0.114644156	0.000151288	-0.000000001	0.007026480	0.000005362	0.000000001	0.000000000	-0.009071130	-0.000020765	0.008891253	0.029486814	0.118695258	0.201448104	0.252977879	-0.001412986	0.061640911	0.000001534	0.019613160	0.200926267	0.000005000	0.139571200	0.322117356	0.000008016	-0.007558263	-0.000000033	0.000000951	-0.025122524	-0.001316542	-0.032065951	0.000000410	0.000005052	-0.147468767	0.016483202	-0.000000345	-0.003397206	-0.005656079	-0.000000903	-0.000000018	0.004987732	-0.022329082	-0.012319996	-0.023193736	-0.021958243	0.214736297	0.004015439	0.005420637	-0.012325238	-0.023203606	-0.021967591	0.214735943	0.004017081	-0.005422992	-0.242525768	-0.456352547	-0.431694483	0.108305068	-0.077574393	0.000001425	0.077112491	0.213052303	0.374922464	-0.083369452	-0.027488010	0.037048220	0.077114012	0.213055566	0.374925531	-0.083370235	-0.027488320	-0.037049073	0.024921589	0.087849956	0.229450187	-0.042712535	0.009175757	-0.000000046	0.016195037	0.056959521	0.148224748	-0.013859422	0.025216946	0.000000640	0.012121602	0.032572097	0.054796448	0.027599111	0.017759936	0.000000464		A2: R19*p(0)
-0.022518439	-0.072457352	-0.246218088	-0.336022128	-0.314975810	0.081424684	0.072572110	-0.000001056	0.213212074	0.258554552	-0.000002764	0.243835273	0.513119509	-0.000003161	-0.004339523	0.000000400	0.000000345	-0.038365233	-0.026586914	-0.033286515	0.000001708	0.000001997	-0.189389813	-0.154005514	-0.000000070	0.002195203	-0.009920518	-0.000000413	-0.000000296	0.028845529	0.005851999	0.000000000	0.000000000	0.000000000	0.000000000	0.000000000	0.000000000	0.256643582	0.000000000	0.000000000	0.716848923	0.000000000	0.000000000	0.999999999	0.000000000	0.000000000	0.000000000	0.000000000	0.000000000	0.000000000	0.000000000	0.000000000	0.000000000	0.000000000	0.000000000	0.000000000	0.000000000	0.000000000	0.000000000	0.000000000	0.000000000	0.000000000	0.000006350	0.000021109	0.000086082	0.000148564	0.000190804	-0.000053041	0.032115443	0.000000000	-0.000175818	0.128815395	0.000000000	-0.000289274	0.314419151	0.000000000	-0.000005968	-0.000000000	0.000000001	0.000028798	-0.023217871	-0.000026316	-0.000000000	0.000000004	0.000165835	-0.151232836	-0.000000000	0.000005362	-0.006458836	0.000000000	-0.000000001	-0.000033443	0.025014947	-0.014902845	-0.049423566	-0.198948009	-0.337652067	-0.424022376	0.061640911	-0.067954958	-0.000002571	0.200926267	-0.197288728	-0.000008381	0.322117356	-0.208157666	-0.000013436	0.012668589	0.000000951	-0.000001059	-0.000856278	0.025397124	0.053746520	0.000005052	-0.000005044	-0.028026174	0.120913829	0.000000578	-0.005656079	0.002708587	-0.000000058	0.000000879	-0.006160510	-0.013714798	0.178118437	0.335327373	0.317465027	0.004015439	0.156960142	-0.078369775	0.178115395	0.335321679	0.317459687	0.004017081	0.156961973	0.078369148	-0.175328209	-0.329909170	-0.312083212	-0.077574393	0.159530630	0.000001030	0.019452053	0.053743625	0.094576271	-0.027488010	0.018665449	0.009345619	0.019452404	0.053744358	0.094576886	-0.027488320	0.018666010	-0.009345818	-0.004637288	-0.016346693	-0.042694975	0.009175757	0.004892190	0.000000009	-0.019880128	-0.069920346	-0.181952474	0.025216946	-0.024271753	-0.000000785	-0.094502244	-0.253938075	-0.427203211	0.017759936	-0.108582593	-0.000003618		A2: R19*p(1)
-0.000000462	-0.000001488	-0.000005055	-0.000006899	-0.000006467	0.000001672	-0.000001056	0.123991719	0.000004377	-0.000002764	0.393197768	0.000005006	-0.000003161	0.667101246	0.000000945	-0.046068001	0.029091898	-0.000000190	0.000000400	0.000004643	-0.237196592	0.149789416	-0.000000813	0.000001708	-0.020904557	-0.000000746	0.000000471	0.011599465	-0.024367736	-0.000000021	-0.000000172	0.000000000	0.000000000	0.000000000	0.000000000	0.000000000	0.000000000	0.000000000	0.256643582	0.000000000	0.000000000	0.716848923	0.000000000	0.000000000	0.999999999	0.000000000	0.000000000	0.000000000	0.000000000	0.000000000	0.000000000	0.000000000	0.000000000	0.000000000	0.000000000	0.000000000	0.000000000	0.000000000	0.000000000	0.000000000	0.000000000	0.000000000	-0.000000000	-0.000000001	-0.000000006	-0.000000010	-0.000000013	0.000000004	0.000000000	0.032115464	0.000000012	0.000000000	0.128815465	0.000000019	0.000000000	0.314419266	0.000000001	-0.023217886	-0.000009231	-0.000000001	-0.000000000	0.000000009	-0.151232920	-0.000060127	-0.000000007	-0.000000000	-0.015820857	-0.000000002	-0.000000000	0.020424632	0.000016241	0.000000001	0.000000000	-0.000000371	-0.000001230	-0.000004951	-0.000008403	-0.000010552	0.000001534	-0.000002571	0.035362872	0.000005000	-0.000008381	0.139488675	0.000008016	-0.000013436	0.331751070	0.000001241	-0.012816696	0.021482376	0.000000513	0.000000951	0.000007269	-0.082094794	0.137601080	0.000002727	0.000005052	-0.016587221	-0.000000882	0.000001479	-0.010171268	-0.018844233	-0.000000728	-0.000000031	0.240450747	0.452674741	0.428561490	0.005420637	-0.078369775	0.109218861	-0.240452787	-0.452678625	-0.428565236	-0.005422992	0.078369148	0.109216886	0.000003221	0.000006060	0.000005733	0.000001425	0.000001030	0.215611184	-0.026217393	-0.072435422	-0.127469484	0.037048220	0.009345619	0.013003468	0.026218174	0.072437262	0.127471812	-0.037049073	-0.009345818	0.013003678	0.000000023	0.000000083	0.000000216	-0.000000046	0.000000009	0.006599570	-0.000000504	-0.000001774	-0.000004615	0.000000640	-0.000000785	0.006683170	-0.000002469	-0.000006635	-0.000011162	0.000000464	-0.000003618	0.029877140		A2: R19*p(-1)
-0.000643173	-0.004976263	-0.053492131	-0.043619580	-0.012813427	0.062320964	-0.039355628	-0.000001646	0.048001296	-0.030312772	-0.000002843	-0.006871782	0.004339523	-0.000000945	0.055059901	0.000003093	-0.000001953	-0.031991792	0.067207197	0.072310200	0.000004631	-0.000002925	0.000549371	-0.001154099	0.000005840	-0.094123189	0.059438702	-0.000002636	0.000005538	-0.004625946	-0.038696051	0.000000000	0.000000000	0.000000000	0.000000000	0.000000000	0.000000000	0.000000000	0.000000000	0.000000000	0.000000000	0.000000000	0.000000000	0.000000000	0.000000000	1.000000000	0.000000000	0.000000000	0.000000000	0.000000000	0.531577394	0.000000000	0.000000000	0.000000000	0.000000000	0.000000000	0.000000000	0.000000000	0.000000000	0.000000000	0.000000000	0.000000000	-0.000000000	-0.000000101	-0.000534503	-0.007273039	-0.009882082	0.000364986	0.000000145	-0.000000000	0.015902404	0.000006323	-0.000000001	0.015009793	0.000005968	-0.000000001	0.000150856	0.000000000	0.000000000	-0.000255571	-0.000000203	0.014521800	0.000000002	0.000000000	-0.021986553	-0.000017483	0.000000000	-0.002255105	-0.000000897	-0.000000000	-0.000000000	0.002697963	0.000003218	-0.000000001	-0.000000220	-0.000763048	-0.008494190	-0.010346836	0.000285470	-0.000478483	-0.000000016	0.009573821	-0.016046914	-0.000000698	0.007558263	-0.012668589	-0.000001241	0.000244656	0.000000012	-0.000000020	0.000196399	0.000363867	0.016997882	0.000001042	-0.000001747	0.012027758	0.022283739	0.000000228	-0.001638887	0.002746978	0.000000136	0.000000251	-0.003789495	-0.000162984	0.111579218	0.070136730	0.010456166	0.016576540	-0.239658146	0.017561464	0.111582825	0.070139144	0.010456536	0.016583942	-0.239659100	-0.017554028	-0.120830939	-0.075150286	-0.011148841	-0.111598267	-0.080677301	0.000006103	-0.000000727	-0.000860774	-0.005509340	0.000044740	0.000011286	-0.000020793	-0.000000727	-0.000860819	-0.005509386	0.000044745	0.000011287	0.000020796	-0.000000000	-0.000040997	-0.002877425	0.000000123	-0.000000023	0.000000000	-0.000000000	-0.000042341	-0.002906384	0.000000084	-0.000000103	-0.000000000	-0.000002568	-0.001769552	-0.008620210	0.000018256	-0.000142323	-0.000000005		A2: R20*d(0)
-0.000000021	-0.000000160	-0.000001717	-0.000001401	-0.000000411	0.000002209	-0.000001700	0.037304587	0.000002092	-0.000002131	0.098877559	0.000000036	-0.000000400	0.046068001	0.000003093	-0.064220036	0.048187154	-0.000000888	0.000003320	0.000004631	-0.134246371	0.130906293	0.000000395	0.000003119	-0.126951411	-0.000006831	0.000005549	0.034735620	-0.164980052	-0.000002416	-0.000004034	0.000000000	0.000000000	0.000000000	0.000000000	0.000000000	0.000000000	0.000000000	0.000000000	0.000000000	0.000000000	0.000000000	0.000000000	0.000000000	0.000000000	0.000000000	1.000000000	0.000000000	0.000000000	0.000000000	0.000000000	0.531577394	0.000000000	0.000000000	0.000000000	0.000000000	0.000000000	0.000000000	0.000000000	0.000000000	0.000000000	0.000000000	-0.000000000	-0.000000000	-0.000000000	-0.000000001	-0.000000001	0.000000000	0.000000000	0.000064773	0.000000002	0.000000000	0.006463462	0.000000002	0.000000000	0.023217886	0.000000000	-0.000080054	-0.000000033	-0.000000000	-0.000000000	0.000000002	-0.018909895	-0.000008245	-0.000000003	-0.000000000	-0.001091337	-0.000000000	-0.000000000	0.001408910	0.000001180	0.000000000	0.000000000	-0.000000000	-0.000000000	-0.000000029	-0.000000322	-0.000000392	0.000000010	-0.000000020	0.000053381	0.000000281	-0.000000760	0.004127573	0.000000033	-0.000000951	0.012816696	0.000000012	-0.000031538	0.000062800	0.000000010	0.000000014	0.000001042	-0.004375697	0.011319861	0.000001006	0.000000869	-0.000836669	-0.000000085	0.000000179	-0.000692880	-0.000853446	-0.000000177	0.000000045	-0.013670961	-0.008593325	-0.001281115	0.195609801	0.019044374	0.015618959	0.013676859	0.008597051	0.001281672	-0.195609896	-0.019052291	0.015626034	-0.000003650	-0.000002270	-0.000000337	-0.000004208	-0.000004971	-0.200918397	-0.000001029	-0.001217833	-0.007794673	0.000067819	0.000017921	-0.000014674	0.000001029	0.001217915	0.007794862	-0.000067827	-0.000017923	-0.000014676	0.000000000	0.000000000	0.000000009	-0.000000000	0.000000000	0.000000011	-0.000000000	-0.000000002	-0.000000125	0.000000000	-0.000000000	0.000000008	-0.000000000	-0.000000020	-0.000000098	-0.000000000	-0.000000002	0.000002824		A2: R20*d(1)
0.000000013	0.000000101	0.000001085	0.000000884	0.000000260	-0.000001700	0.000000590	-0.023557810	-0.000002131	0.000000064	-0.062441082	-0.000000400	-0.000000345	-0.029091898	-0.000001953	0.048187154	-0.018344193	0.000001810	-0.000001502	-0.000002925	0.130906293	-0.009619037	0.000003145	-0.000000354	0.080169692	0.000005549	-0.000001548	-0.101027339	0.066535659	-0.000002698	0.000003052	0.000000000	0.000000000	0.000000000	0.000000000	0.000000000	0.000000000	0.000000000	0.000000000	0.000000000	0.000000000	0.000000000	0.000000000	0.000000000	0.000000000	0.000000000	0.000000000	1.000000000	0.000000000	0.000000000	0.000000000	0.000000000	0.531577394	0.000000000	0.000000000	0.000000000	0.000000000	0.000000000	0.000000000	0.000000000	0.000000000	0.000000000	-0.000000000	-0.000000000	-0.000000000	-0.000000000	-0.000000000	0.000000000	-0.000000000	0.000000026	0.000000000	-0.000000000	0.000002570	0.000000000	-0.000000001	0.000009231	0.000000000	-0.000000033	0.000003302	-0.000000000	0.000000000	0.000000000	-0.000008245	0.001827850	-0.000000000	0.000000001	-0.000000434	-0.000000000	0.000000000	0.000000680	-0.000150870	0.000000000	-0.000000000	0.000000000	0.000000000	0.000000049	0.000000540	0.000000658	-0.000000020	0.000000031	-0.000089472	-0.000000760	0.000001102	-0.006918326	-0.000000951	0.000001059	-0.021482376	-0.000000020	0.000062800	-0.000099331	-0.000000012	-0.000000026	-0.000001747	0.011319861	-0.016595598	-0.000000741	-0.000001966	0.001402361	0.000000179	-0.000000278	0.000752634	0.001651091	0.000000292	0.000000044	0.197650243	0.124239460	0.018521941	0.019044374	-0.078410219	-0.225813745	-0.197648051	-0.124238342	-0.018521793	-0.019052291	0.078401615	-0.225816106	-0.000002639	-0.000001641	-0.000000243	-0.000004971	-0.000000926	-0.145249155	-0.000000260	-0.000307205	-0.001966249	0.000017921	0.000001298	-0.000003702	0.000000260	0.000307225	0.001966294	-0.000017923	-0.000001298	-0.000003702	-0.000000000	-0.000000000	-0.000000002	0.000000000	-0.000000000	-0.000000002	0.000000000	0.000000002	0.000000154	-0.000000000	0.000000000	-0.000000009	0.000000000	0.000000158	0.000000768	-0.000000002	0.000000013	-0.000022017		A2: R20*d(-1)
0.000478807	0.003704560	0.039822008	0.032472426	0.009538905	-0.025123752	0.062981246	0.000000809	0.020644998	0.111844867	0.000001014	0.031383362	0.038365233	0.000000190	-0.031991792	-0.000000888	0.000001810	-0.051116293	-0.091454405	0.000549371	0.000000395	0.000003145	-0.163756949	-0.111669496	-0.000001581	-0.002039249	-0.064170496	-0.000003099	-0.000004122	0.220911206	0.042074767	0.000000000	0.000000000	0.000000000	0.000000000	0.000000000	0.000000000	0.000000000	0.000000000	0.000000000	0.000000000	0.000000000	0.000000000	0.000000000	0.000000000	0.000000000	0.000000000	0.000000000	1.000000000	0.000000000	0.000000000	0.000000000	0.000000000	0.531577394	0.000000000	0.000000000	0.000000000	0.000000000	0.000000000	0.000000000	0.000000000	0.000000000	0.000000001	0.000000174	0.000925787	0.012597270	0.017116262	-0.000632175	-0.000000303	0.000000000	-0.027543761	-0.000016090	0.000000001	-0.025997709	-0.000028798	0.000000001	-0.000255571	-0.000000000	-0.000000000	0.000445963	0.000000418	-0.021986553	-0.000000003	-0.000000000	0.039909655	0.000046771	-0.000000000	0.003667407	0.000001812	0.000000000	0.000000000	-0.004857783	-0.000007166	-0.000000001	-0.000000181	-0.000627754	-0.006988109	-0.008512268	0.000313589	-0.000346670	-0.000000011	0.013964410	-0.009569435	-0.000000410	0.025122524	0.000856278	-0.000000513	0.000196399	0.000000010	-0.000000012	0.000056978	0.000359009	0.012027758	0.000001006	-0.000000741	-0.007649807	0.029086132	0.000000145	-0.001760541	0.001805863	0.000000016	0.000000207	-0.003158264	-0.002410059	-0.072856347	-0.045796216	-0.006827419	-0.017109963	-0.044384681	0.137010010	-0.072853367	-0.045794438	-0.006827160	-0.017116942	-0.044387606	-0.137005755	0.065615870	0.040809510	0.006054252	-0.077323584	0.234599072	-0.000001641	0.000001417	0.001677023	0.010733696	-0.000088349	-0.000027069	0.000033261	0.000001417	0.001677120	0.010733851	-0.000088359	-0.000027072	-0.000033265	0.000000000	0.000066256	0.004650275	-0.000000199	0.000000041	-0.000000000	-0.000000000	-0.000014828	-0.001017830	0.000000039	-0.000000029	-0.000000000	-0.000004304	-0.002965733	-0.014447297	0.000036153	-0.000237818	-0.000000007		A2: R20*d(2)
-0.001005861	-0.007782405	-0.083656631	-0.068216895	-0.020038987	0.107589382	-0.045514737	-0.000001700	0.101907046	-0.004908124	-0.000002131	0.001757061	0.026586914	-0.000000400	0.067207197	0.000003320	-0.000001502	-0.091454405	0.097473924	-0.001154099	0.000003119	-0.000000354	-0.111669496	0.017677663	0.000003322	-0.071864627	0.014223165	-0.000004122	0.000003599	0.084358858	-0.153952922	0.000000000	0.000000000	0.000000000	0.000000000	0.000000000	0.000000000	0.000000000	0.000000000	0.000000000	0.000000000	0.000000000	0.000000000	0.000000000	0.000000000	0.000000000	0.000000000	0.000000000	0.000000000	1.000000000	0.000000000	0.000000000	0.000000000	0.000000000	0.531577394	0.000000000	0.000000000	0.000000000	0.000000000	0.000000000	0.000000000	0.000000000	0.000000000	0.000000000	0.000000736	0.000010017	0.000013610	-0.000000528	0.000064773	0.000000000	-0.000024472	0.006463452	0.000000000	-0.000029903	0.023217871	0.000000000	-0.000000203	-0.000000000	0.000000000	0.000000418	-0.000080054	-0.000017483	-0.000000000	0.000000001	0.000046771	-0.018909862	-0.000000000	0.000003093	-0.000445535	0.000000000	-0.000000000	-0.000005921	0.001725550	-0.000000002	-0.000000335	-0.001163035	-0.012946819	-0.015770616	0.000392615	-0.000754658	-0.000000020	0.011306309	-0.026419180	-0.000000760	0.001316542	-0.025397124	-0.000000951	0.000363867	0.000000014	-0.000000026	0.000359009	0.000528334	0.022283739	0.000000869	-0.000001966	0.029086132	0.030538472	0.000000269	-0.002056409	0.004064829	0.000000207	0.000000288	-0.006084872	0.000965817	-0.010127023	-0.006365668	-0.000949010	0.144901659	0.004017511	0.019044374	-0.010131133	-0.006368265	-0.000949398	0.144898025	0.004018745	-0.019052291	0.198733252	0.123601296	0.018336739	0.229087101	0.069699056	-0.000004971	0.000000763	0.000903574	0.005783275	-0.000050318	-0.000003817	0.000017921	0.000000763	0.000903624	0.005783348	-0.000050324	-0.000003817	-0.000017923	-0.000000000	-0.000025542	-0.001792671	0.000000079	-0.000000004	0.000000000	-0.000000001	-0.000071822	-0.004930033	0.000000141	-0.000000177	-0.000000000	-0.000001123	-0.000773543	-0.003768246	-0.000013324	-0.000064948	-0.000000002		A2: R20*d(-2)
-0.028321941	-0.088016211	-0.220880478	-0.174231555	-0.067200763	0.103196636	-0.065168575	-0.000005803	0.047918333	-0.030260380	-0.000009147	-0.052710319	0.033286515	-0.000004643	0.072310200	0.000004631	-0.000002925	0.000549371	-0.001154099	0.192619576	0.000008684	-0.000005484	0.063582029	-0.133570821	0.000005328	-0.103007025	0.065048835	-0.000001540	0.000003234	0.010475691	0.087629177	0.000000000	0.000000000	0.000000000	0.000000000	0.000000000	0.000000000	0.000000000	0.000000000	0.000000000	0.000000000	0.000000000	0.000000000	0.000000000	0.000000000	0.531577394	0.000000000	0.000000000	0.000000000	0.000000000	1.000000000	0.000000000	0.000000000	0.000000000	0.000000000	0.000000000	0.000000000	0.000000000	0.000000000	0.000000000	0.000000000	0.000000000	-0.000755456	-0.003191009	-0.029401244	-0.067718859	-0.064210900	0.030168365	0.000011994	-0.000000001	0.113066121	0.000044953	-0.000000007	0.066189883	0.000026316	-0.000000009	0.014521800	0.000000002	0.000000000	-0.021986553	-0.000017483	0.077892403	0.000000014	0.000000000	-0.090279305	-0.000071787	0.000000004	-0.032081814	-0.000012755	-0.000000004	-0.000000000	0.026927583	0.000032118	-0.001005503	-0.004152444	-0.034893934	-0.074455607	-0.066211016	0.018254749	-0.030597228	-0.000001319	0.062162681	-0.104192383	-0.000005944	0.032065951	-0.053746520	-0.000007269	0.016997882	0.000001042	-0.000001747	0.012027758	0.022283739	0.083406322	0.000006046	-0.000010134	0.043497133	0.080586819	0.000003307	-0.018376654	0.030801556	0.000001804	0.000003343	-0.028301958	-0.001217250	0.220002599	0.189136804	0.050190656	0.022109691	-0.319654607	0.247055538	0.220010166	0.189143419	0.050192437	0.022119458	-0.319654354	-0.247050047	-0.235750680	-0.202086527	-0.053488364	0.008003578	0.005785995	0.000009020	-0.002642428	-0.020173948	-0.039064873	0.010340988	0.002608572	-0.006518455	-0.002642565	-0.020174489	-0.039065026	0.010341342	0.002608657	0.006518811	-0.000127873	-0.003809064	-0.026158788	0.001092234	-0.000203238	0.000000001	-0.000132037	-0.003883922	-0.026361151	0.000720743	-0.000884744	-0.000000030	-0.005427733	-0.035446986	-0.059415808	0.002919497	-0.022760936	-0.000000952		A2: R21*d(0)
-0.000000909	-0.000002826	-0.000007092	-0.000005594	-0.000002158	0.000004421	-0.000004420	0.198850660	0.000003654	-0.000005416	0.379669670	-0.000000371	-0.000001708	0.237196592	0.000004631	-0.134246371	0.130906293	0.000000395	0.000003119	0.000008684	-0.230818714	0.321336254	0.000002968	0.000003459	-0.091599696	-0.000003972	0.000004715	-0.032875711	-0.146618424	-0.000002317	-0.000000453	0.000000000	0.000000000	0.000000000	0.000000000	0.000000000	0.000000000	0.000000000	0.000000000	0.000000000	0.000000000	0.000000000	0.000000000	0.000000000	0.000000000	0.000000000	0.531577394	0.000000000	0.000000000	0.000000000	0.000000000	1.000000000	0.000000000	0.000000000	0.000000000	0.000000000	0.000000000	0.000000000	0.000000000	0.000000000	0.000000000	0.000000000	-0.000000000	-0.000000000	-0.000000003	-0.000000006	-0.000000006	0.000000003	0.000000000	0.012034070	0.000000013	0.000000000	0.078871405	0.000000010	0.000000000	0.151232920	0.000000002	-0.018909895	-0.000008245	-0.000000003	-0.000000000	0.000000014	-0.162789637	-0.000074968	-0.000000013	-0.000000000	-0.033020541	-0.000000006	-0.000000000	0.042629318	0.000037971	0.000000004	0.000000000	-0.000000038	-0.000000158	-0.000001324	-0.000002824	-0.000002511	0.000000540	-0.000001444	0.007714536	0.000001439	-0.000005655	0.046379883	-0.000000410	-0.000005052	0.082094794	0.000001042	-0.004375697	0.011319861	0.000001006	0.000000869	0.000006046	-0.025396648	0.093747837	0.000006199	0.000003252	-0.019781289	-0.000000992	0.000002947	-0.021735686	-0.017288129	-0.000001972	0.000001323	-0.026955262	-0.023173508	-0.006149483	0.390485241	0.018635592	0.005083722	0.026966947	0.023183568	0.006152156	-0.390487134	-0.018643366	0.005086337	-0.000007122	-0.000006105	-0.000001616	-0.000001410	-0.000004829	-0.396808358	-0.003738536	-0.028542316	-0.055269397	0.017061965	0.004741278	-0.001291369	0.003738788	0.028543536	0.055270495	-0.017062886	-0.004741532	-0.001291497	0.000000000	0.000000012	0.000000082	-0.000000004	0.000000001	0.000213875	-0.000000006	-0.000000167	-0.000001134	0.000000030	-0.000000042	0.000141645	-0.000000062	-0.000000405	-0.000000679	-0.000000166	-0.000000312	0.001011535		A2: R21*d(1)
0.000000574	0.000001785	0.000004479	0.000003533	0.000001363	-0.000004420	0.000000213	-0.125573997	-0.000005416	-0.000001502	-0.239761026	-0.000001708	-0.000001997	-0.149789416	-0.000002925	0.130906293	-0.009619037	0.000003145	-0.000000354	-0.000005484	0.321336254	0.075104552	0.000006458	0.000001782	0.057845118	0.000004715	0.000000516	-0.164642374	0.004334178	-0.000003479	0.000000877	0.000000000	0.000000000	0.000000000	0.000000000	0.000000000	0.000000000	0.000000000	0.000000000	0.000000000	0.000000000	0.000000000	0.000000000	0.000000000	0.000000000	0.000000000	0.000000000	0.531577394	0.000000000	0.000000000	0.000000000	0.000000000	1.000000000	0.000000000	0.000000000	0.000000000	0.000000000	0.000000000	0.000000000	0.000000000	0.000000000	0.000000000	-0.000000000	-0.000000000	-0.000000000	-0.000000000	-0.000000000	0.000000000	-0.000000000	0.000004785	0.000000000	-0.000000002	0.000031358	0.000000000	-0.000000004	0.000060127	0.000000000	-0.000008245	0.001827850	-0.000000000	0.000000001	0.000000000	-0.000074968	0.025769575	-0.000000000	0.000000005	-0.000013128	-0.000000000	0.000000001	0.000025096	-0.010245850	0.000000000	-0.000000002	0.000000064	0.000000264	0.000002218	0.000004734	0.000004210	-0.000001444	0.000002098	-0.012930521	-0.000005655	0.000007543	-0.077738451	-0.000005052	0.000005044	-0.137601080	-0.000001747	0.011319861	-0.016595598	-0.000000741	-0.000001966	-0.000010134	0.093747837	-0.126598364	-0.000002570	-0.000009673	0.033155900	0.000002947	-0.000004173	0.014600196	0.040760722	0.000003168	0.000000976	0.389710269	0.335034928	0.088907195	0.018635592	0.122346981	-0.073498779	-0.389706755	-0.335032099	-0.088906490	-0.018643366	-0.122356815	-0.073504048	-0.000005149	-0.000004414	-0.000001168	-0.000004829	0.000001778	-0.286863122	-0.000943066	-0.007199958	-0.013942012	0.004741278	-0.000537558	-0.000325755	0.000943128	0.007200253	0.013942265	-0.004741532	0.000537611	-0.000325787	-0.000000000	-0.000000002	-0.000000015	0.000000001	0.000000000	-0.000039797	0.000000007	0.000000205	0.000001392	-0.000000042	0.000000048	-0.000173876	0.000000483	0.000003156	0.000005291	-0.000000312	0.000002226	-0.007886113		A2: R21*d(-1)
0.021084158	0.065523325	0.164433609	0.129706000	0.050027345	0.036559090	0.228060965	0.000002104	0.180812694	0.365339012	0.000002578	0.174488028	0.189389813	0.000000813	0.000549371	0.000000395	0.000003145	-0.163756949	-0.111669496	0.063582029	0.000002968	0.000006458	-0.349587936	-0.176788322	0.000000222	-0.044399713	-0.019191966	-0.000003823	-0.000002408	0.156620641	0.007152220	0.000000000	0.000000000	0.000000000	0.000000000	0.000000000	0.000000000	0.000000000	0.000000000	0.000000000	0.000000000	0.000000000	0.000000000	0.000000000	0.000000000	0.000000000	0.000000000	0.000000000	0.531577394	0.000000000	0.000000000	0.000000000	0.000000000	1.000000000	0.000000000	0.000000000	0.000000000	0.000000000	0.000000000	0.000000000	0.000000000	0.000000000	0.001308489	0.005526987	0.050924432	0.117292468	0.111216507	-0.052253121	-0.000030344	0.000000002	-0.195836179	-0.000140577	0.000000007	-0.114644156	-0.000165835	0.000000007	-0.021986553	-0.000000003	-0.000000000	0.039909655	0.000046771	-0.090279305	-0.000000013	-0.000000000	0.182137780	0.000274274	-0.000000003	0.039367178	0.000026371	0.000000005	0.000000000	-0.059188439	-0.000112112	-0.000827220	-0.003416186	-0.028706990	-0.061254096	-0.054471330	0.026396853	-0.018383364	-0.000000779	0.119550284	-0.044904237	-0.000003052	0.147468767	0.028026174	-0.000002727	0.012027758	0.000001006	-0.000000741	-0.007649807	0.029086132	0.043497133	0.000006199	-0.000002570	-0.098675912	0.155355259	0.000001437	-0.022138853	0.010035790	-0.000000918	0.000002750	-0.028362995	-0.054989160	-0.143652071	-0.123498058	-0.032772302	-0.026942682	-0.190899916	0.134069130	-0.143646492	-0.123493332	-0.032771065	-0.026953867	-0.190900201	-0.134065159	0.128021731	0.109740795	0.029046249	-0.276745861	0.373659436	-0.000001594	0.005148171	0.039304350	0.076109020	-0.020783588	-0.007815230	0.008799761	0.005148467	0.039305643	0.076109782	-0.020784472	-0.007815585	-0.008800248	0.000206658	0.006155919	0.042275839	-0.001750870	0.000405387	-0.000000002	-0.000046240	-0.001360169	-0.009231806	0.000422693	-0.000171122	-0.000000009	-0.009096769	-0.059408429	-0.099579688	0.006883341	-0.037891572	-0.000001196		A2: R21*d(2)
-0.044292836	-0.137649026	-0.345436167	-0.272481664	-0.105095634	0.215362250	-0.016450247	-0.000004420	0.177990503	0.115859989	-0.000005416	-0.018053538	0.154005514	-0.000001708	-0.001154099	0.000003119	-0.000000354	-0.111669496	0.017677663	-0.133570821	0.000003459	0.000001782	-0.176788322	-0.062351745	-0.000000467	0.038329537	-0.046687527	-0.000002408	0.000000089	0.066695667	-0.062331584	0.000000000	0.000000000	0.000000000	0.000000000	0.000000000	0.000000000	0.000000000	0.000000000	0.000000000	0.000000000	0.000000000	0.000000000	0.000000000	0.000000000	0.000000000	0.000000000	0.000000000	0.000000000	0.531577394	0.000000000	0.000000000	0.000000000	0.000000000	1.000000000	0.000000000	0.000000000	0.000000000	0.000000000	0.000000000	0.000000000	0.000000000	0.000001040	0.000004395	0.000040493	0.000093267	0.000088435	-0.000046334	0.012034049	0.000000000	-0.000187080	0.078871318	0.000000000	-0.000151288	0.151232836	0.000000000	-0.000017483	-0.000000000	0.000000001	0.000046771	-0.018909862	-0.000071787	-0.000000000	0.000000005	0.000274274	-0.162789448	-0.000000000	0.000036663	-0.013480563	0.000000000	-0.000000003	-0.000109338	0.052209953	-0.001532585	-0.006329142	-0.053185230	-0.113485013	-0.100918632	0.021682069	-0.050300469	-0.000001444	0.057823812	-0.180839323	-0.000005655	-0.016483202	-0.120913829	-0.000005052	0.022283739	0.000000869	-0.000001966	0.029086132	0.030538472	0.080586819	0.000003252	-0.000009673	0.155355259	0.105295866	0.000002662	-0.012518902	0.035595308	0.000002750	0.000002693	-0.058070434	0.026524663	-0.019967620	-0.017166214	-0.004555346	0.289259326	-0.006268703	0.018635592	-0.019975765	-0.017173227	-0.004557209	0.289253333	-0.006271821	-0.018643366	0.387744228	0.332376069	0.087973467	0.076774676	-0.133925101	-0.000004829	0.002773815	0.021177036	0.041007253	-0.012659163	0.001581103	0.004741278	0.002773970	0.021177692	0.041007586	-0.012659697	0.001581245	-0.004741532	-0.000079666	-0.002373093	-0.016297240	0.000717608	0.000072941	0.000000001	-0.000223972	-0.006588208	-0.044715820	0.001187424	-0.001529410	-0.000000042	-0.002372683	-0.015495325	-0.025973076	-0.006354587	-0.010928523	-0.000000312		A2: R21*d(-2)
0.000000290	0.000001106	0.000002900	0.000001203	0.000000178	-0.000003895	0.000002459	-0.089001032	-0.000001276	0.000000806	-0.100396212	0.000000110	-0.000000070	-0.020904557	-0.000005840	0.126951411	-0.080169692	0.000001581	-0.000003322	-0.000005328	0.091599696	-0.057845118	-0.000000222	0.000000467	0.138066781	0.000009391	-0.000005931	-0.050676954	0.106460307	0.000000023	0.000000191	0.000000000	0.000000000	0.000000000	0.000000000	0.000000000	0.000000000	0.000000000	0.000000000	0.000000000	0.000000000	0.000000000	0.000000000	0.000000000	0.000000000	0.000000000	0.000000000	0.000000000	0.000000000	0.000000000	0.000000000	0.000000000	0.000000000	0.000000000	0.000000000	1.000000000	0.000000000	0.000000000	0.000000000	0.000000000	0.000000000	0.000000000	0.000000000	0.000000000	0.000000000	0.000000001	0.000000001	-0.000000000	-0.000000000	-0.000623045	-0.000000003	-0.000000000	-0.012515547	-0.000000001	-0.000000000	-0.015820857	-0.000000000	0.001091337	0.000000434	0.000000000	0.000000000	-0.000000004	0.033020541	0.000013128	0.000000003	0.000000000	0.005751476	0.000000002	0.000000000	-0.007221616	-0.000005742	-0.000000001	-0.000000000	0.000000000	0.000000002	0.000000266	0.000000909	0.000000483	-0.000000152	0.000000255	-0.000905831	-0.000001175	0.000001969	-0.014923316	-0.000000345	0.000000578	-0.016587221	-0.000000228	0.000836669	-0.001402361	-0.000000145	-0.000000269	-0.000003307	0.019781289	-0.033155900	-0.000001437	-0.000002662	0.007761506	0.000000848	-0.000001422	0.004614275	0.008548832	0.000001191	0.000000051	0.032240394	0.009736992	0.000651509	0.018542474	-0.268080967	0.193366146	-0.032248405	-0.009739427	-0.000651673	-0.018550993	0.268085489	0.193363683	-0.000005839	-0.000001749	-0.000000117	-0.000002863	-0.000002070	-0.250989068	0.000035498	0.003093264	0.005548213	-0.000713959	-0.000180100	0.000165434	-0.000035502	-0.003093430	-0.005548301	0.000714023	0.000180116	0.000165452	-0.000000000	-0.000000001	-0.000000009	0.000000000	-0.000000000	-0.000000628	0.000000000	0.000000014	0.000000202	-0.000000000	0.000000000	-0.000000662	0.000000007	0.000000413	0.000000584	-0.000000017	0.000000133	-0.000279319		A2: R22*f(0)
-0.009140264	-0.034836672	-0.091313297	-0.037877800	-0.005618400	0.086304991	-0.077446731	-0.000004958	-0.000802290	-0.025376341	-0.000004320	-0.012010428	0.002195203	-0.000000746	0.094123189	0.000006831	-0.000005549	0.002039249	0.071864627	0.103007025	0.000003972	-0.000004715	0.044399713	-0.038329537	0.000009391	-0.124940394	0.118026432	-0.000000506	0.000008539	-0.026056980	0.047219872	0.000000000	0.000000000	0.000000000	0.000000000	0.000000000	0.000000000	0.000000000	0.000000000	0.000000000	0.000000000	0.000000000	0.000000000	0.000000000	0.000000000	0.000000000	0.000000000	0.000000000	0.000000000	0.000000000	0.000000000	0.000000000	0.000000000	0.000000000	0.000000000	0.000000000	1.000000000	0.000000000	0.000000000	0.000000000	0.000000000	0.000000000	-0.000000953	-0.000020153	-0.003850882	-0.015452011	-0.009059096	0.003860959	0.000001636	-0.000000000	0.033906734	0.000015512	-0.000000002	0.007026480	0.000005362	-0.000000002	0.002255105	0.000000000	0.000000000	-0.003667407	-0.000003093	0.032081814	0.000000006	0.000000000	-0.039367178	-0.000036663	0.000000002	-0.013714157	-0.000005886	-0.000000002	-0.000000000	0.014344927	0.000018545	-0.000000990	-0.000018320	-0.002607828	-0.008900204	-0.004730677	0.001120507	-0.002497947	-0.000000103	0.005405386	-0.019271750	-0.000001147	-0.003397206	-0.005656079	-0.000000882	0.001638887	0.000000085	-0.000000179	0.001760541	0.002056409	0.018376654	0.000000992	-0.000002947	0.022138853	0.012518902	0.000000848	-0.003519568	0.008397896	0.000000717	0.000000780	-0.009352658	0.003772936	-0.020170492	-0.006091735	-0.000407602	0.225061228	0.023470688	-0.001994773	-0.020179541	-0.006094477	-0.000407786	0.225065079	0.023480716	0.001994997	0.179517864	0.053779616	0.003583045	-0.014434230	0.063640362	-0.000010105	-0.000025977	-0.002263667	-0.004060213	0.000449921	0.000121456	-0.000342152	-0.000025980	-0.002263734	-0.004060179	0.000449948	0.000121463	0.000342183	-0.000000096	-0.000281271	-0.004098395	0.000007616	-0.000001465	0.000000000	-0.000000066	-0.000185707	-0.002653808	0.000003139	-0.000004185	-0.000000000	-0.000014193	-0.000828353	-0.001170167	-0.000079767	-0.000267134	-0.000000011		A2: R22*f(1)
0.005772068	0.021999324	0.057664258	0.023919794	0.003548014	-0.077446731	0.012573015	0.000003131	-0.025376341	-0.024961448	0.000002728	0.002195203	-0.009920518	0.000000471	-0.059438702	-0.000005549	0.000001548	0.064170496	-0.014223165	-0.065048835	-0.000004715	-0.000000516	0.019191966	0.046687527	-0.000005931	0.118026432	-0.012575136	0.000006746	-0.000002333	-0.052776420	-0.021542990	0.000000000	0.000000000	0.000000000	0.000000000	0.000000000	0.000000000	0.000000000	0.000000000	0.000000000	0.000000000	0.000000000	0.000000000	0.000000000	0.000000000	0.000000000	0.000000000	0.000000000	0.000000000	0.000000000	0.000000000	0.000000000	0.000000000	0.000000000	0.000000000	0.000000000	0.000000000	1.000000000	0.000000000	0.000000000	0.000000000	0.000000000	-0.000000000	-0.000000008	-0.000001531	-0.000006143	-0.000003602	0.000001636	-0.000254356	-0.000000000	0.000015512	-0.005109445	-0.000000000	0.000005362	-0.006458836	-0.000000000	0.000000897	0.000000000	-0.000000000	-0.000001812	0.000445535	0.000012755	0.000000000	-0.000000001	-0.000026371	0.013480563	0.000000000	-0.000005886	0.001089939	-0.000000000	0.000000000	0.000010010	-0.003610800	0.000001659	0.000030707	0.004371044	0.014917849	0.007929203	-0.002497947	0.003817065	0.000000172	-0.019271750	0.026209431	0.000001922	-0.005656079	0.002708587	0.000001479	-0.002746978	-0.000000179	0.000000278	-0.001805863	-0.004064829	-0.030801556	-0.000002947	0.000004173	-0.010035790	-0.035595308	-0.000001422	0.008397896	-0.012585180	-0.000000681	-0.000001588	0.015268851	0.003147681	0.291618309	0.088072286	0.005892982	0.023470688	-0.112646818	0.028839774	0.291620088	0.088072964	0.005893032	0.023480716	-0.112636380	-0.028830256	0.129778150	0.038878688	0.002590277	0.063640362	-0.056458579	-0.000007305	-0.000006553	-0.000571023	-0.001024211	0.000121456	-0.000000921	-0.000086310	-0.000006554	-0.000571039	-0.001024201	0.000121463	-0.000000922	0.000086317	0.000000018	0.000052338	0.000762609	-0.000001465	0.000000016	-0.000000000	0.000000081	0.000227964	0.003257668	-0.000004185	0.000004868	0.000000000	0.000110653	0.006457995	0.009122841	-0.000267134	0.001968595	0.000000084		A2: R22*f(-1)
-0.000000161	-0.000000614	-0.000001609	-0.000000667	-0.000000099	0.000000947	-0.000003288	0.049384658	-0.000000662	-0.000002617	0.055707585	-0.000000347	-0.000000413	0.011599465	0.000002636	-0.034735620	0.101027339	0.000003099	0.000004122	0.000001540	0.032875711	0.164642374	0.000003823	0.000002408	-0.050676954	-0.000000506	0.000006746	-0.158579372	-0.170191828	-0.000007320	-0.000000896	0.000000000	0.000000000	0.000000000	0.000000000	0.000000000	0.000000000	0.000000000	0.000000000	0.000000000	0.000000000	0.000000000	0.000000000	0.000000000	0.000000000	0.000000000	0.000000000	0.000000000	0.000000000	0.000000000	0.000000000	0.000000000	0.000000000	0.000000000	0.000000000	0.000000000	0.000000000	0.000000000	1.000000000	0.000000000	0.000000000	0.000000000	-0.000000000	-0.000000000	-0.000000000	-0.000000001	-0.000000001	0.000000000	0.000000000	0.000804347	0.000000003	0.000000000	0.016157497	0.000000001	0.000000000	0.020424632	0.000000000	-0.001408910	-0.000000680	-0.000000000	-0.000000000	0.000000004	-0.042629318	-0.000025096	-0.000000005	-0.000000000	-0.007221616	-0.000000002	-0.000000000	0.009480696	0.000009608	0.000000002	0.000000000	0.000000000	0.000000001	0.000000163	0.000000558	0.000000296	-0.000000131	0.000000134	-0.000555455	-0.000001343	0.000000836	-0.009150963	-0.000000903	-0.000000058	-0.010171268	-0.000000136	0.000692880	-0.000752634	-0.000000016	-0.000000207	-0.000001804	0.021735686	-0.014600196	0.000000918	-0.000002750	0.004614275	0.000000717	-0.000000681	0.000006752	0.006893409	0.000000751	0.000000702	-0.197136682	-0.059537682	-0.003983711	-0.033793807	-0.127330563	0.130317789	0.197130528	0.059535919	0.003983596	0.033807963	0.127336043	0.130317035	0.000002363	0.000000708	0.000000047	-0.000002721	0.000006205	0.101589610	-0.000043495	-0.003790173	-0.006798221	0.000869069	0.000276169	-0.000178426	0.000043501	0.003790384	0.006798342	-0.000869150	-0.000276195	-0.000178446	0.000000000	0.000000001	0.000000011	-0.000000000	0.000000000	0.000000757	0.000000000	0.000000004	0.000000053	-0.000000000	0.000000000	-0.000000173	0.000000009	0.000000516	0.000000729	-0.000000026	0.000000166	-0.000348926		A2: R22*f(2)
0.000000338	0.000001290	0.000003380	0.000001402	0.000000208	-0.000005118	0.000001951	-0.103745499	-0.000002140	-0.000000093	-0.117028476	-0.000000007	-0.000000296	-0.024367736	-0.000005538	0.164980052	-0.066535659	0.000004122	-0.000003599	-0.000003234	0.146618424	-0.004334178	0.000002408	-0.000000089	0.106460307	0.000008539	-0.000002333	-0.170191828	0.117939190	-0.000002946	0.000004074	0.000000000	0.000000000	0.000000000	0.000000000	0.000000000	0.000000000	0.000000000	0.000000000	0.000000000	0.000000000	0.000000000	0.000000000	0.000000000	0.000000000	0.000000000	0.000000000	0.000000000	0.000000000	0.000000000	0.000000000	0.000000000	0.000000000	0.000000000	0.000000000	0.000000000	0.000000000	0.000000000	0.000000000	1.000000000	0.000000000	0.000000000	-0.000000000	-0.000000000	-0.000000000	-0.000000000	-0.000000000	0.000000000	-0.000000000	0.000000640	0.000000000	-0.000000001	0.000012848	0.000000000	-0.000000001	0.000016241	0.000000000	-0.000001180	0.000150870	-0.000000000	0.000000000	0.000000000	-0.000037971	0.010245850	-0.000000000	0.000000003	-0.000005742	-0.000000000	0.000000000	0.000009608	-0.002602609	0.000000000	-0.000000001	0.000000000	0.000000002	0.000000303	0.000001033	0.000000549	-0.000000153	0.000000302	-0.001029087	-0.000000999	0.000002437	-0.016953922	-0.000000018	0.000000879	-0.018844233	-0.000000251	0.000853446	-0.001651091	-0.000000207	-0.000000288	-0.000003343	0.017288129	-0.040760722	-0.000002750	-0.000002693	0.008548832	0.000000780	-0.000001588	0.006893409	0.009057368	0.000001460	-0.000000299	-0.027401974	-0.008275730	-0.000553735	0.306218560	0.003806324	0.018114156	0.027413361	0.008279183	0.000553967	-0.306214065	-0.003807142	0.018122145	0.000007158	0.000002144	0.000000143	0.000004791	0.000000766	0.307688270	-0.000023435	-0.002042131	-0.003662856	0.000500591	0.000020595	-0.000096135	0.000023438	0.002042241	0.003662914	-0.000500637	-0.000020595	-0.000096146	-0.000000000	-0.000000000	-0.000000004	0.000000000	-0.000000000	-0.000000292	0.000000000	0.000000018	0.000000256	-0.000000000	0.000000000	-0.000000837	0.000000002	0.000000135	0.000000190	0.000000012	0.000000046	-0.000091009		A2: R22*f(-2)
-0.001656579	-0.006313789	-0.016549598	-0.006864962	-0.001018277	0.092126402	0.107079373	-0.000000410	0.086131738	0.132023567	-0.000000232	0.015787910	0.028845529	-0.000000021	0.004625946	0.000002416	0.000002698	-0.220911206	-0.084358858	-0.010475691	0.000002317	0.000003479	-0.156620641	-0.066695667	0.000000023	-0.026056980	-0.052776420	-0.000007320	-0.000002946	0.268752525	-0.052777041	0.000000000	0.000000000	0.000000000	0.000000000	0.000000000	0.000000000	0.000000000	0.000000000	0.000000000	0.000000000	0.000000000	0.000000000	0.000000000	0.000000000	0.000000000	0.000000000	0.000000000	0.000000000	0.000000000	0.000000000	0.000000000	0.000000000	0.000000000	0.000000000	0.000000000	0.000000000	0.000000000	0.000000000	0.000000000	1.000000000	0.000000000	0.000001230	0.000026017	0.004971464	0.019948448	0.011695235	-0.004984474	-0.000003157	0.000000000	-0.043773370	-0.000041006	0.000000002	-0.009071130	-0.000033443	0.000000001	-0.002697963	-0.000000000	-0.000000000	0.004857783	0.000005921	-0.026927583	-0.000000004	-0.000000000	0.059188439	0.000109338	-0.000000001	0.014344927	0.000010010	0.000000002	0.000000000	-0.021121804	-0.000042061	-0.000002492	-0.000046119	-0.006564927	-0.022405307	-0.011908971	0.003560169	-0.005847168	-0.000000177	0.025789099	-0.041246830	-0.000001543	0.004987732	-0.006160510	-0.000000728	0.003789495	0.000000177	-0.000000292	0.003158264	0.006084872	0.028301958	0.000001972	-0.000003168	0.028362995	0.058070434	0.000001191	-0.009352658	0.015268851	0.000000751	0.000001460	-0.026765063	-0.001970430	0.012410438	0.003748104	0.000250788	-0.138241770	0.007953969	-0.015350189	0.012415260	0.003749566	0.000250886	-0.138235615	0.007957599	0.015356302	0.086434302	0.025893822	0.001725165	0.231609898	-0.299350234	-0.000001423	0.000045129	0.003932561	0.007053614	-0.000828472	-0.000359564	0.000346388	0.000045134	0.003932742	0.007053672	-0.000828540	-0.000359595	-0.000346421	0.000000108	0.000314512	0.004582746	-0.000008430	0.000002099	-0.000000000	-0.000000119	-0.000336696	-0.004811485	0.000006361	-0.000007043	-0.000000000	-0.000053784	-0.003138960	-0.004434229	-0.000283514	-0.001009872	-0.000000029		A2: R22*f(3)
-0.013857286	-0.052814859	-0.138437419	-0.057425424	-0.008517891	0.137630282	-0.106669165	-0.000003432	0.006438297	-0.026350970	-0.000001942	-0.016614807	0.005851999	-0.000000172	0.038696051	0.000004034	-0.000003052	-0.042074767	0.153952922	-0.087629177	0.000000453	-0.000000877	-0.007152220	0.062331584	0.000000191	0.047219872	-0.021542990	-0.000000896	0.000004074	-0.052777041	-0.166418260	0.000000000	0.000000000	0.000000000	0.000000000	0.000000000	0.000000000	0.000000000	0.000000000	0.000000000	0.000000000	0.000000000	0.000000000	0.000000000	0.000000000	0.000000000	0.000000000	0.000000000	0.000000000	0.000000000	0.000000000	0.000000000	0.000000000	0.000000000	0.000000000	0.000000000	0.000000000	0.000000000	0.000000000	0.000000000	0.000000000	1.000000000	0.000000001	0.000000031	0.000005930	0.000023793	0.000013949	-0.000006337	0.000985118	0.000000000	-0.000060078	0.019788781	0.000000000	-0.000020765	0.025014947	0.000000000	-0.000003218	-0.000000000	0.000000000	0.000007166	-0.001725550	-0.000032118	-0.000000000	0.000000002	0.000112112	-0.052209953	-0.000000000	0.000018545	-0.003610800	0.000000000	-0.000000001	-0.000042061	0.014142188	-0.000000107	-0.000001984	-0.000282354	-0.000963639	-0.000512198	-0.001077990	-0.000985981	-0.000000008	-0.019173024	-0.013874653	-0.000000066	-0.022329082	-0.013714798	-0.000000031	0.000162984	-0.000000045	-0.000000044	0.002410059	-0.000965817	0.001217250	-0.000001323	-0.000000976	0.054989160	-0.026524663	0.000000051	0.003772936	0.003147681	0.000000702	-0.000000299	-0.001970430	0.018964141	-0.059044431	-0.017832138	-0.001193162	-0.023066793	-0.084929384	0.073030719	-0.059040568	-0.017831000	-0.001193086	-0.023076012	-0.084928269	-0.073026647	-0.272600130	-0.081665022	-0.005440899	0.038783899	-0.119967961	0.000004489	0.000041315	0.003600175	0.006457431	-0.000830150	-0.000044931	0.000317111	0.000041319	0.003600332	0.006457469	-0.000830217	-0.000044932	-0.000317140	-0.000000066	-0.000193658	-0.002821784	0.000005404	-0.000000145	0.000000000	-0.000000062	-0.000175290	-0.002504950	0.000002397	-0.000004412	-0.000000000	0.000133603	0.007797439	0.011014996	-0.000468752	0.002358145	0.000000073		A2: R22*f(-3)
0.000000000	0.000000003	0.002087283	0.015606718	0.023614923	0.001359912	0.000860297	0.000000018	0.029453452	0.018632605	0.000000380	0.035640791	0.022546790	0.000000460	-0.000643174	0.000000021	0.000000013	0.000477208	0.001006623	-0.028321951	0.000000905	0.000000573	0.021013693	0.044326329	-0.000000289	-0.009135680	-0.005779340	0.000000160	0.000000337	-0.001689635	0.013853309	0.000000000	0.000000000	0.000000490	0.000524441	0.005730397	0.000000024	0.000000000	-0.000000000	0.000838055	0.000000333	-0.000000000	0.015971842	0.000006350	-0.000000000	-0.000000000	-0.000000000	-0.000000000	0.000000001	0.000000000	-0.000755456	-0.000000000	-0.000000000	0.001308489	0.000001040	0.000000000	-0.000000953	-0.000000000	-0.000000000	-0.000000000	0.000001230	0.000000001	1.000000000	0.685598762	0.187968824	0.096914135	0.050600889	0.000000000	0.000000000	0.000000000	0.000000000	0.000000000	0.000000000	0.000000000	0.000000000	0.000000000	0.000000000	0.000000000	0.000000000	0.000000000	0.000000000	0.000000000	0.000000000	0.000000000	0.000000000	0.000000000	0.000000000	0.000000000	0.000000000	0.000000000	0.000000000	0.000000000	0.000000000	0.000000000	0.000000000	0.000000889	0.000668064	0.006339534	0.000000028	0.000000046	0.000000000	0.000567160	0.000952357	0.000000024	0.008879408	0.014910014	0.000000370	-0.000000001	0.000000000	0.000000000	-0.000000001	0.000000002	-0.001005522	0.000000038	0.000000064	-0.000829680	0.001531292	-0.000000000	-0.000000988	-0.000001660	-0.000000000	0.000000000	-0.000002492	0.000000101	0.000000000	0.000015045	0.003016446	0.000000001	-0.000000000	-0.000000000	0.000000000	0.000015043	0.003016337	0.000000001	-0.000000000	0.000000000	0.000000000	0.000000115	0.000636983	0.000000000	0.000000000	-0.000000000	0.002421033	0.031756927	0.034651750	-0.001288019	-0.018829795	0.025418085	0.002421041	0.031756956	0.034651760	-0.001287590	-0.018829695	-0.025418253	0.002504598	0.032075410	0.034762190	-0.026193574	0.018904502	-0.000000097	0.000000000	0.000026225	0.003601328	0.000000000	0.000000004	0.000000000	0.000000000	0.000000120	0.000646259	0.000000000	0.000000000	0.000000000		A3: R23*s(0)
0.000000003	0.000004610	0.009645934	0.052849091	0.077673327	0.007745144	0.004899671	0.000000100	0.096638718	0.061134808	0.000001248	0.114681011	0.072548578	0.000001481	-0.004976270	0.000000159	0.000000101	0.003692182	0.007788297	-0.088016239	0.000002813	0.000001780	0.065304335	0.137753108	-0.000001102	-0.034819195	-0.022027039	0.000000609	0.000001285	-0.006439777	0.052799689	0.000000000	0.000000000	0.000006425	0.002097020	0.019409480	0.000001052	0.000000000	-0.000000000	0.003558187	0.000001415	-0.000000000	0.053092320	0.000021109	-0.000000001	-0.000000101	-0.000000000	-0.000000000	0.000000174	0.000000000	-0.003191009	-0.000000000	-0.000000000	0.005526987	0.000004395	0.000000000	-0.000020153	-0.000000008	-0.000000000	-0.000000000	0.000026017	0.000000031	0.685598762	1.000000000	0.528931145	0.300858275	0.163841001	0.000000000	0.000000000	0.000000000	0.000000000	0.000000000	0.000000000	0.000000000	0.000000000	0.000000000	0.000000000	0.000000000	0.000000000	0.000000000	0.000000000	0.000000000	0.000000000	0.000000000	0.000000000	0.000000000	0.000000000	0.000000000	0.000000000	0.000000000	0.000000000	0.000000000	0.000000000	0.000000000	0.000000000	0.000010775	0.002639294	0.021427642	0.000001030	0.000001730	0.000000000	0.002363047	0.003967953	0.000000099	0.029447527	0.049447333	0.000001228	-0.000000220	0.000000000	0.000000000	-0.000000181	0.000000335	-0.004152515	0.000000157	0.000000264	-0.003426339	0.006323791	-0.000000002	-0.000018296	-0.000030723	-0.000000001	0.000000002	-0.000046126	0.000001873	0.000000000	0.000084683	0.010390579	0.000000076	-0.000000019	-0.000000026	0.000000000	0.000084674	0.010390211	0.000000076	-0.000000019	0.000000026	0.000000000	0.000000934	0.002272836	0.000000000	0.000000000	-0.000000000	0.014601569	0.104765425	0.113008689	-0.004640549	-0.067841059	0.091577726	0.014601604	0.104765512	0.113008721	-0.004639001	-0.067840677	-0.091578301	0.015001196	0.105746343	0.113360835	-0.094049992	0.067878032	-0.000000349	0.000000000	0.000141728	0.012355825	0.000000029	0.000000231	0.000000000	0.000000000	0.000000974	0.002305176	0.000000000	0.000000000	0.000000000		A3: R24*s(0)
0.002087283	0.009645934	0.098035267	0.228449806	0.301627172	0.091932907	0.058157855	0.000001188	0.333944263	0.211257132	0.000004314	0.389698738	0.246528079	0.000005034	-0.053492156	0.000001710	0.000001081	0.039688923	0.083719900	-0.220880511	0.000007059	0.000004466	0.163884020	0.345697309	-0.000002888	-0.091267436	-0.057736871	0.000001597	0.000003369	-0.016879826	0.138397579	0.000000490	0.000006425	0.001309764	0.019558419	0.088868824	0.001093002	0.000000435	-0.000000000	0.037516046	0.000014916	-0.000000001	0.216513031	0.000086082	-0.000000006	-0.000534503	-0.000000000	-0.000000000	0.000925787	0.000000736	-0.029401244	-0.000000003	-0.000000000	0.050924432	0.000040493	0.000000000	-0.003850882	-0.000001531	-0.000000000	-0.000000000	0.004971464	0.000005930	0.187968824	0.528931145	1.000000000	0.857542578	0.582216340	0.000000000	0.000000000	0.000000000	0.000000000	0.000000000	0.000000000	0.000000000	0.000000000	0.000000000	0.000000000	0.000000000	0.000000000	0.000000000	0.000000000	0.000000000	0.000000000	0.000000000	0.000000000	0.000000000	0.000000000	0.000000000	0.000000000	0.000000000	0.000000000	0.000000000	0.000000000	0.000000889	0.000010775	0.001781939	0.023306840	0.096963819	0.000784585	0.001317450	0.000000033	0.023020264	0.038654882	0.000000960	0.118537013	0.199043514	0.000004945	-0.000763066	0.000000029	0.000000048	-0.000629624	0.001162059	-0.034894322	0.000001320	0.000002217	-0.028792138	0.053139946	-0.000000266	-0.002604387	-0.004373202	-0.000000164	0.000000302	-0.006565702	0.000266645	0.000015316	0.002670565	0.052062120	0.000291718	-0.000073342	-0.000099162	0.000015314	0.002670368	0.052060514	0.000291685	-0.000073332	0.000099151	0.000000044	0.000112353	0.013811129	0.000002388	0.000000446	-0.000000000	0.159780566	0.386137205	0.418034923	-0.014755304	-0.215710581	0.291184787	0.159780742	0.386137430	0.418035025	-0.014750369	-0.215709171	-0.291186356	0.161748476	0.388648753	0.419171535	-0.296082477	0.213689500	-0.000001100	0.000029869	0.003831938	0.060561682	0.000069261	0.000543409	0.000000014	0.000000046	0.000115711	0.013982564	0.000001604	0.000001972	0.000000000		A3: R25*s(0)
0.015606718	0.052849091	0.228449806	0.396643922	0.505169096	0.140007244	0.088570256	0.000001809	0.403566337	0.255300888	0.000005213	0.531834995	0.336445174	0.000006870	-0.043619585	0.000001394	0.000000882	0.032363891	0.068268463	-0.174231558	0.000005568	0.000003523	0.129272464	0.272687618	-0.000001198	-0.037858765	-0.023949907	0.000000662	0.000001397	-0.007001943	0.057408882	0.000524441	0.002097020	0.019558419	0.071147345	0.184617450	0.018356928	0.000007298	-0.000000000	0.119042633	0.000047329	-0.000000003	0.373668564	0.000148564	-0.000000010	-0.007273039	-0.000000001	-0.000000000	0.012597270	0.000010017	-0.067718859	-0.000000006	-0.000000000	0.117292468	0.000093267	0.000000001	-0.015452011	-0.000006143	-0.000000001	-0.000000000	0.019948448	0.000023793	0.096914135	0.300858275	0.857542578	1.000000000	0.868364123	0.000000000	0.000000000	0.000000000	0.000000000	0.000000000	0.000000000	0.000000000	0.000000000	0.000000000	0.000000000	0.000000000	0.000000000	0.000000000	0.000000000	0.000000000	0.000000000	0.000000000	0.000000000	0.000000000	0.000000000	0.000000000	0.000000000	0.000000000	0.000000000	0.000000000	0.000000000	0.000668064	0.002639294	0.023306840	0.080425487	0.198362198	0.011133945	0.018695760	0.000000464	0.068184857	0.114493805	0.000002844	0.201179313	0.337813788	0.000008392	-0.008494275	0.000000321	0.000000540	-0.007008829	0.012935782	-0.074456062	0.000002817	0.000004730	-0.061435475	0.113387821	-0.000000908	-0.008888366	-0.014925057	-0.000000559	0.000001031	-0.022407718	0.000910016	0.002588534	0.022034926	0.120493998	0.009835858	-0.002472869	-0.003343433	0.002588357	0.022033877	0.120490973	0.009835311	-0.002472672	0.003343252	0.000138807	0.002842141	0.040934608	0.000868338	0.000162290	-0.000000003	0.259790509	0.548827923	0.656185445	-0.011894924	-0.173894156	0.234737362	0.259790650	0.548828130	0.656185575	-0.011890941	-0.173892944	-0.234738524	0.261360379	0.551132773	0.657636654	-0.237526891	0.171428594	-0.000000882	0.003614393	0.027827735	0.136269863	0.001780865	0.013972304	0.000000354	0.000142631	0.002896775	0.041347536	0.000570662	0.000701655	0.000000018		A3: R26*s(0)
0.023614923	0.077673327	0.301627172	0.505169096	0.681770855	0.089898702	0.056870993	0.000001161	0.288002011	0.182193514	0.000003720	0.498524168	0.315372346	0.000006440	-0.012813426	0.000000410	0.000000259	0.009507021	0.020054132	-0.067200756	0.000002148	0.000001359	0.049860126	0.105175058	-0.000000178	-0.005615575	-0.003552480	0.000000098	0.000000207	-0.001038595	0.008515436	0.005730397	0.019409480	0.088868824	0.184617450	0.334587190	0.049737909	0.000019775	-0.000000001	0.197460304	0.000078507	-0.000000005	0.479912236	0.000190804	-0.000000013	-0.009882082	-0.000000001	-0.000000000	0.017116262	0.000013610	-0.064210900	-0.000000006	-0.000000000	0.111216507	0.000088435	0.000000001	-0.009059096	-0.000003602	-0.000000001	-0.000000000	0.011695235	0.000013949	0.050600889	0.163841001	0.582216340	0.868364123	1.000000001	0.000000000	0.000000000	0.000000000	0.000000000	0.000000000	0.000000000	0.000000000	0.000000000	0.000000000	0.000000000	0.000000000	0.000000000	0.000000000	0.000000000	0.000000000	0.000000000	0.000000000	0.000000000	0.000000000	0.000000000	0.000000000	0.000000000	0.000000000	0.000000000	0.000000000	0.000000000	0.006339534	0.021427642	0.096963819	0.198362198	0.352015502	0.027237938	0.045737064	0.000001136	0.106496307	0.178825150	0.000004442	0.252639962	0.424224844	0.000010539	-0.010346866	0.000000391	0.000000657	-0.008537446	0.015757059	-0.066211144	0.000002505	0.000004206	-0.054632396	0.100831781	-0.000000483	-0.004724355	-0.007932983	-0.000000297	0.000000548	-0.011910176	0.000483693	0.029629462	0.096267971	0.248765128	0.041206316	-0.010359829	-0.014006969	0.029628539	0.096265466	0.248760785	0.041205386	-0.010359347	0.014006674	0.007756215	0.031451480	0.117412663	0.015015428	0.002806333	-0.000000052	0.243150142	0.557412779	0.808493130	-0.005382246	-0.078684071	0.106214560	0.243150202	0.557412894	0.808493242	-0.005380442	-0.078683502	-0.106215058	0.243818358	0.558690202	0.809736194	-0.107165445	0.077343754	-0.000000398	0.034519967	0.109357787	0.270987935	0.006347690	0.049802694	0.000001262	0.007853449	0.031780287	0.118235084	0.009738762	0.011974243	0.000000312		A3: R27*s(0)
-0.001359912	-0.007745144	-0.091932907	-0.140007244	-0.089898702	-0.088311444	-0.070049656	-0.000001430	-0.161837872	-0.170098782	-0.000003473	-0.004817434	-0.081486222	-0.000001664	0.062289678	-0.000002197	-0.000001695	-0.024902573	-0.107592952	0.103144763	-0.000004396	-0.000004405	0.037082950	-0.215290385	0.000003877	0.086181777	0.077505286	-0.000000932	-0.000005097	0.092539450	-0.137325049	-0.000000024	-0.000001052	-0.001093002	-0.018356928	-0.049737909	-0.000809286	-0.000000340	0.000000000	-0.037191353	-0.000016440	0.000000001	-0.101292804	-0.000053041	0.000000004	0.000364986	0.000000000	0.000000000	-0.000632175	-0.000000528	0.030168365	0.000000003	0.000000000	-0.052253121	-0.000046334	-0.000000000	0.003860959	0.000001636	0.000000000	0.000000000	-0.004984474	-0.000006337	0.000000000	0.000000000	0.000000000	0.000000000	0.000000000	1.000000000	0.000000000	0.000000000	0.626035393	0.000000000	0.000000000	0.256643582	0.000000000	0.000000000	0.000000000	0.000000000	0.000000000	0.000000000	0.000000000	0.000000000	0.000000000	0.000000000	0.000000000	0.000000000	0.000000000	0.000000000	0.000000000	0.000000000	0.000000000	0.000000000	0.000000000	-0.000000028	-0.000001030	-0.000784585	-0.011133945	-0.027237938	-0.000259903	-0.000554529	-0.000000014	-0.007770641	-0.021844544	-0.000000543	-0.001314563	-0.061587935	-0.000001530	0.000285096	-0.000000010	-0.000000020	0.000313947	-0.000391523	0.018230527	-0.000000537	-0.000001441	0.026417004	-0.021600014	0.000000152	0.001116545	0.002495844	0.000000131	-0.000000152	0.003552984	0.001087310	-0.000004469	-0.002336294	-0.030807388	-0.000158538	0.000042043	0.000056844	-0.000004468	-0.002336117	-0.030806614	-0.000158517	0.000042037	-0.000056837	-0.000000004	-0.000087584	-0.010069475	-0.000000623	-0.000000120	0.000000000	0.008258371	0.011598905	0.004784538	0.146211346	-0.012994783	0.017541482	0.008255614	0.011595023	0.004782935	0.146212117	-0.012990344	-0.017535698	0.166682710	0.232065151	0.095286242	-0.206266377	0.256450826	-0.000001320	-0.000001361	-0.000467019	-0.004805295	0.000011521	-0.000046654	-0.000000001	-0.000000003	-0.000058015	-0.006537469	-0.000000259	-0.000000343	-0.000000000		A3: R28*p(0)
-0.000860297	-0.004899671	-0.058157855	-0.088570256	-0.056870993	-0.070049656	-0.021894848	-0.000000905	-0.170098782	-0.000561106	-0.000002197	-0.081486222	0.072442581	-0.000001053	0.039405195	-0.000001695	-0.000000590	-0.062928640	-0.045700443	0.065250610	-0.000004405	-0.000000219	-0.228005145	-0.016984119	0.000002452	0.077505286	0.012696231	-0.000003272	-0.000001953	-0.106751093	-0.107033583	-0.000000000	-0.000000000	-0.000000435	-0.000007298	-0.000019775	-0.000000340	0.000045484	0.000000000	-0.000016440	0.004159717	0.000000000	-0.000053041	0.032115443	0.000000000	0.000000145	0.000000000	-0.000000000	-0.000000303	0.000064773	0.000011994	0.000000000	-0.000000000	-0.000030344	0.012034049	-0.000000000	0.000001636	-0.000254356	0.000000000	-0.000000000	-0.000003157	0.000985118	0.000000000	0.000000000	0.000000000	0.000000000	0.000000000	0.000000000	1.000000000	0.000000000	0.000000000	0.626035393	0.000000000	0.000000000	0.256643582	0.000000000	0.000000000	0.000000000	0.000000000	0.000000000	0.000000000	0.000000000	0.000000000	0.000000000	0.000000000	0.000000000	0.000000000	0.000000000	0.000000000	0.000000000	0.000000000	0.000000000	0.000000000	-0.000000046	-0.000001730	-0.001317450	-0.018695760	-0.045737064	-0.000554529	-0.000860810	-0.000000023	-0.021844544	-0.031442141	-0.000000911	-0.061587935	-0.068053372	-0.000002569	0.000478724	-0.000000020	-0.000000031	0.000348134	-0.000754437	0.030612111	-0.000001441	-0.000002098	0.018484855	-0.050288873	0.000000255	0.002495844	0.003821128	0.000000134	-0.000000302	0.005852468	-0.000971139	0.000001124	0.000587376	0.007745397	0.000042043	-0.000001882	-0.000014291	0.000001123	0.000587318	0.007745017	0.000042037	-0.000001881	0.000014289	-0.000000001	-0.000016369	-0.001881951	-0.000000120	-0.000000003	0.000000000	0.120730697	0.169566589	0.069946073	-0.012994783	-0.042872969	0.256442246	0.120729971	0.169565436	0.069945569	-0.012990344	-0.042870187	-0.256441785	-0.120298727	-0.167486731	-0.068770261	0.256450826	-0.036021378	0.000000952	-0.000010682	-0.003664133	-0.037701374	-0.000046654	-0.000348570	-0.000000009	-0.000000003	-0.000071332	-0.008038110	-0.000000343	-0.000000402	-0.000000000		A3: R28*p(1)
-0.000000018	-0.000000100	-0.000001188	-0.000001809	-0.000001161	-0.000001430	-0.000000905	0.022419402	-0.000003473	-0.000002197	0.107045416	-0.000001664	-0.000001053	0.123991739	0.000001639	0.037285871	0.023587487	-0.000000803	-0.000001695	0.000005779	0.198750800	0.125732131	-0.000002088	-0.000004405	-0.089001081	0.000004935	0.000003122	0.049219618	0.103823969	0.000000417	-0.000003417	0.000000000	0.000000000	0.000000000	0.000000000	0.000000001	0.000000000	0.000000000	0.000045484	0.000000001	0.000000000	0.004159724	0.000000004	0.000000000	0.032115464	-0.000000000	0.000064773	0.000000026	0.000000000	0.000000000	-0.000000001	0.012034070	0.000004785	0.000000002	0.000000000	-0.000623045	-0.000000000	-0.000000000	0.000804347	0.000000640	0.000000000	0.000000000	0.000000000	0.000000000	0.000000000	0.000000000	0.000000000	0.000000000	0.000000000	1.000000000	0.000000000	0.000000000	0.626035393	0.000000000	0.000000000	0.256643582	0.000000000	0.000000000	0.000000000	0.000000000	0.000000000	0.000000000	0.000000000	0.000000000	0.000000000	0.000000000	0.000000000	0.000000000	0.000000000	0.000000000	0.000000000	0.000000000	0.000000000	-0.000000000	-0.000000000	-0.000000033	-0.000000464	-0.000001136	-0.000000014	-0.000000023	0.000070337	-0.000000543	-0.000000911	0.005238510	-0.000001530	-0.000002569	0.035363095	0.000000016	0.000053311	0.000089518	0.000000011	-0.000000020	0.000001317	0.007704330	0.012936861	0.000000781	-0.000001441	-0.000905853	0.000000102	0.000000172	-0.000557110	0.001028225	0.000000177	-0.000000007	0.000001519	0.000794160	0.010472136	0.000056844	-0.000014291	-0.000010634	-0.000001519	-0.000794101	-0.010471888	-0.000056837	0.000014289	-0.000010633	0.000000000	0.000000000	0.000000035	0.000000000	0.000000000	0.000000019	-0.162972730	-0.228895637	-0.094419255	0.017541482	0.256442246	-0.199067677	0.162973694	0.228896810	0.094419700	-0.017535698	-0.256441785	-0.199071008	0.000000619	0.000000862	0.000000354	-0.000001320	0.000000952	0.149065053	-0.000000000	-0.000000093	-0.000000955	-0.000000001	-0.000000009	0.000017467	-0.000000000	-0.000000002	-0.000000210	-0.000000000	-0.000000000	0.000000020		A3: R28*p(-1)
-0.029453452	-0.096638718	-0.333944263	-0.403566337	-0.288002011	-0.161837872	-0.170098782	-0.000003473	-0.206606020	-0.328462224	-0.000006707	0.055908580	-0.213373206	-0.000004357	0.047977166	-0.000002080	-0.000002124	0.020896007	-0.101869999	0.047894200	-0.000003631	-0.000005398	0.181386249	-0.177794251	0.000001270	-0.000842689	0.025395511	0.000000665	-0.000002130	0.086251774	-0.006211553	-0.000838055	-0.003558187	-0.037516046	-0.119042633	-0.197460304	-0.037191353	-0.000016440	0.000000001	-0.203443723	-0.000095209	0.000000006	-0.313403895	-0.000175818	0.000000012	0.015902404	0.000000002	0.000000000	-0.027543761	-0.000024472	0.113066121	0.000000013	0.000000000	-0.195836179	-0.000187080	-0.000000003	0.033906734	0.000015512	0.000000003	0.000000000	-0.043773370	-0.000060078	0.000000000	0.000000000	0.000000000	0.000000000	0.000000000	0.626035393	0.000000000	0.000000000	1.000000000	0.000000000	0.000000000	0.716848923	0.000000000	0.000000000	0.000000000	0.000000000	0.000000000	0.000000000	0.000000000	0.000000000	0.000000000	0.000000000	0.000000000	0.000000000	0.000000000	0.000000000	0.000000000	0.000000000	0.000000000	0.000000000	0.000000000	-0.000567160	-0.002363047	-0.023020264	-0.068184857	-0.106496307	-0.007770641	-0.021844544	-0.000000543	-0.027720143	-0.117123928	-0.000002910	0.019934112	-0.200753367	-0.000004987	0.009561114	-0.000000280	-0.000000759	0.013974929	-0.011263047	0.062079808	-0.000001428	-0.000005643	0.119607142	-0.057488825	0.000001172	0.005374663	0.019255269	0.000001342	-0.000000993	0.025710369	0.019245904	-0.003967022	-0.037322252	-0.134937754	-0.017189755	0.004795800	0.006484144	-0.003966726	-0.037320508	-0.134935138	-0.017188751	0.004795397	-0.006483764	-0.000154214	-0.004818433	-0.056434976	-0.001260991	-0.000249749	0.000000005	0.017952509	0.024854016	0.014196854	0.294980235	-0.012982858	0.017525383	0.017946500	0.024845691	0.014192096	0.294981005	-0.012978414	-0.017519594	0.359121189	0.495918047	0.282592693	-0.054706907	0.254429956	-0.000001309	-0.000789213	-0.006471063	-0.020462832	0.002234809	-0.003819996	-0.000000097	-0.000102119	-0.003155450	-0.036555951	-0.000487888	-0.000695280	-0.000000018		A3: R29*p(0)
-0.018632605	-0.061134808	-0.211257132	-0.255300888	-0.182193514	-0.170098782	-0.000561106	-0.000002197	-0.328462224	0.104820816	-0.000004243	-0.213373206	0.258215383	-0.000002756	0.030350929	-0.000002124	-0.000000067	-0.111820361	-0.005166993	0.030298444	-0.000005398	0.000001487	-0.365378724	0.115137509	0.000000804	0.025395511	-0.024921085	-0.000002605	0.000000087	-0.131891800	-0.026670795	-0.000000333	-0.000001415	-0.000014916	-0.000047329	-0.000078507	-0.000016440	0.004159717	0.000000000	-0.000095209	0.036027032	0.000000000	-0.000175818	0.128815395	0.000000000	0.000006323	0.000000000	-0.000000000	-0.000016090	0.006463452	0.000044953	0.000000000	-0.000000002	-0.000140577	0.078871318	-0.000000000	0.000015512	-0.005109445	0.000000000	-0.000000001	-0.000041006	0.019788781	0.000000000	0.000000000	0.000000000	0.000000000	0.000000000	0.000000000	0.626035393	0.000000000	0.000000000	1.000000000	0.000000000	0.000000000	0.716848923	0.000000000	0.000000000	0.000000000	0.000000000	0.000000000	0.000000000	0.000000000	0.000000000	0.000000000	0.000000000	0.000000000	0.000000000	0.000000000	0.000000000	0.000000000	0.000000000	0.000000000	0.000000000	-0.000952357	-0.003967953	-0.038654882	-0.114493805	-0.178825150	-0.021844544	-0.031442141	-0.000000911	-0.117123928	-0.154639667	-0.000004886	-0.200753367	-0.197609154	-0.000008374	0.016054713	-0.000000759	-0.000001102	0.009622816	-0.026413153	0.104242404	-0.000005643	-0.000007543	0.045288190	-0.180814263	0.000001967	0.019255269	0.026240337	0.000000840	-0.000002434	0.041300720	-0.013760689	0.000997363	0.009383322	0.033925189	0.004795800	0.000679854	-0.001630202	0.000997265	0.009382659	0.033923719	0.004795397	0.000679843	0.001630068	-0.000028822	-0.000900549	-0.010547508	-0.000249749	0.000028624	0.000000001	0.262451132	0.363345568	0.207546506	-0.012982858	0.106069446	0.256206903	0.262449344	0.363343009	0.207544999	-0.012978414	0.106072345	-0.256206282	-0.259185982	-0.357915405	-0.203953614	0.254429956	0.114196537	0.000000945	-0.006192006	-0.050770651	-0.160547247	-0.003819996	-0.027249221	-0.000000759	-0.000125560	-0.003879767	-0.044947175	-0.000695280	-0.000777288	-0.000000022		A3: R29*p(1)
-0.000000380	-0.000001248	-0.000004314	-0.000005213	-0.000003720	-0.000003473	-0.000002197	0.107045416	-0.000006707	-0.000004243	0.312609944	-0.000004357	-0.000002756	0.393197822	0.000002831	0.098827903	0.062519712	-0.000001007	-0.000002124	0.000009109	0.379478946	0.240062916	-0.000002559	-0.000005398	-0.100396228	0.000004300	0.000002720	0.055521393	0.117116947	0.000000236	-0.000001933	0.000000000	0.000000000	0.000000001	0.000000003	0.000000005	0.000000001	0.000000000	0.004159724	0.000000006	0.000000000	0.036027070	0.000000012	0.000000000	0.128815465	-0.000000001	0.006463462	0.000002570	0.000000001	0.000000000	-0.000000007	0.078871405	0.000031358	0.000000007	0.000000000	-0.012515547	-0.000000002	-0.000000000	0.016157497	0.000012848	0.000000002	0.000000000	0.000000000	0.000000000	0.000000000	0.000000000	0.000000000	0.000000000	0.000000000	0.626035393	0.000000000	0.000000000	1.000000000	0.000000000	0.000000000	0.716848923	0.000000000	0.000000000	0.000000000	0.000000000	0.000000000	0.000000000	0.000000000	0.000000000	0.000000000	0.000000000	0.000000000	0.000000000	0.000000000	0.000000000	0.000000000	0.000000000	0.000000000	-0.000000024	-0.000000099	-0.000000960	-0.000002844	-0.000004442	-0.000000543	-0.000000911	0.005238510	-0.000002910	-0.000004886	0.042031040	-0.000004987	-0.000008374	0.139489399	0.000000697	0.004122111	0.006921716	0.000000411	-0.000000759	0.000005936	0.046318262	0.077776125	0.000003057	-0.000005643	-0.014923486	0.000001144	0.000001920	-0.009178109	0.016939492	0.000001541	-0.000000063	0.001348482	0.012686687	0.045868429	0.006484144	-0.001630202	-0.000318526	-0.001348383	-0.012686113	-0.045867608	-0.006483764	0.001630068	-0.000318541	0.000000001	0.000000017	0.000000195	0.000000005	0.000000001	0.000075301	-0.354279222	-0.490475252	-0.280164212	0.017525383	0.256206903	-0.049981918	0.354281032	0.490477646	0.280165519	-0.017519594	-0.256206282	-0.049985029	0.000001334	0.000001842	0.000001050	-0.000001309	0.000000945	0.297824460	-0.000000157	-0.000001286	-0.000004067	-0.000000097	-0.000000759	0.002721693	-0.000000003	-0.000000101	-0.000001173	-0.000000018	-0.000000022	0.000077590		A3: R29*p(-1)
-0.035640791	-0.114681011	-0.389698738	-0.531834995	-0.498524168	-0.004817434	-0.081486222	-0.000001664	0.055908580	-0.213373206	-0.000004357	0.281367942	-0.244019537	-0.000004983	-0.006868333	-0.000000035	-0.000000399	0.031416655	-0.001728231	-0.052683852	0.000000372	-0.000001702	0.174609862	0.018208827	-0.000000110	-0.012006936	-0.002196863	0.000000345	-0.000000007	0.015771170	0.016647823	-0.015971842	-0.053092320	-0.216513031	-0.373668564	-0.479912236	-0.101292804	-0.000053041	0.000000004	-0.313403895	-0.000175818	0.000000012	-0.413164371	-0.000289274	0.000000019	0.015009793	0.000000002	0.000000000	-0.025997709	-0.000029903	0.066189883	0.000000010	0.000000000	-0.114644156	-0.000151288	-0.000000001	0.007026480	0.000005362	0.000000001	0.000000000	-0.009071130	-0.000020765	0.000000000	0.000000000	0.000000000	0.000000000	0.000000000	0.256643582	0.000000000	0.000000000	0.716848923	0.000000000	0.000000000	0.999999999	0.000000000	0.000000000	0.000000000	0.000000000	0.000000000	0.000000000	0.000000000	0.000000000	0.000000000	0.000000000	0.000000000	0.000000000	0.000000000	0.000000000	0.000000000	0.000000000	0.000000000	0.000000000	0.000000000	-0.008879408	-0.029447527	-0.118537013	-0.201179313	-0.252639962	-0.001314563	-0.061587935	-0.000001530	0.019934112	-0.200753367	-0.000004987	0.140086062	-0.321839626	-0.000007995	0.007548143	-0.000000031	-0.000000949	0.025125318	-0.001256123	0.032022928	0.000000418	-0.000005041	0.147464779	0.016815433	0.000000344	-0.003406260	0.005651180	0.000000902	-0.000000016	0.004929290	0.022351949	-0.077130200	-0.213099830	-0.375002112	-0.083414264	0.027407768	0.037056574	-0.077128241	-0.213095627	-0.374998159	-0.083413253	0.027406654	-0.037056010	-0.024917788	-0.087836635	-0.229415723	-0.042697788	-0.009213505	0.000000170	0.012184469	0.022938592	0.021716693	0.214742297	-0.003971461	0.005361021	0.012180386	0.022930904	0.021709412	0.214742532	-0.003970100	-0.005359248	0.242664314	0.456613237	0.431941075	0.108182464	0.077533781	-0.000000399	-0.012046209	-0.032369491	-0.054455553	0.027627459	-0.017651262	-0.000000447	-0.016179333	-0.056904185	-0.148080318	-0.013819313	-0.025208800	-0.000000658		A3: R30*p(0)
-0.022546790	-0.072548578	-0.246528079	-0.336445174	-0.315372346	-0.081486222	0.072442581	-0.000001053	-0.213373206	0.258215383	-0.000002756	-0.244019537	0.512731633	-0.000003152	-0.004344990	-0.000000399	0.000000343	-0.038382499	0.026524502	-0.033328434	-0.000001702	0.000001986	-0.189495715	0.153718652	-0.000000070	-0.002196863	-0.009924011	-0.000000412	0.000000294	-0.028846874	0.005796408	-0.000006350	-0.000021109	-0.000086082	-0.000148564	-0.000190804	-0.000053041	0.032115443	0.000000000	-0.000175818	0.128815395	0.000000000	-0.000289274	0.314419151	0.000000000	0.000005968	0.000000000	-0.000000001	-0.000028798	0.023217871	0.000026316	0.000000000	-0.000000004	-0.000165835	0.151232836	-0.000000000	0.000005362	-0.006458836	0.000000000	-0.000000001	-0.000033443	0.025014947	0.000000000	0.000000000	0.000000000	0.000000000	0.000000000	0.000000000	0.256643582	0.000000000	0.000000000	0.716848923	0.000000000	0.000000000	0.999999999	0.000000000	0.000000000	0.000000000	0.000000000	0.000000000	0.000000000	0.000000000	0.000000000	0.000000000	0.000000000	0.000000000	0.000000000	0.000000000	0.000000000	0.000000000	0.000000000	0.000000000	0.000000000	-0.014910014	-0.049447333	-0.199043514	-0.337813788	-0.424224844	-0.061587935	-0.068053372	-0.000002569	-0.200753367	-0.197609154	-0.000008374	-0.321839626	-0.208670447	-0.000013425	0.012674597	-0.000000949	-0.000001060	-0.000795776	-0.025399470	0.053771864	-0.000005041	-0.000005045	-0.027716013	-0.120944826	0.000000577	0.005651180	0.002717554	-0.000000056	-0.000000878	0.006197179	-0.013682223	0.019391583	0.053576199	0.094280638	0.027407768	0.018709701	-0.009316527	0.019390626	0.053573859	0.094277386	0.027406654	0.018709339	0.009316162	-0.004657051	-0.016416373	-0.042877032	-0.009213505	0.004877565	0.000000032	0.178127060	0.335343628	0.317480449	-0.003971461	0.156954421	0.078373780	0.178125775	0.335341195	0.317478123	-0.003970100	0.156955328	-0.078373563	-0.175136390	-0.329548224	-0.311741760	0.077533781	0.159653300	0.000000288	-0.094512126	-0.253964490	-0.427247271	-0.017651262	-0.108611005	-0.000003508	-0.019893212	-0.069966237	-0.182071365	-0.025208800	-0.024312110	-0.000000809		A3: R30*p(1)
-0.000000460	-0.000001481	-0.000005034	-0.000006870	-0.000006440	-0.000001664	-0.000001053	0.123991739	-0.000004357	-0.000002756	0.393197822	-0.000004983	-0.000003152	0.667101308	0.000000942	0.046044854	0.029128525	-0.000000189	-0.000000399	0.000004624	0.237077406	0.149978000	-0.000000807	-0.000001702	-0.020904556	0.000000742	0.000000470	0.011560694	0.024386152	0.000000021	-0.000000171	0.000000000	0.000000001	0.000000006	0.000000010	0.000000013	0.000000004	0.000000000	0.032115464	0.000000012	0.000000000	0.128815465	0.000000019	0.000000000	0.314419266	-0.000000001	0.023217886	0.000009231	0.000000001	0.000000000	-0.000000009	0.151232920	0.000060127	0.000000007	0.000000000	-0.015820857	-0.000000002	-0.000000000	0.020424632	0.000016241	0.000000001	0.000000000	0.000000000	0.000000000	0.000000000	0.000000000	0.000000000	0.000000000	0.000000000	0.256643582	0.000000000	0.000000000	0.716848923	0.000000000	0.000000000	0.999999999	0.000000000	0.000000000	0.000000000	0.000000000	0.000000000	0.000000000	0.000000000	0.000000000	0.000000000	0.000000000	0.000000000	0.000000000	0.000000000	0.000000000	0.000000000	0.000000000	0.000000000	-0.000000370	-0.000001228	-0.000004945	-0.000008392	-0.000010539	-0.000001530	-0.000002569	0.035363095	-0.000004987	-0.000008374	0.139489399	-0.000007995	-0.000013425	0.331752231	0.000001240	0.012799614	0.021492698	0.000000514	-0.000000949	0.000007259	0.081985292	0.137667048	0.000002731	-0.000005041	-0.016587271	0.000000880	0.000001478	-0.010201354	0.018828036	0.000000727	-0.000000030	0.026218319	0.072437506	0.127471795	0.037056574	-0.009316527	0.013004010	-0.026217692	-0.072436185	-0.127470640	-0.037056010	0.009316162	0.013003376	0.000000086	0.000000303	0.000000791	0.000000170	0.000000032	0.006599538	-0.240451301	-0.452675813	-0.428562550	0.005361021	0.078373780	0.109218255	0.240452435	0.452677927	0.428564520	-0.005359248	-0.078373563	0.109217340	0.000000901	0.000001696	0.000001604	-0.000000399	0.000000288	0.215611205	-0.000002394	-0.000006433	-0.000010823	-0.000000447	-0.000003508	0.029877231	-0.000000519	-0.000001826	-0.000004751	-0.000000658	-0.000000809	0.006683236		A3: R30*p(-1)
-0.000643174	-0.004976270	-0.053492156	-0.043619585	-0.012813426	-0.062289678	-0.039405195	-0.000001639	-0.047977166	-0.030350929	-0.000002831	0.006868333	0.004344990	-0.000000942	0.055059929	-0.000003079	-0.000001948	-0.031884872	-0.067258018	0.072310211	-0.000004610	-0.000002916	0.000547551	0.001155006	0.000005816	0.094075919	0.059513551	-0.000002616	-0.000005519	0.004718247	-0.038684872	-0.000000000	-0.000000101	-0.000534503	-0.007273039	-0.009882082	-0.000364986	-0.000000145	0.000000000	-0.015902404	-0.000006323	0.000000001	-0.015009793	-0.000005968	0.000000001	0.000150856	0.000000000	0.000000000	-0.000255571	-0.000000203	0.014521800	0.000000002	0.000000000	-0.021986553	-0.000017483	-0.000000000	0.002255105	0.000000897	0.000000000	0.000000000	-0.002697963	-0.000003218	0.000000000	0.000000000	0.000000000	0.000000000	0.000000000	0.000000000	0.000000000	0.000000000	0.000000000	0.000000000	0.000000000	0.000000000	0.000000000	0.000000000	1.000000000	0.000000000	0.000000000	0.000000000	0.000000000	0.531577394	0.000000000	0.000000000	0.000000000	0.000000000	0.000000000	0.000000000	0.000000000	0.000000000	0.000000000	0.000000000	0.000000000	-0.000000001	-0.000000220	-0.000763066	-0.008494275	-0.010346866	-0.000285096	-0.000478724	-0.000000016	-0.009561114	-0.016054713	-0.000000697	-0.007548143	-0.012674597	-0.000001240	0.000244664	-0.000000012	-0.000000020	0.000196985	-0.000363564	0.016998054	-0.000001040	-0.000001746	0.012063408	-0.022264718	0.000000228	0.001636732	0.002748347	0.000000136	-0.000000251	0.003789958	-0.000153917	-0.000000727	-0.000860847	-0.005509451	-0.000044756	0.000011252	0.000020797	-0.000000727	-0.000860780	-0.005509325	-0.000044750	0.000011250	-0.000020794	-0.000000000	-0.000040997	-0.002877414	-0.000000123	-0.000000023	0.000000000	0.111580078	0.070137367	0.010456267	-0.016394271	-0.239670960	-0.017559362	0.111582399	0.070138759	0.010456470	-0.016388998	-0.239672455	0.017555445	-0.120830985	-0.075150288	-0.011148839	0.111662006	-0.080589025	0.000001708	-0.000002568	-0.001769565	-0.008620227	-0.000018142	-0.000142340	-0.000000005	-0.000000000	-0.000042342	-0.002906407	-0.000000084	-0.000000103	-0.000000000		A3: R31*d(0)
0.000000021	0.000000159	0.000001710	0.000001394	0.000000410	0.000002197	0.000001695	-0.037285871	0.000002080	0.000002124	-0.098827903	0.000000035	0.000000399	-0.046044854	-0.000003079	-0.064143414	-0.048223613	0.000000878	0.000003306	-0.000004610	-0.134038103	-0.131005266	-0.000000401	0.000003105	0.126887668	-0.000006794	-0.000005530	-0.034392915	-0.164982069	-0.000002418	0.000004009	-0.000000000	-0.000000000	-0.000000000	-0.000000001	-0.000000001	-0.000000000	-0.000000000	-0.000064773	-0.000000002	-0.000000000	-0.006463462	-0.000000002	-0.000000000	-0.023217886	0.000000000	-0.000080054	-0.000000033	-0.000000000	-0.000000000	0.000000002	-0.018909895	-0.000008245	-0.000000003	-0.000000000	0.001091337	0.000000000	0.000000000	-0.001408910	-0.000001180	-0.000000000	-0.000000000	0.000000000	0.000000000	0.000000000	0.000000000	0.000000000	0.000000000	0.000000000	0.000000000	0.000000000	0.000000000	0.000000000	0.000000000	0.000000000	0.000000000	0.000000000	1.000000000	0.000000000	0.000000000	0.000000000	0.000000000	0.531577394	0.000000000	0.000000000	0.000000000	0.000000000	0.000000000	0.000000000	0.000000000	0.000000000	0.000000000	0.000000000	0.000000000	0.000000000	0.000000029	0.000000321	0.000000391	0.000000010	0.000000020	-0.000053311	0.000000280	0.000000759	-0.004122111	0.000000031	0.000000949	-0.012799614	-0.000000012	-0.000031439	-0.000062748	-0.000000010	0.000000014	-0.000001040	-0.004357695	-0.011310255	-0.000001005	0.000000865	0.000835571	-0.000000084	-0.000000179	0.000693657	-0.000851045	-0.000000177	-0.000000046	-0.000001029	-0.001218188	-0.007796446	-0.000067859	0.000017871	0.000014679	0.000001029	0.001218100	0.007796314	0.000067849	-0.000017868	0.000014678	-0.000000000	-0.000000000	-0.000000033	-0.000000000	-0.000000000	-0.000000011	-0.013520581	-0.008498811	-0.001267026	-0.195638783	0.018835816	-0.015447254	0.013516129	0.008496004	0.001266607	0.195640770	-0.018829466	-0.015442319	0.000001022	0.000000636	0.000000094	-0.000001180	0.000001390	0.201033254	0.000000000	0.000000019	0.000000095	-0.000000000	0.000000002	-0.000002807	0.000000000	0.000000002	0.000000129	0.000000000	0.000000000	-0.000000008		A3: R31*d(1)
0.000000013	0.000000101	0.000001081	0.000000882	0.000000259	0.000001695	0.000000590	-0.023587487	0.000002124	0.000000067	-0.062519712	0.000000399	-0.000000343	-0.029128525	-0.000001948	-0.048223613	-0.018420874	0.000001801	0.000001501	-0.000002916	-0.131005266	-0.009827304	0.000003131	0.000000360	0.080270655	-0.000005530	-0.000001551	-0.100948828	-0.066827494	0.000002678	0.000003050	-0.000000000	-0.000000000	-0.000000000	-0.000000000	-0.000000000	-0.000000000	0.000000000	-0.000000026	-0.000000000	0.000000000	-0.000002570	-0.000000000	0.000000001	-0.000009231	0.000000000	-0.000000033	0.000003302	-0.000000000	0.000000000	0.000000000	-0.000008245	0.001827850	-0.000000000	0.000000001	0.000000434	0.000000000	-0.000000000	-0.000000680	0.000150870	-0.000000000	0.000000000	0.000000000	0.000000000	0.000000000	0.000000000	0.000000000	0.000000000	0.000000000	0.000000000	0.000000000	0.000000000	0.000000000	0.000000000	0.000000000	0.000000000	0.000000000	0.000000000	1.000000000	0.000000000	0.000000000	0.000000000	0.000000000	0.531577394	0.000000000	0.000000000	0.000000000	0.000000000	0.000000000	0.000000000	0.000000000	0.000000000	0.000000000	0.000000000	0.000000000	0.000000048	0.000000540	0.000000657	0.000000020	0.000000031	-0.000089518	0.000000759	0.000001102	-0.006921716	0.000000949	0.000001060	-0.021492698	-0.000000020	-0.000062748	-0.000099435	-0.000000012	0.000000026	-0.000001746	-0.011310255	-0.016613877	-0.000000744	0.000001963	0.001403064	-0.000000179	-0.000000278	0.000755840	-0.001650611	-0.000000292	0.000000043	0.000000259	0.000306269	0.001960133	0.000017871	-0.000001270	-0.000003691	-0.000000259	-0.000306240	-0.001960052	-0.000017868	0.000001269	-0.000003690	-0.000000000	-0.000000000	-0.000000006	-0.000000000	-0.000000000	-0.000000002	-0.197659944	-0.124245728	-0.018522887	0.018835816	0.078437148	-0.225826332	0.197659675	0.124245440	0.018522836	-0.018829466	-0.078433484	-0.225828248	-0.000000738	-0.000000459	-0.000000068	0.000001390	-0.000000257	-0.145090301	0.000000000	0.000000153	0.000000744	0.000000002	0.000000013	-0.000022019	0.000000000	0.000000002	0.000000158	0.000000000	0.000000000	-0.000000009		A3: R31*d(-1)
0.000477208	0.003692182	0.039688923	0.032363891	0.009507021	0.024902573	0.062928640	0.000000803	-0.020896007	0.111820361	0.000001007	-0.031416655	0.038382499	0.000000189	-0.031884872	0.000000878	0.000001801	-0.051406875	0.091217665	0.000547551	-0.000000401	0.000003131	-0.164111737	0.111380365	-0.000001569	0.002204579	-0.064146073	-0.000003100	0.000004095	-0.221144347	0.041302382	0.000000001	0.000000174	0.000925787	0.012597270	0.017116262	0.000632175	0.000000303	-0.000000000	0.027543761	0.000016090	-0.000000001	0.025997709	0.000028798	-0.000000001	-0.000255571	-0.000000000	-0.000000000	0.000445963	0.000000418	-0.021986553	-0.000000003	-0.000000000	0.039909655	0.000046771	0.000000000	-0.003667407	-0.000001812	-0.000000000	-0.000000000	0.004857783	0.000007166	0.000000000	0.000000000	0.000000000	0.000000000	0.000000000	0.000000000	0.000000000	0.000000000	0.000000000	0.000000000	0.000000000	0.000000000	0.000000000	0.000000000	0.000000000	0.000000000	0.000000000	1.000000000	0.000000000	0.000000000	0.000000000	0.000000000	0.531577394	0.000000000	0.000000000	0.000000000	0.000000000	0.000000000	0.000000000	0.000000000	0.000000000	-0.000000001	-0.000000181	-0.000629624	-0.007008829	-0.008537446	-0.000313947	-0.000348134	-0.000000011	-0.013974929	-0.009622816	-0.000000411	-0.025125318	0.000795776	-0.000000514	0.000196985	-0.000000010	-0.000000012	0.000058126	-0.000359770	0.012063408	-0.000001005	-0.000000744	-0.007557036	-0.029147234	0.000000145	0.001762415	0.001813793	0.000000017	-0.000000207	0.003173795	-0.002400987	0.000001418	0.001678599	0.010743086	0.000088465	-0.000027010	-0.000033295	0.000001418	0.001678480	0.010742923	0.000088453	-0.000027005	0.000033290	0.000000000	0.000066215	0.004647405	0.000000198	0.000000041	-0.000000000	-0.072870979	-0.045805476	-0.006828804	0.016923129	-0.044366138	-0.137037965	-0.072870236	-0.045804965	-0.006828724	0.016917392	-0.044367068	0.137037127	0.065930082	0.041004918	0.006083240	0.076775674	0.234769840	-0.000000461	-0.000004306	-0.002966985	-0.014453321	-0.000035942	-0.000237954	-0.000000007	-0.000000000	-0.000014943	-0.001025696	-0.000000039	-0.000000029	-0.000000000		A3: R31*d(2)
0.001006623	0.007788297	0.083719900	0.068268463	0.020054132	0.107592952	0.045700443	0.000001695	0.101869999	0.005166993	0.000002124	0.001728231	-0.026524502	0.000000399	-0.067258018	0.000003306	0.000001501	0.091217665	0.097764494	0.001155006	0.000003105	0.000000360	0.111380365	0.018032385	-0.000003310	-0.071849862	-0.014382328	0.000004095	0.000003597	0.083639754	0.154219636	0.000000000	0.000000000	0.000000736	0.000010017	0.000013610	0.000000528	-0.000064773	-0.000000000	0.000024472	-0.006463452	-0.000000000	0.000029903	-0.023217871	-0.000000000	-0.000000203	-0.000000000	0.000000000	0.000000418	-0.000080054	-0.000017483	-0.000000000	0.000000001	0.000046771	-0.018909862	0.000000000	-0.000003093	0.000445535	-0.000000000	0.000000000	0.000005921	-0.001725550	0.000000000	0.000000000	0.000000000	0.000000000	0.000000000	0.000000000	0.000000000	0.000000000	0.000000000	0.000000000	0.000000000	0.000000000	0.000000000	0.000000000	0.000000000	0.000000000	0.000000000	0.000000000	1.000000000	0.000000000	0.000000000	0.000000000	0.000000000	0.531577394	0.000000000	0.000000000	0.000000000	0.000000000	0.000000000	0.000000000	0.000000000	0.000000002	0.000000335	0.001162059	0.012935782	0.015757059	0.000391523	0.000754437	0.000000020	0.011263047	0.026413153	0.000000759	0.001256123	0.025399470	0.000000949	-0.000363564	0.000000014	0.000000026	-0.000359770	0.000527203	-0.022264718	0.000000865	0.000001963	-0.029147234	0.030445815	-0.000000268	-0.002050400	-0.004063670	-0.000000207	0.000000287	-0.006077622	-0.000984237	-0.000000761	-0.000900996	-0.005766404	-0.000050190	0.000003735	0.000017871	-0.000000761	-0.000900908	-0.005766160	-0.000050182	0.000003734	-0.000017868	0.000000000	0.000025646	0.001800045	0.000000079	0.000000004	-0.000000000	0.010016088	0.006295945	0.000938616	0.144929809	-0.003974672	0.018835816	0.010012671	0.006293791	0.000938295	0.144929553	-0.003973135	-0.018829466	-0.198629317	-0.123536610	-0.018327140	0.229263826	-0.069146688	0.000001390	0.000001116	0.000768814	0.003745188	-0.000013433	0.000064558	0.000000002	0.000000001	0.000071800	0.004928443	0.000000141	0.000000177	0.000000000		A3: R31*d(-2)
-0.028321951	-0.088016239	-0.220880511	-0.174231558	-0.067200756	-0.103144763	-0.065250610	-0.000005779	-0.047894200	-0.030298444	-0.000009109	0.052683852	0.033328434	-0.000004624	0.072310211	-0.000004610	-0.000002916	0.000547551	0.001155006	0.192619617	-0.000008644	-0.000005468	0.063369538	0.133671841	0.000005306	0.102955287	0.065130745	-0.000001528	-0.000003224	-0.010684723	0.087603972	-0.000755456	-0.003191009	-0.029401244	-0.067718859	-0.064210900	-0.030168365	-0.000011994	0.000000001	-0.113066121	-0.000044953	0.000000007	-0.066189883	-0.000026316	0.000000009	0.014521800	0.000000002	0.000000000	-0.021986553	-0.000017483	0.077892403	0.000000014	0.000000000	-0.090279305	-0.000071787	-0.000000004	0.032081814	0.000012755	0.000000004	0.000000000	-0.026927583	-0.000032118	0.000000000	0.000000000	0.000000000	0.000000000	0.000000000	0.000000000	0.000000000	0.000000000	0.000000000	0.000000000	0.000000000	0.000000000	0.000000000	0.000000000	0.531577394	0.000000000	0.000000000	0.000000000	0.000000000	1.000000000	0.000000000	0.000000000	0.000000000	0.000000000	0.000000000	0.000000000	0.000000000	0.000000000	0.000000000	0.000000000	0.000000000	-0.001005522	-0.004152515	-0.034894322	-0.074456062	-0.066211144	-0.018230527	-0.030612111	-0.000001317	-0.062079808	-0.104242404	-0.000005936	-0.032022928	-0.053771864	-0.000007259	0.016998054	-0.000001040	-0.000001746	0.012063408	-0.022264718	0.083406684	-0.000006031	-0.000010126	0.043625686	-0.080517347	0.000003303	0.018352204	0.030816427	0.000001807	-0.000003336	0.028304867	-0.001149510	-0.002642651	-0.020174907	-0.039065398	-0.010343687	0.002600544	0.006518961	-0.002642444	-0.020173969	-0.039064730	-0.010343072	0.002600327	-0.006518542	-0.000127871	-0.003809035	-0.026158710	-0.001092061	-0.000204102	0.000000005	0.220004593	0.189138590	0.050191146	-0.021866564	-0.319671443	-0.247053903	0.220008962	0.189142296	0.050192118	-0.021859443	-0.319672171	0.247051229	-0.235750685	-0.202086511	-0.053488355	-0.008008207	0.005779706	0.000002524	-0.005427772	-0.035447135	-0.059415889	-0.002901347	-0.022763385	-0.000000923	-0.000132041	-0.003883982	-0.026361312	-0.000720053	-0.000885337	-0.000000031		A3: R32*d(0)
0.000000905	0.000002813	0.000007059	0.000005568	0.000002148	0.000004396	0.000004405	-0.198750800	0.000003631	0.000005398	-0.379478946	-0.000000372	0.000001702	-0.237077406	-0.000004610	-0.134038103	-0.131005266	-0.000000401	0.000003105	-0.000008644	-0.230307395	-0.321579150	-0.000002966	0.000003441	0.091553647	-0.000003949	-0.000004699	0.033239811	-0.146562238	-0.000002312	0.000000445	-0.000000000	-0.000000000	-0.000000003	-0.000000006	-0.000000006	-0.000000003	-0.000000000	-0.012034070	-0.000000013	-0.000000000	-0.078871405	-0.000000010	-0.000000000	-0.151232920	0.000000002	-0.018909895	-0.000008245	-0.000000003	-0.000000000	0.000000014	-0.162789637	-0.000074968	-0.000000013	-0.000000000	0.033020541	0.000000006	0.000000000	-0.042629318	-0.000037971	-0.000000004	-0.000000000	0.000000000	0.000000000	0.000000000	0.000000000	0.000000000	0.000000000	0.000000000	0.000000000	0.000000000	0.000000000	0.000000000	0.000000000	0.000000000	0.000000000	0.000000000	0.531577394	0.000000000	0.000000000	0.000000000	0.000000000	1.000000000	0.000000000	0.000000000	0.000000000	0.000000000	0.000000000	0.000000000	0.000000000	0.000000000	0.000000000	0.000000000	0.000000038	0.000000157	0.000001320	0.000002817	0.000002505	0.000000537	0.000001441	-0.007704330	0.000001428	0.000005643	-0.046318262	-0.000000418	0.000005041	-0.081985292	-0.000001040	-0.004357695	-0.011310255	-0.000001005	0.000000865	-0.000006031	-0.025247227	-0.093667716	-0.000006194	0.000003231	0.019755029	-0.000000986	-0.000002941	0.021751794	-0.017221070	-0.000001964	-0.000001326	-0.003739627	-0.028549591	-0.055281599	-0.017070711	0.004727692	0.001291702	0.003739356	0.028548432	0.055280982	0.017069771	-0.004727311	0.001291722	-0.000000001	-0.000000044	-0.000000302	-0.000000013	-0.000000003	-0.000213841	-0.026658791	-0.022918640	-0.006081852	-0.390514133	0.018431528	-0.005027929	0.026649988	0.022911066	0.006079840	0.390516965	-0.018425302	-0.005026467	0.000001994	0.000001710	0.000000452	-0.000000397	0.000001351	0.397035098	0.000000060	0.000000390	0.000000654	-0.000000161	0.000000301	-0.001005248	0.000000006	0.000000172	0.000001166	0.000000031	0.000000044	-0.000141510		A3: R32*d(1)
0.000000573	0.000001780	0.000004466	0.000003523	0.000001359	0.000004405	0.000000219	-0.125732131	0.000005398	-0.000001487	-0.240062916	0.000001702	-0.000001986	-0.149978000	-0.000002916	-0.131005266	-0.009827304	0.000003131	0.000000360	-0.000005468	-0.321579150	0.074593351	0.000006432	-0.000001762	0.057917931	-0.000004699	0.000000507	-0.164608923	-0.004712551	0.000003461	0.000000882	-0.000000000	-0.000000000	-0.000000000	-0.000000000	-0.000000000	-0.000000000	0.000000000	-0.000004785	-0.000000000	0.000000002	-0.000031358	-0.000000000	0.000000004	-0.000060127	0.000000000	-0.000008245	0.001827850	-0.000000000	0.000000001	0.000000000	-0.000074968	0.025769575	-0.000000000	0.000000005	0.000013128	0.000000000	-0.000000001	-0.000025096	0.010245850	-0.000000000	0.000000002	0.000000000	0.000000000	0.000000000	0.000000000	0.000000000	0.000000000	0.000000000	0.000000000	0.000000000	0.000000000	0.000000000	0.000000000	0.000000000	0.000000000	0.000000000	0.000000000	0.531577394	0.000000000	0.000000000	0.000000000	0.000000000	1.000000000	0.000000000	0.000000000	0.000000000	0.000000000	0.000000000	0.000000000	0.000000000	0.000000000	0.000000000	0.000000064	0.000000264	0.000002217	0.000004730	0.000004206	0.000001441	0.000002098	-0.012936861	0.000005643	0.000007543	-0.077776125	0.000005041	0.000005045	-0.137667048	-0.000001746	-0.011310255	-0.016613877	-0.000000744	0.000001963	-0.000010126	-0.093667716	-0.126748792	-0.000002587	0.000009659	0.033172005	-0.000002941	-0.000004172	0.014682700	-0.040751547	-0.000003168	0.000000966	0.000940193	0.007177756	0.013898547	0.004727692	0.000545122	-0.000324752	-0.000940102	-0.007177293	-0.013898059	-0.004727311	-0.000545122	-0.000324749	-0.000000000	-0.000000008	-0.000000056	-0.000000003	0.000000000	-0.000039966	-0.389729926	-0.335051953	-0.088911743	0.018431528	-0.122320910	-0.073504246	0.389729027	0.335051093	0.088911494	-0.018425302	0.122325558	-0.073506984	-0.000001439	-0.000001234	-0.000000327	0.000001351	0.000000500	-0.286549317	0.000000469	0.000003061	0.000005130	0.000000301	0.000002159	-0.007886973	0.000000007	0.000000211	0.000001434	0.000000044	0.000000049	-0.000173993		A3: R32*d(-1)
0.021013693	0.065304335	0.163884020	0.129272464	0.049860126	-0.037082950	0.228005145	0.000002088	-0.181386249	0.365378724	0.000002559	-0.174609862	0.189495715	0.000000807	0.000547551	-0.000000401	0.000003131	-0.164111737	0.111380365	0.063369538	-0.000002966	0.000006432	-0.350149539	0.176330558	0.000000221	0.044354009	-0.019230916	-0.000003815	0.000002392	-0.156742868	0.006679155	0.001308489	0.005526987	0.050924432	0.117292468	0.111216507	0.052253121	0.000030344	-0.000000002	0.195836179	0.000140577	-0.000000007	0.114644156	0.000165835	-0.000000007	-0.021986553	-0.000000003	-0.000000000	0.039909655	0.000046771	-0.090279305	-0.000000013	-0.000000000	0.182137780	0.000274274	0.000000003	-0.039367178	-0.000026371	-0.000000005	-0.000000000	0.059188439	0.000112112	0.000000000	0.000000000	0.000000000	0.000000000	0.000000000	0.000000000	0.000000000	0.000000000	0.000000000	0.000000000	0.000000000	0.000000000	0.000000000	0.000000000	0.000000000	0.000000000	0.000000000	0.531577394	0.000000000	0.000000000	0.000000000	0.000000000	1.000000000	0.000000000	0.000000000	0.000000000	0.000000000	0.000000000	0.000000000	0.000000000	0.000000000	-0.000829680	-0.003426339	-0.028792138	-0.061435475	-0.054632396	-0.026417004	-0.018484855	-0.000000781	-0.119607142	-0.045288190	-0.000003057	-0.147464779	0.027716013	-0.000002731	0.012063408	-0.000001005	-0.000000744	-0.007557036	-0.029147234	0.043625686	-0.000006194	-0.000002587	-0.098180554	-0.155680669	0.000001439	0.022150900	0.010110245	-0.000000908	-0.000002752	0.028587197	-0.054879046	0.005153006	0.039339814	0.076175096	0.020811157	-0.007796807	-0.008807916	0.005152642	0.039338287	0.076174380	0.020810109	-0.007796169	0.008807447	0.000206529	0.006152096	0.042249782	0.001749388	0.000406887	-0.000000007	-0.143681116	-0.123523074	-0.032778952	0.026647662	-0.190888871	-0.134096611	-0.143679514	-0.123521665	-0.032778570	0.026638662	-0.190888744	0.134095704	0.128634737	0.110266255	0.029185326	0.276328806	0.373665811	-0.000000448	-0.009100611	-0.059433336	-0.099621153	-0.006842975	-0.037914650	-0.000001160	-0.000046598	-0.001370691	-0.009303137	-0.000424456	-0.000173901	-0.000000009		A3: R32*d(2)
0.044326329	0.137753108	0.345697309	0.272687618	0.105175058	0.215290385	0.016984119	0.000004405	0.177794251	-0.115137509	0.000005398	-0.018208827	-0.153718652	0.000001702	0.001155006	0.000003105	0.000000360	0.111380365	0.018032385	0.133671841	0.000003441	-0.000001762	0.176330558	-0.061790144	0.000000466	0.038363017	0.046687479	0.000002392	0.000000096	0.066297546	0.062501223	0.000001040	0.000004395	0.000040493	0.000093267	0.000088435	0.000046334	-0.012034049	-0.000000000	0.000187080	-0.078871318	-0.000000000	0.000151288	-0.151232836	-0.000000000	-0.000017483	-0.000000000	0.000000001	0.000046771	-0.018909862	-0.000071787	-0.000000000	0.000000005	0.000274274	-0.162789448	0.000000000	-0.000036663	0.013480563	-0.000000000	0.000000003	0.000109338	-0.052209953	0.000000000	0.000000000	0.000000000	0.000000000	0.000000000	0.000000000	0.000000000	0.000000000	0.000000000	0.000000000	0.000000000	0.000000000	0.000000000	0.000000000	0.000000000	0.000000000	0.000000000	0.000000000	0.531577394	0.000000000	0.000000000	0.000000000	0.000000000	1.000000000	0.000000000	0.000000000	0.000000000	0.000000000	0.000000000	0.000000000	0.000000000	0.001531292	0.006323791	0.053139946	0.113387821	0.100831781	0.021600014	0.050288873	0.000001441	0.057488825	0.180814263	0.000005643	-0.016815433	0.120944826	0.000005041	-0.022264718	0.000000865	0.000001963	-0.029147234	0.030445815	-0.080517347	0.000003231	0.000009659	-0.155680669	0.104799576	-0.000002656	-0.012455177	-0.035589357	-0.000002752	0.000002681	-0.057961562	-0.026751456	-0.002765901	-0.021115837	-0.040887354	-0.012625832	-0.001603663	0.004727692	-0.002765630	-0.021114443	-0.040885858	-0.012624816	-0.001603662	-0.004727311	0.000079993	0.002382846	0.016364297	0.000720437	-0.000071724	-0.000000003	0.019748914	0.016978199	0.004505454	0.289294065	0.006198408	0.018431528	0.019742157	0.016972386	0.004503911	0.289292713	0.006196537	-0.018425302	-0.387541303	-0.332202088	-0.087927409	0.077105749	0.134576913	0.000001351	0.002358178	0.015400546	0.025814135	-0.006374284	0.010863008	0.000000301	0.000223904	0.006586133	0.044701319	0.001185554	0.001530114	0.000000044		A3: R32*d(-2)
0.000000289	0.000001102	0.000002888	0.000001198	0.000000178	0.000003877	0.000002452	-0.089001081	0.000001270	0.000000804	-0.100396228	-0.000000110	-0.000000070	-0.020904556	-0.000005816	-0.126887668	-0.080270655	0.000001569	0.000003310	-0.000005306	-0.091553647	-0.057917931	-0.000000221	-0.000000466	0.138066797	-0.000009348	-0.000005914	-0.050507558	-0.106540753	-0.000000023	0.000000190	-0.000000000	-0.000000000	-0.000000000	-0.000000001	-0.000000001	-0.000000000	-0.000000000	-0.000623045	-0.000000003	-0.000000000	-0.012515547	-0.000000001	-0.000000000	-0.015820857	0.000000000	-0.001091337	-0.000000434	-0.000000000	-0.000000000	0.000000004	-0.033020541	-0.000013128	-0.000000003	-0.000000000	0.005751476	0.000000002	0.000000000	-0.007221616	-0.000005742	-0.000000001	-0.000000000	0.000000000	0.000000000	0.000000000	0.000000000	0.000000000	0.000000000	0.000000000	0.000000000	0.000000000	0.000000000	0.000000000	0.000000000	0.000000000	0.000000000	0.000000000	0.000000000	0.000000000	0.000000000	0.000000000	0.000000000	0.000000000	0.000000000	0.000000000	0.000000000	1.000000000	0.000000000	0.000000000	0.000000000	0.000000000	0.000000000	0.000000000	0.000000000	0.000000002	0.000000266	0.000000908	0.000000483	0.000000152	0.000000255	-0.000905853	0.000001172	0.000001967	-0.014923486	0.000000344	0.000000577	-0.016587271	-0.000000228	-0.000835571	-0.001403064	-0.000000145	0.000000268	-0.000003303	-0.019755029	-0.033172005	-0.000001439	0.000002656	0.007761656	-0.000000846	-0.000001421	0.004627998	-0.008541622	-0.000001190	0.000000048	-0.000035504	-0.003093494	-0.005548314	-0.000714194	0.000179558	0.000165456	0.000035499	0.003093308	0.005548249	0.000714117	-0.000179534	0.000165441	-0.000000000	-0.000000002	-0.000000035	-0.000000000	-0.000000000	-0.000000628	-0.032242506	-0.009737640	-0.000651553	0.018338654	0.268096257	0.193365399	0.032247128	0.009739029	0.000651646	-0.018332883	-0.268099804	0.193364235	-0.000001634	-0.000000490	-0.000000033	0.000000802	-0.000000579	-0.250989109	0.000000007	0.000000401	0.000000566	0.000000016	0.000000129	-0.000279323	0.000000000	0.000000015	0.000000208	0.000000000	0.000000000	-0.000000662		A3: R33*f(0)
0.009135680	0.034819195	0.091267436	0.037858765	0.005615575	0.086181777	0.077505286	0.000004935	-0.000842689	0.025395511	0.000004300	-0.012006936	-0.002196863	0.000000742	-0.094075919	0.000006794	0.000005530	-0.002204579	0.071849862	-0.102955287	0.000003949	0.000004699	-0.044354009	-0.038363017	-0.000009348	-0.124752634	-0.118115676	0.000000485	0.000008503	-0.025986243	-0.047264911	0.000000953	0.000020153	0.003850882	0.015452011	0.009059096	0.003860959	0.000001636	-0.000000000	0.033906734	0.000015512	-0.000000002	0.007026480	0.000005362	-0.000000002	-0.002255105	-0.000000000	-0.000000000	0.003667407	0.000003093	-0.032081814	-0.000000006	-0.000000000	0.039367178	0.000036663	0.000000002	-0.013714157	-0.000005886	-0.000000002	-0.000000000	0.014344927	0.000018545	0.000000000	0.000000000	0.000000000	0.000000000	0.000000000	0.000000000	0.000000000	0.000000000	0.000000000	0.000000000	0.000000000	0.000000000	0.000000000	0.000000000	0.000000000	0.000000000	0.000000000	0.000000000	0.000000000	0.000000000	0.000000000	0.000000000	0.000000000	0.000000000	0.000000000	1.000000000	0.000000000	0.000000000	0.000000000	0.000000000	0.000000000	0.000000988	0.000018296	0.002604387	0.008888366	0.004724355	0.001116545	0.002495844	0.000000102	0.005374663	0.019255269	0.000001144	-0.003406260	0.005651180	0.000000880	-0.001636732	0.000000084	0.000000179	-0.001762415	0.002050400	-0.018352204	0.000000986	0.000002941	-0.022150900	0.012455177	-0.000000846	-0.003506225	-0.008390790	-0.000000716	0.000000777	-0.009331543	-0.003797865	0.000025987	0.002264260	0.004061047	0.000450164	-0.000121113	-0.000342266	0.000025983	0.002264111	0.004060977	0.000450113	-0.000121096	0.000342226	0.000000096	0.000281226	0.004097776	0.000007613	0.000001471	-0.000000000	0.019948719	0.006024763	0.000403122	0.225098051	-0.023213735	-0.001972651	0.019942319	0.006022826	0.000402992	0.225102339	-0.023206043	0.001971675	-0.179620447	-0.053810332	-0.003585091	-0.014333676	-0.063607025	0.000002830	0.000014105	0.000823204	0.001162888	-0.000080193	0.000265502	0.000000010	0.000000066	0.000185529	0.002651227	0.000003133	0.000004184	0.000000000		A3: R33*f(1)
0.005779340	0.022027039	0.057736871	0.023949907	0.003552480	0.077505286	0.012696231	0.000003122	0.025395511	-0.024921085	0.000002720	-0.002196863	-0.009924011	0.000000470	-0.059513551	0.000005530	0.000001551	0.064146073	0.014382328	-0.065130745	0.000004699	-0.000000507	0.019230916	-0.046687479	-0.000005914	-0.118115676	-0.012762917	0.000006715	0.000002341	0.052807011	-0.021454650	0.000000000	0.000000008	0.000001531	0.000006143	0.000003602	0.000001636	-0.000254356	-0.000000000	0.000015512	-0.005109445	-0.000000000	0.000005362	-0.006458836	-0.000000000	-0.000000897	-0.000000000	0.000000000	0.000001812	-0.000445535	-0.000012755	-0.000000000	0.000000001	0.000026371	-0.013480563	0.000000000	-0.000005886	0.001089939	-0.000000000	0.000000000	0.000010010	-0.003610800	0.000000000	0.000000000	0.000000000	0.000000000	0.000000000	0.000000000	0.000000000	0.000000000	0.000000000	0.000000000	0.000000000	0.000000000	0.000000000	0.000000000	0.000000000	0.000000000	0.000000000	0.000000000	0.000000000	0.000000000	0.000000000	0.000000000	0.000000000	0.000000000	0.000000000	0.000000000	1.000000000	0.000000000	0.000000000	0.000000000	0.000000000	0.000001660	0.000030723	0.004373202	0.014925057	0.007932983	0.002495844	0.003821128	0.000000172	0.019255269	0.026240337	0.000001920	0.005651180	0.002717554	0.000001478	-0.002748347	0.000000179	0.000000278	-0.001813793	0.004063670	-0.030816427	0.000002941	0.000004172	-0.010110245	0.035589357	-0.000001421	-0.008390790	-0.012598774	-0.000000683	0.000001586	-0.015284006	0.003108154	-0.000006533	-0.000569266	-0.001021002	-0.000121113	-0.000001114	0.000086050	-0.000006532	-0.000569215	-0.001020961	-0.000121096	-0.000001115	-0.000086038	0.000000018	0.000052560	0.000765861	0.000001471	0.000000018	-0.000000000	0.291634104	0.088077148	0.005893311	-0.023213735	-0.112680047	-0.028838565	0.291636176	0.088077710	0.005893346	-0.023206043	-0.112675634	0.028833744	0.129636187	0.038836148	0.002587442	-0.063607025	-0.056559229	-0.000002042	0.000110666	0.006458692	0.009123782	0.000265502	0.001969041	0.000000081	0.000000081	0.000228117	0.003259802	0.000004184	0.000004874	0.000000000		A3: R33*f(-1)
-0.000000160	-0.000000609	-0.000001597	-0.000000662	-0.000000098	-0.000000932	-0.000003272	0.049219618	0.000000665	-0.000002605	0.055521393	0.000000345	-0.000000412	0.011560694	0.000002616	0.034392915	0.100948828	0.000003100	-0.000004095	0.000001528	-0.033239811	0.164608923	0.000003815	-0.000002392	-0.050507558	0.000000485	0.000006715	-0.159120125	0.169751215	0.000007296	-0.000000869	0.000000000	0.000000000	0.000000000	0.000000001	0.000000001	0.000000000	0.000000000	0.000804347	0.000000003	0.000000000	0.016157497	0.000000001	0.000000000	0.020424632	-0.000000000	0.001408910	0.000000680	0.000000000	0.000000000	-0.000000004	0.042629318	0.000025096	0.000000005	0.000000000	-0.007221616	-0.000000002	-0.000000000	0.009480696	0.000009608	0.000000002	0.000000000	0.000000000	0.000000000	0.000000000	0.000000000	0.000000000	0.000000000	0.000000000	0.000000000	0.000000000	0.000000000	0.000000000	0.000000000	0.000000000	0.000000000	0.000000000	0.000000000	0.000000000	0.000000000	0.000000000	0.000000000	0.000000000	0.000000000	0.000000000	0.000000000	0.000000000	0.000000000	0.000000000	1.000000000	0.000000000	0.000000000	0.000000000	0.000000000	0.000000001	0.000000164	0.000000559	0.000000297	0.000000131	0.000000134	-0.000557110	0.000001342	0.000000840	-0.009178109	0.000000902	-0.000000056	-0.010201354	-0.000000136	-0.000693657	-0.000755840	-0.000000017	0.000000207	-0.000001807	-0.021751794	-0.014682700	0.000000908	0.000002752	0.004627998	-0.000000716	-0.000000683	0.000028763	-0.006907955	-0.000000754	0.000000698	0.000043540	0.003793688	0.006804140	0.000870194	-0.000275550	-0.000178602	-0.000043534	-0.003793484	-0.006804106	-0.000870106	0.000275514	-0.000178587	0.000000000	0.000000003	0.000000042	0.000000000	0.000000000	0.000000756	0.197176884	0.059549886	0.003984529	-0.033424615	0.127300210	0.130345374	-0.197175693	-0.059549483	-0.003984501	0.033413444	-0.127302106	0.130346143	0.000000665	0.000000199	0.000000013	0.000000758	0.000001737	0.102076066	0.000000009	0.000000501	0.000000707	0.000000025	0.000000161	-0.000349075	0.000000000	0.000000004	0.000000055	0.000000000	0.000000000	-0.000000174		A3: R33*f(2)
-0.000000337	-0.000001285	-0.000003369	-0.000001397	-0.000000207	-0.000005097	-0.000001953	0.103823969	-0.000002130	0.000000087	0.117116947	-0.000000007	0.000000294	0.024386152	0.000005519	0.164982069	0.066827494	-0.000004095	-0.000003597	0.000003224	0.146562238	0.004712551	-0.000002392	-0.000000096	-0.106540753	0.000008503	0.000002341	0.169751215	0.118479845	-0.000002913	-0.000004065	0.000000000	0.000000000	0.000000000	0.000000000	0.000000000	0.000000000	-0.000000000	0.000000640	0.000000000	-0.000000001	0.000012848	0.000000000	-0.000000001	0.000016241	-0.000000000	0.000001180	-0.000150870	0.000000000	-0.000000000	-0.000000000	0.000037971	-0.010245850	0.000000000	-0.000000003	-0.000005742	-0.000000000	0.000000000	0.000009608	-0.002602609	0.000000000	-0.000000001	0.000000000	0.000000000	0.000000000	0.000000000	0.000000000	0.000000000	0.000000000	0.000000000	0.000000000	0.000000000	0.000000000	0.000000000	0.000000000	0.000000000	0.000000000	0.000000000	0.000000000	0.000000000	0.000000000	0.000000000	0.000000000	0.000000000	0.000000000	0.000000000	0.000000000	0.000000000	0.000000000	0.000000000	1.000000000	0.000000000	0.000000000	-0.000000000	-0.000000002	-0.000000302	-0.000001031	-0.000000548	-0.000000152	-0.000000302	0.001028225	-0.000000993	-0.000002434	0.016939492	-0.000000016	-0.000000878	0.018828036	0.000000251	0.000851045	0.001650611	0.000000207	-0.000000287	0.000003336	0.017221070	0.040751547	0.000002752	-0.000002681	-0.008541622	0.000000777	0.000001586	-0.006907955	0.009035517	0.000001456	0.000000303	-0.000023370	-0.002036280	-0.003652156	-0.000499297	0.000019763	0.000095866	0.000023366	0.002036115	0.003652038	0.000499232	-0.000019756	0.000095855	0.000000000	0.000000001	0.000000016	0.000000000	0.000000000	0.000000293	-0.027101887	-0.008185109	-0.000547672	-0.306271836	0.003766881	-0.017915922	0.027092753	0.008182344	0.000547487	0.306272385	-0.003765267	-0.017910097	-0.000002002	-0.000000600	-0.000000040	0.000001342	-0.000000210	-0.307527286	-0.000000002	-0.000000130	-0.000000183	0.000000012	-0.000000044	0.000090453	-0.000000000	-0.000000018	-0.000000263	-0.000000000	-0.000000000	0.000000836		A3: R33*f(-2)
0.001689635	0.006439777	0.016879826	0.007001943	0.001038595	0.092539450	-0.106751093	0.000000417	0.086251774	-0.131891800	0.000000236	0.015771170	-0.028846874	0.000000021	-0.004718247	0.000002418	-0.000002678	0.221144347	-0.083639754	0.010684723	0.000002312	-0.000003461	0.156742868	-0.066297546	-0.000000023	-0.025986243	0.052807011	0.000007296	-0.000002913	0.268498218	0.053814627	-0.000001230	-0.000026017	-0.004971464	-0.019948448	-0.011695235	-0.004984474	-0.000003157	0.000000000	-0.043773370	-0.000041006	0.000000002	-0.009071130	-0.000033443	0.000000001	0.002697963	0.000000000	0.000000000	-0.004857783	-0.000005921	0.026927583	0.000000004	0.000000000	-0.059188439	-0.000109338	-0.000000001	0.014344927	0.000010010	0.000000002	0.000000000	-0.021121804	-0.000042061	0.000000000	0.000000000	0.000000000	0.000000000	0.000000000	0.000000000	0.000000000	0.000000000	0.000000000	0.000000000	0.000000000	0.000000000	0.000000000	0.000000000	0.000000000	0.000000000	0.000000000	0.000000000	0.000000000	0.000000000	0.000000000	0.000000000	0.000000000	0.000000000	0.000000000	0.000000000	0.000000000	0.000000000	0.000000000	1.000000000	0.000000000	0.000002492	0.000046126	0.006565702	0.022407718	0.011910176	0.003552984	0.005852468	0.000000177	0.025710369	0.041300720	0.000001541	0.004929290	0.006197179	0.000000727	-0.003789958	0.000000177	0.000000292	-0.003173795	0.006077622	-0.028304867	0.000001964	0.000003168	-0.028587197	0.057961562	-0.000001190	-0.009331543	-0.015284006	-0.000000754	0.000001456	-0.026774645	0.001860988	-0.000045235	-0.003941377	-0.007069028	-0.000830830	0.000359059	0.000347187	-0.000045229	-0.003941191	-0.007069039	-0.000830754	0.000359013	-0.000347154	-0.000000107	-0.000314046	-0.004575998	-0.000008415	-0.000002105	0.000000000	-0.012275524	-0.003707362	-0.000248062	-0.138286913	-0.007865353	-0.015183364	-0.012271253	-0.003706069	-0.000247976	-0.138285941	-0.007862821	0.015178145	-0.085787453	-0.025700033	-0.001712254	0.231464268	0.299817137	0.000000395	0.000053464	0.003120301	0.004407850	-0.000285441	0.001004006	0.000000028	0.000000119	0.000337122	0.004817491	0.000006361	0.000007059	0.000000000		A3: R33*f(3)
-0.013853309	-0.052799689	-0.138397579	-0.057408882	-0.008515436	-0.137325049	-0.107033583	-0.000003417	-0.006211553	-0.026670795	-0.000001933	0.016647823	0.005796408	-0.000000171	0.038684872	-0.000004009	-0.000003050	-0.041302382	-0.154219636	-0.087603972	-0.000000445	-0.000000882	-0.006679155	-0.062501223	0.000000190	-0.047264911	-0.021454650	-0.000000869	-0.000004065	0.053814627	-0.166163980	-0.000000001	-0.000000031	-0.000005930	-0.000023793	-0.000013949	-0.000006337	0.000985118	0.000000000	-0.000060078	0.019788781	0.000000000	-0.000020765	0.025014947	0.000000000	0.000003218	0.000000000	-0.000000000	-0.000007166	0.001725550	0.000032118	0.000000000	-0.000000002	-0.000112112	0.052209953	-0.000000000	0.000018545	-0.003610800	0.000000000	-0.000000001	-0.000042061	0.014142188	0.000000000	0.000000000	0.000000000	0.000000000	0.000000000	0.000000000	0.000000000	0.000000000	0.000000000	0.000000000	0.000000000	0.000000000	0.000000000	0.000000000	0.000000000	0.000000000	0.000000000	0.000000000	0.000000000	0.000000000	0.000000000	0.000000000	0.000000000	0.000000000	0.000000000	0.000000000	0.000000000	0.000000000	0.000000000	0.000000000	1.000000000	-0.000000101	-0.000001873	-0.000266645	-0.000910016	-0.000483693	0.001087310	-0.000971139	-0.000000007	0.019245904	-0.013760689	-0.000000063	0.022351949	-0.013682223	-0.000000030	0.000153917	0.000000046	-0.000000043	0.002400987	0.000984237	0.001149510	0.000001326	-0.000000966	0.054879046	0.026751456	0.000000048	-0.003797865	0.003108154	0.000000698	0.000000303	0.001860988	0.018973676	0.000041215	0.003591076	0.006440748	0.000828319	-0.000043424	-0.000316330	0.000041208	0.003590784	0.006440538	0.000828212	-0.000043410	0.000316289	-0.000000067	-0.000194404	-0.002832682	-0.000005424	-0.000000154	0.000000000	-0.059071852	-0.017840439	-0.001193718	0.022815675	-0.084929632	-0.073064861	-0.059071161	-0.017840217	-0.001193702	0.022807857	-0.084929187	0.073064310	-0.272804428	-0.081726202	-0.005444974	-0.038140187	-0.119287705	0.000001257	0.000133733	0.007804978	0.011025593	0.000466193	0.002360953	0.000000071	-0.000000062	-0.000174488	-0.002493453	-0.000002378	-0.000004397	-0.000000000		A3: R33*f(-3)
0.000000000	0.000000142	0.005587189	0.023272864	0.027900336	0.000002246	-0.005608871	-0.000000154	0.000020352	-0.050830301	-0.000001399	0.000017800	-0.044456011	-0.000001223	-0.003099581	-0.000000000	0.000000295	-0.005368630	-0.000004299	-0.038366022	-0.000000001	0.000003657	-0.066451878	-0.000053214	0.000001821	-0.000010815	0.027010197	0.000002350	0.000000002	-0.000041886	0.034869992	0.000000000	0.000000000	0.000000889	0.000668054	0.006339492	0.000000028	-0.000000046	-0.000000000	0.000567909	-0.000951887	-0.000000024	0.008891253	-0.014902845	-0.000000371	-0.000000001	-0.000000000	0.000000000	-0.000000001	-0.000000002	-0.001005503	-0.000000038	0.000000064	-0.000827220	-0.001532585	0.000000000	-0.000000990	0.000001659	0.000000000	0.000000000	-0.000002492	-0.000000107	0.000000000	0.000000000	0.000000889	0.000668064	0.006339534	-0.000000028	-0.000000046	-0.000000000	-0.000567160	-0.000952357	-0.000000024	-0.008879408	-0.014910014	-0.000000370	-0.000000001	0.000000000	0.000000000	-0.000000001	0.000000002	-0.001005522	0.000000038	0.000000064	-0.000829680	0.001531292	0.000000000	0.000000988	0.000001660	0.000000000	-0.000000000	0.000002492	-0.000000101	1.000000000	0.685598762	0.187968824	0.096914135	0.050600889	0.000000000	0.000000000	0.000000000	0.000000000	0.000000000	0.000000000	0.000000000	0.000000000	0.000000000	0.000000000	0.000000000	0.000000000	0.000000000	0.000000000	0.000000000	0.000000000	0.000000000	0.000000000	0.000000000	0.000000000	0.000000000	0.000000000	0.000000000	0.000000000	0.000000000	0.000000000	0.000000000	0.000001006	0.001272661	0.000000000	-0.000000000	-0.000000000	0.000000000	0.000001006	0.001272746	0.000000000	-0.000000000	0.000000000	0.000000000	0.000047917	0.004364736	0.000000012	-0.000000008	-0.000000000	0.000000000	0.000001006	0.001272738	-0.000000000	-0.000000000	0.000000000	0.000000000	0.000001006	0.001272679	-0.000000000	-0.000000000	-0.000000000	0.000000000	0.000047921	0.004364828	-0.000000012	-0.000000008	-0.000000000	0.002630224	0.032540367	0.034922090	-0.028369317	0.017348087	0.000000471	0.002630222	0.032540362	0.034922088	0.028355490	0.017370655	0.000000535		A4: R34*s(0)
0.000000142	0.000047373	0.023066817	0.077312459	0.091453436	0.000010396	-0.025963005	-0.000000714	0.000064842	-0.161943526	-0.000004456	0.000057057	-0.142500957	-0.000003921	-0.016692457	-0.000000001	0.000001591	-0.028912175	-0.000023153	-0.115152788	-0.000000004	0.000010977	-0.199450417	-0.000159719	0.000005820	-0.000034572	0.086345280	0.000007514	0.000000006	-0.000133898	0.111471206	0.000000000	0.000000000	0.000010775	0.002639255	0.021427503	0.000001032	-0.000001729	-0.000000000	0.002366172	-0.003965999	-0.000000099	0.029486814	-0.049423566	-0.000001230	-0.000000220	-0.000000000	0.000000000	-0.000000181	-0.000000335	-0.004152444	-0.000000158	0.000000264	-0.003416186	-0.006329142	0.000000002	-0.000018320	0.000030707	0.000000001	0.000000002	-0.000046119	-0.000001984	0.000000000	0.000000000	0.000010775	0.002639294	0.021427642	-0.000001030	-0.000001730	-0.000000000	-0.002363047	-0.003967953	-0.000000099	-0.029447527	-0.049447333	-0.000001228	-0.000000220	0.000000000	0.000000000	-0.000000181	0.000000335	-0.004152515	0.000000157	0.000000264	-0.003426339	0.006323791	0.000000002	0.000018296	0.000030723	0.000000001	-0.000000002	0.000046126	-0.000001873	0.685598762	1.000000000	0.528931145	0.300858275	0.163841001	0.000000000	0.000000000	0.000000000	0.000000000	0.000000000	0.000000000	0.000000000	0.000000000	0.000000000	0.000000000	0.000000000	0.000000000	0.000000000	0.000000000	0.000000000	0.000000000	0.000000000	0.000000000	0.000000000	0.000000000	0.000000000	0.000000000	0.000000000	0.000000000	0.000000000	0.000000000	0.000000000	0.000006926	0.004470227	0.000000000	-0.000000000	-0.000000000	0.000000000	0.000006927	0.004470517	0.000000000	-0.000000000	0.000000000	0.000000001	0.000247873	0.014910304	0.000000590	-0.000000408	-0.000000000	0.000000000	0.000006927	0.004470490	-0.000000000	-0.000000000	0.000000000	0.000000000	0.000006926	0.004470288	-0.000000000	-0.000000000	-0.000000000	0.000000001	0.000247888	0.014910611	-0.000000589	-0.000000409	-0.000000000	0.015597145	0.107177260	0.113870640	-0.101362133	0.061983836	0.000001684	0.015597138	0.107177243	0.113870634	0.101312736	0.062064475	0.000001911		A4: R35*s(0)
0.005587189	0.023066817	0.162962353	0.305136926	0.348311878	0.000071287	-0.178039588	-0.000004899	0.000196294	-0.490246945	-0.000013490	0.000189763	-0.473935628	-0.000013041	-0.081341318	-0.000000003	0.000007754	-0.140887250	-0.000112822	-0.247600488	-0.000000009	0.000023602	-0.428856488	-0.000343426	0.000008959	-0.000053222	0.132923174	0.000011567	0.000000009	-0.000206128	0.171602970	0.000000889	0.000010775	0.001781903	0.023306573	0.096963268	0.000785619	-0.001316795	-0.000000033	0.023050824	-0.038636047	-0.000000961	0.118695258	-0.198948009	-0.000004951	-0.000763048	-0.000000029	0.000000049	-0.000627754	-0.001163035	-0.034893934	-0.000001324	0.000002218	-0.028706990	-0.053185230	0.000000266	-0.002607828	0.004371044	0.000000163	0.000000303	-0.006564927	-0.000282354	0.000000889	0.000010775	0.001781939	0.023306840	0.096963819	-0.000784585	-0.001317450	-0.000000033	-0.023020264	-0.038654882	-0.000000960	-0.118537013	-0.199043514	-0.000004945	-0.000763066	0.000000029	0.000000048	-0.000629624	0.001162059	-0.034894322	0.000001320	0.000002217	-0.028792138	0.053139946	0.000000266	0.002604387	0.004373202	0.000000164	-0.000000302	0.006565702	-0.000266645	0.187968824	0.528931145	1.000000000	0.857542578	0.582216340	0.000000000	0.000000000	0.000000000	0.000000000	0.000000000	0.000000000	0.000000000	0.000000000	0.000000000	0.000000000	0.000000000	0.000000000	0.000000000	0.000000000	0.000000000	0.000000000	0.000000000	0.000000000	0.000000000	0.000000000	0.000000000	0.000000000	0.000000000	0.000000000	0.000000000	0.000000000	0.000000593	0.000460264	0.024929822	0.000008828	-0.000018657	-0.000005895	0.000000594	0.000460327	0.024931235	0.000008830	-0.000018661	0.000005896	0.000061658	0.005669364	0.071358282	0.000814157	-0.000563494	-0.000000024	0.000000594	0.000460321	0.024931105	-0.000008815	-0.000018668	0.000005896	0.000000593	0.000460277	0.024930120	-0.000008813	-0.000018665	-0.000005896	0.000061663	0.005669606	0.071359561	-0.000813761	-0.000564178	-0.000000021	0.164629699	0.392299759	0.420816225	-0.314550568	0.192350441	0.000005226	0.164629663	0.392299713	0.420816205	0.314397334	0.192600715	0.000005931		A4: R36*s(0)
0.023272864	0.077312459	0.305136926	0.485599729	0.568744624	0.000080922	-0.202103188	-0.000005561	0.000211727	-0.528792781	-0.000014551	0.000251914	-0.629159954	-0.000017313	-0.047616295	-0.000000002	0.000004539	-0.082473816	-0.000066045	-0.172154474	-0.000000007	0.000016410	-0.298180200	-0.000238781	0.000002845	-0.000016900	0.042207523	0.000003673	0.000000003	-0.000065453	0.054489644	0.000668054	0.002639255	0.023306573	0.080424844	0.198361269	0.011148734	-0.018686665	-0.000000465	0.068275682	-0.114438531	-0.000002848	0.201448104	-0.337652067	-0.000008403	-0.008494190	-0.000000322	0.000000540	-0.006988109	-0.012946819	-0.074455607	-0.000002824	0.000004734	-0.061254096	-0.113485013	0.000000909	-0.008900204	0.014917849	0.000000558	0.000001033	-0.022405307	-0.000963639	0.000668064	0.002639294	0.023306840	0.080425487	0.198362198	-0.011133945	-0.018695760	-0.000000464	-0.068184857	-0.114493805	-0.000002844	-0.201179313	-0.337813788	-0.000008392	-0.008494275	0.000000321	0.000000540	-0.007008829	0.012935782	-0.074456062	0.000002817	0.000004730	-0.061435475	0.113387821	0.000000908	0.008888366	0.014925057	0.000000559	-0.000001031	0.022407718	-0.000910016	0.096914135	0.300858275	0.857542578	1.000000000	0.868364123	0.000000000	0.000000000	0.000000000	0.000000000	0.000000000	0.000000000	0.000000000	0.000000000	0.000000000	0.000000000	0.000000000	0.000000000	0.000000000	0.000000000	0.000000000	0.000000000	0.000000000	0.000000000	0.000000000	0.000000000	0.000000000	0.000000000	0.000000000	0.000000000	0.000000000	0.000000000	0.000510063	0.007071627	0.066186934	0.001113974	-0.002354320	-0.000743929	0.000510127	0.007072245	0.066189984	0.001114119	-0.002354583	0.000743932	0.005192318	0.035846075	0.155727859	0.015601185	-0.010797877	-0.000000469	0.000510121	0.007072188	0.066189704	-0.001112230	-0.002355449	0.000743920	0.000510077	0.007071757	0.066187576	-0.001112128	-0.002355255	-0.000743953	0.005192524	0.035847067	0.155730131	-0.015593088	-0.010810647	-0.000000407	0.263641226	0.554473934	0.659735273	-0.250577734	0.153230490	0.000004163	0.263641198	0.554473892	0.659735247	0.250455687	0.153429877	0.000004725		A4: R37*s(0)
0.027900336	0.091453436	0.348311878	0.568744624	0.741381157	0.000043800	-0.109391860	-0.000003010	0.000136811	-0.341688945	-0.000009402	0.000227539	-0.568283164	-0.000015638	-0.011679151	-0.000000000	0.000001113	-0.020228876	-0.000016199	-0.059725860	-0.000000002	0.000005693	-0.103448192	-0.000082841	0.000000359	-0.000002132	0.005325126	0.000000463	0.000000000	-0.000008258	0.006874704	0.006339492	0.021427503	0.096963268	0.198361269	0.352014336	0.027274300	-0.045715118	-0.000001138	0.106638581	-0.178739520	-0.000004448	0.252977879	-0.424022376	-0.000010552	-0.010346836	-0.000000392	0.000000658	-0.008512268	-0.015770616	-0.066211016	-0.000002511	0.000004210	-0.054471330	-0.100918632	0.000000483	-0.004730677	0.007929203	0.000000296	0.000000549	-0.011908971	-0.000512198	0.006339534	0.021427642	0.096963819	0.198362198	0.352015502	-0.027237938	-0.045737064	-0.000001136	-0.106496307	-0.178825150	-0.000004442	-0.252639962	-0.424224844	-0.000010539	-0.010346866	0.000000391	0.000000657	-0.008537446	0.015757059	-0.066211144	0.000002505	0.000004206	-0.054632396	0.100831781	0.000000483	0.004724355	0.007932983	0.000000297	-0.000000548	0.011910176	-0.000483693	0.050600889	0.163841001	0.582216340	0.868364123	1.000000001	0.000000000	0.000000000	0.000000000	0.000000000	0.000000000	0.000000000	0.000000000	0.000000000	0.000000000	0.000000000	0.000000000	0.000000000	0.000000000	0.000000000	0.000000000	0.000000000	0.000000000	0.000000000	0.000000000	0.000000000	0.000000000	0.000000000	0.000000000	0.000000000	0.000000000	0.000000000	0.014082851	0.051745637	0.163998780	0.010249341	-0.021661401	-0.006844673	0.014083657	0.051748108	0.164004037	0.010250055	-0.021662511	0.006844286	0.040742436	0.125578038	0.297346075	0.046668562	-0.032300200	-0.000001402	0.014083582	0.051747881	0.164003553	-0.010232739	-0.021670598	0.006844208	0.014083020	0.051746157	0.163999887	-0.010232230	-0.021669728	-0.006844801	0.040743174	0.125579936	0.297349092	-0.046643446	-0.032337779	-0.000001218	0.244785310	0.560537686	0.811532335	-0.112581617	0.068844650	0.000001871	0.244785298	0.560537664	0.811532313	0.112526789	0.068934236	0.000002123		A4: R38*s(0)
-0.000002246	-0.000010396	-0.000071287	-0.000080922	-0.000043800	0.048132377	0.000106274	0.000000003	0.157337769	0.000173392	0.000000005	0.145382785	0.000066152	0.000000002	0.000044844	-0.000002536	-0.000000006	0.000151480	-0.092167298	0.000035491	-0.000008671	-0.000000010	0.000313813	-0.315111879	-0.000000005	-0.059624247	-0.000080046	-0.000000015	0.000010377	-0.230923570	-0.000349902	-0.000000028	-0.000001032	-0.000785619	-0.011148734	-0.027274300	-0.000260782	0.000554994	0.000000014	-0.007805435	0.021863141	0.000000544	-0.001412986	0.061640911	0.000001534	0.000285470	0.000000010	-0.000000020	0.000313589	0.000392615	0.018254749	0.000000540	-0.000001444	0.026396853	0.021682069	-0.000000152	0.001120507	-0.002497947	-0.000000131	-0.000000153	0.003560169	-0.001077990	0.000000028	0.000001030	0.000784585	0.011133945	0.027237938	-0.000259903	-0.000554529	-0.000000014	-0.007770641	-0.021844544	-0.000000543	-0.001314563	-0.061587935	-0.000001530	-0.000285096	0.000000010	0.000000020	-0.000313947	0.000391523	-0.018230527	0.000000537	0.000001441	-0.026417004	0.021600014	0.000000152	0.001116545	0.002495844	0.000000131	-0.000000152	0.003552984	0.001087310	0.000000000	0.000000000	0.000000000	0.000000000	0.000000000	1.000000000	0.000000000	0.000000000	0.626035393	0.000000000	0.000000000	0.256643582	0.000000000	0.000000000	0.000000000	0.000000000	0.000000000	0.000000000	0.000000000	0.000000000	0.000000000	0.000000000	0.000000000	0.000000000	0.000000000	0.000000000	0.000000000	0.000000000	0.000000000	0.000000000	0.000000000	-0.000000040	-0.000164135	-0.007213095	-0.000001157	0.000003058	0.000000966	-0.000000040	-0.000164162	-0.007213631	-0.000001157	0.000003058	-0.000000966	-0.000020977	-0.004557035	-0.035810366	-0.000461335	0.000345093	0.000000015	0.000000040	0.000163884	0.007201442	-0.000001152	-0.000003054	0.000000965	0.000000040	0.000163864	0.007201060	-0.000001152	-0.000003054	-0.000000965	0.000020967	0.004554723	0.035791147	-0.000460819	-0.000345325	-0.000000013	0.178578075	0.245501427	0.100134922	-0.244937431	0.242697829	0.000006594	-0.178491062	-0.245381844	-0.100086154	-0.244550928	-0.242895259	-0.000007480		A4: R39*p(0)
0.005608871	0.025963005	0.178039588	0.202103188	0.109391860	0.000106274	-0.217289321	-0.000007304	0.000173392	-0.275712465	-0.000011916	0.000066152	-0.019833484	-0.000004546	-0.111999354	-0.000000006	0.000013212	-0.193988481	-0.000192249	-0.088640199	-0.000000010	0.000017120	-0.153529179	-0.000249115	0.000013475	-0.000080046	0.140291890	0.000017396	0.000000018	-0.000310016	0.181115838	0.000000046	0.000001729	0.001316795	0.018686665	0.045715118	0.000554994	-0.000859903	-0.000000023	0.021863141	-0.031406912	-0.000000912	0.061640911	-0.067954958	-0.000002571	-0.000478483	-0.000000020	0.000000031	-0.000346670	-0.000754658	-0.030597228	-0.000001444	0.000002098	-0.018383364	-0.050300469	0.000000255	-0.002497947	0.003817065	0.000000134	0.000000302	-0.005847168	-0.000985981	0.000000046	0.000001730	0.001317450	0.018695760	0.045737064	-0.000554529	-0.000860810	-0.000000023	-0.021844544	-0.031442141	-0.000000911	-0.061587935	-0.068053372	-0.000002569	-0.000478724	0.000000020	0.000000031	-0.000348134	0.000754437	-0.030612111	0.000001441	0.000002098	-0.018484855	0.050288873	0.000000255	0.002495844	0.003821128	0.000000134	-0.000000302	0.005852468	-0.000971139	0.000000000	0.000000000	0.000000000	0.000000000	0.000000000	0.000000000	1.000000000	0.000000000	0.000000000	0.626035393	0.000000000	0.000000000	0.256643582	0.000000000	0.000000000	0.000000000	0.000000000	0.000000000	0.000000000	0.000000000	0.000000000	0.000000000	0.000000000	0.000000000	0.000000000	0.000000000	0.000000000	0.000000000	0.000000000	0.000000000	0.000000000	0.000000085	0.000346890	0.015244469	0.000003058	-0.000006172	-0.000002042	0.000000085	0.000346942	0.015245320	0.000003058	-0.000006173	0.000002042	0.000014518	0.003154011	0.024785036	0.000345093	-0.000201577	-0.000000010	0.000000085	0.000347068	0.015251006	-0.000003054	-0.000006178	0.000002043	0.000000085	0.000347031	0.015250344	-0.000003054	-0.000006177	-0.000002043	0.000014536	0.003157778	0.024813909	-0.000345325	-0.000202142	-0.000000009	-0.109202065	-0.150126284	-0.061233386	0.242697829	0.003534333	-0.000004033	-0.109344140	-0.150321626	-0.061313067	-0.242895259	0.003147818	-0.000004582		A4: R39*p(1)
0.000000154	0.000000714	0.000004899	0.000005561	0.000003010	0.000000003	-0.000007304	0.048132420	0.000000005	-0.000011916	0.157337838	0.000000002	-0.000004546	0.145382812	-0.000007475	0.000036904	-0.092167389	-0.000007874	-0.000000006	-0.000017458	0.000126170	-0.315112028	-0.000012896	-0.000000010	-0.146049061	-0.000000009	0.000021908	-0.188548466	-0.000150989	-0.000000014	0.000011338	0.000000000	0.000000000	0.000000033	0.000000465	0.000001138	0.000000014	-0.000000023	0.000070335	0.000000544	-0.000000912	0.005238431	0.000001534	-0.000002571	0.035362872	-0.000000016	0.000053381	-0.000089472	-0.000000011	-0.000000020	-0.000001319	0.007714536	-0.012930521	-0.000000779	-0.000001444	-0.000905831	-0.000000103	0.000000172	-0.000555455	-0.001029087	-0.000000177	-0.000000008	0.000000000	0.000000000	0.000000033	0.000000464	0.000001136	-0.000000014	-0.000000023	0.000070337	-0.000000543	-0.000000911	0.005238510	-0.000001530	-0.000002569	0.035363095	-0.000000016	-0.000053311	-0.000089518	-0.000000011	0.000000020	-0.000001317	-0.007704330	-0.012936861	-0.000000781	0.000001441	-0.000905853	0.000000102	0.000000172	-0.000557110	0.001028225	0.000000177	-0.000000007	0.000000000	0.000000000	0.000000000	0.000000000	0.000000000	0.000000000	0.000000000	1.000000000	0.000000000	0.000000000	0.626035393	0.000000000	0.000000000	0.256643582	0.000000000	0.000000000	0.000000000	0.000000000	0.000000000	0.000000000	0.000000000	0.000000000	0.000000000	0.000000000	0.000000000	0.000000000	0.000000000	0.000000000	0.000000000	0.000000000	0.000000000	0.000000027	0.000109612	0.004817020	0.000000966	-0.000002042	-0.000000355	-0.000000027	-0.000109616	-0.004816770	-0.000000966	0.000002042	-0.000000355	0.000000001	0.000000137	0.000001076	0.000000015	-0.000000010	0.000037268	-0.000000027	-0.000109614	-0.004816713	0.000000965	0.000002043	-0.000000355	0.000000027	0.000109616	0.004817115	-0.000000965	-0.000002043	-0.000000355	0.000000001	0.000000119	0.000000935	-0.000000013	-0.000000009	0.000037271	-0.000002967	-0.000004079	-0.000001664	0.000006594	-0.000004033	0.151946192	-0.000003367	-0.000004629	-0.000001888	-0.000007480	-0.000004582	0.151946156		A4: R39*p(-1)
-0.000020352	-0.000064842	-0.000196294	-0.000211727	-0.000136811	0.157337769	0.000173392	0.000000005	0.403186303	0.000293281	0.000000008	0.448417667	0.000168464	0.000000005	0.000015658	-0.000004255	-0.000000005	0.000150945	-0.154628280	-0.000005756	-0.000014258	-0.000000011	0.000404971	-0.518160437	-0.000000001	-0.046300870	-0.000011748	-0.000000007	0.000008058	-0.179322382	-0.000206633	-0.000567909	-0.002366172	-0.023050824	-0.068275682	-0.106638581	-0.007805435	0.021863141	0.000000544	-0.027907054	0.117224232	0.000002917	0.019613160	0.200926267	0.000005000	0.009573821	0.000000281	-0.000000760	0.013964410	0.011306309	0.062162681	0.000001439	-0.000005655	0.119550284	0.057823812	-0.000001175	0.005405386	-0.019271750	-0.000001343	-0.000000999	0.025789099	-0.019173024	0.000567160	0.002363047	0.023020264	0.068184857	0.106496307	-0.007770641	-0.021844544	-0.000000543	-0.027720143	-0.117123928	-0.000002910	0.019934112	-0.200753367	-0.000004987	-0.009561114	0.000000280	0.000000759	-0.013974929	0.011263047	-0.062079808	0.000001428	0.000005643	-0.119607142	0.057488825	0.000001172	0.005374663	0.019255269	0.000001342	-0.000000993	0.025710369	0.019245904	0.000000000	0.000000000	0.000000000	0.000000000	0.000000000	0.626035393	0.000000000	0.000000000	1.000000000	0.000000000	0.000000000	0.716848923	0.000000000	0.000000000	0.000000000	0.000000000	0.000000000	0.000000000	0.000000000	0.000000000	0.000000000	0.000000000	0.000000000	0.000000000	0.000000000	0.000000000	0.000000000	0.000000000	0.000000000	0.000000000	0.000000000	-0.000284654	-0.005219491	-0.036230407	-0.000511887	0.001749091	0.000552686	-0.000284701	-0.005220086	-0.036232718	-0.000511982	0.001749351	-0.000552709	-0.007659395	-0.054087382	-0.147902792	-0.024429672	0.019713240	0.000000856	0.000284218	0.005211246	0.036171529	-0.000509189	-0.001747043	0.000551767	0.000284185	0.005210826	0.036169877	-0.000509122	-0.001746853	-0.000551777	0.007655505	0.054059031	0.147822918	-0.024399092	-0.019725723	-0.000000743	0.379816491	0.522579652	0.296754316	-0.089132364	0.238366642	0.000006477	-0.379631484	-0.522325130	-0.296609795	-0.088752808	-0.238560578	-0.000007346		A4: R40*p(0)
0.050830301	0.161943526	0.490246945	0.528792781	0.341688945	0.000173392	-0.275712465	-0.000011916	0.000293281	-0.329287265	-0.000020156	0.000168464	0.027676526	-0.000011578	-0.039105205	-0.000000005	0.000007983	-0.067732130	-0.000116152	0.014374910	-0.000000011	0.000012888	0.024898232	-0.000187532	0.000001978	-0.000011748	-0.016960925	0.000002553	0.000000005	-0.000045498	-0.021896522	0.000951887	0.003965999	0.038636047	0.114438531	0.178739520	0.021863141	-0.031406912	-0.000000912	0.117224232	-0.154451769	-0.000004890	0.200926267	-0.197288728	-0.000008381	-0.016046914	-0.000000760	0.000001102	-0.009569435	-0.026419180	-0.104192383	-0.000005655	0.000007543	-0.044904237	-0.180839323	0.000001969	-0.019271750	0.026209431	0.000000836	0.000002437	-0.041246830	-0.013874653	0.000952357	0.003967953	0.038654882	0.114493805	0.178825150	-0.021844544	-0.031442141	-0.000000911	-0.117123928	-0.154639667	-0.000004886	-0.200753367	-0.197609154	-0.000008374	-0.016054713	0.000000759	0.000001102	-0.009622816	0.026413153	-0.104242404	0.000005643	0.000007543	-0.045288190	0.180814263	0.000001967	0.019255269	0.026240337	0.000000840	-0.000002434	0.041300720	-0.013760689	0.000000000	0.000000000	0.000000000	0.000000000	0.000000000	0.000000000	0.626035393	0.000000000	0.000000000	1.000000000	0.000000000	0.000000000	0.716848923	0.000000000	0.000000000	0.000000000	0.000000000	0.000000000	0.000000000	0.000000000	0.000000000	0.000000000	0.000000000	0.000000000	0.000000000	0.000000000	0.000000000	0.000000000	0.000000000	0.000000000	0.000000000	0.000601601	0.011031098	0.076570913	0.001749091	-0.003380890	-0.001168071	0.000601689	0.011032152	0.076574386	0.001749351	-0.003381327	0.001168097	0.005301213	0.037434907	0.102366338	0.019713240	-0.009591139	-0.000000592	0.000601908	0.011036226	0.076603016	-0.001747043	-0.003384082	0.001168517	0.000601844	0.011035441	0.076600253	-0.001746853	-0.003383745	-0.001168549	0.005307542	0.037478985	0.102485242	-0.019725723	-0.009622847	-0.000000515	-0.232261128	-0.319562057	-0.181467877	0.238366642	0.154905170	-0.000003961	-0.232563344	-0.319977883	-0.181704017	-0.238560578	0.154525535	-0.000004500		A4: R40*p(1)
0.000001399	0.000004456	0.000013490	0.000014551	0.000009402	0.000000005	-0.000011916	0.157337838	0.000000008	-0.000020156	0.403186420	0.000000005	-0.000011578	0.448417734	-0.000008446	0.000061913	-0.154628351	-0.000006119	-0.000000005	-0.000024301	0.000207470	-0.518160595	-0.000013573	-0.000000011	-0.113413516	-0.000000005	0.000013548	-0.146416173	-0.000117249	-0.000000005	0.000004332	0.000000024	0.000000099	0.000000961	0.000002848	0.000004448	0.000000544	-0.000000912	0.005238431	0.000002917	-0.000004890	0.042030617	0.000005000	-0.000008381	0.139488675	-0.000000698	0.004127573	-0.006918326	-0.000000410	-0.000000760	-0.000005944	0.046379883	-0.077738451	-0.000003052	-0.000005655	-0.014923316	-0.000001147	0.000001922	-0.009150963	-0.016953922	-0.000001543	-0.000000066	0.000000024	0.000000099	0.000000960	0.000002844	0.000004442	-0.000000543	-0.000000911	0.005238510	-0.000002910	-0.000004886	0.042031040	-0.000004987	-0.000008374	0.139489399	-0.000000697	-0.004122111	-0.006921716	-0.000000411	0.000000759	-0.000005936	-0.046318262	-0.077776125	-0.000003057	0.000005643	-0.014923486	0.000001144	0.000001920	-0.009178109	0.016939492	0.000001541	-0.000000063	0.000000000	0.000000000	0.000000000	0.000000000	0.000000000	0.000000000	0.000000000	0.626035393	0.000000000	0.000000000	1.000000000	0.000000000	0.000000000	0.716848923	0.000000000	0.000000000	0.000000000	0.000000000	0.000000000	0.000000000	0.000000000	0.000000000	0.000000000	0.000000000	0.000000000	0.000000000	0.000000000	0.000000000	0.000000000	0.000000000	0.000000000	0.000190097	0.003485659	0.024195243	0.000552686	-0.001168071	-0.000053377	-0.000190104	-0.003485616	-0.024193733	-0.000552709	0.001168097	-0.000053302	0.000000230	0.000001625	0.000004444	0.000000856	-0.000000592	0.004052769	-0.000190100	-0.003485563	-0.024193472	0.000551767	0.001168517	-0.000053297	0.000190104	0.003485757	0.024195664	-0.000551777	-0.001168549	-0.000053384	0.000000200	0.000001412	0.000003860	-0.000000743	-0.000000515	0.004052946	-0.000006311	-0.000008683	-0.000004931	0.000006477	-0.000003961	0.300668470	-0.000007162	-0.000009854	-0.000005596	-0.000007346	-0.000004500	0.300668434		A4: R40*p(-1)
-0.000017800	-0.000057057	-0.000189763	-0.000251914	-0.000227539	0.145382785	0.000066152	0.000000002	0.448417667	0.000168464	0.000000005	0.728889958	0.000184582	0.000000005	-0.000005508	-0.000001559	-0.000000001	0.000035818	-0.056640969	-0.000034066	-0.000007806	-0.000000003	0.000168157	-0.283670851	0.000000000	-0.007796081	0.000002755	-0.000000001	0.000001357	-0.030194071	-0.000028682	-0.008891253	-0.029486814	-0.118695258	-0.201448104	-0.252977879	-0.001412986	0.061640911	0.000001534	0.019613160	0.200926267	0.000005000	0.139571200	0.322117356	0.000008016	0.007558263	0.000000033	-0.000000951	0.025122524	0.001316542	0.032065951	-0.000000410	-0.000005052	0.147468767	-0.016483202	-0.000000345	-0.003397206	-0.005656079	-0.000000903	-0.000000018	0.004987732	-0.022329082	0.008879408	0.029447527	0.118537013	0.201179313	0.252639962	-0.001314563	-0.061587935	-0.000001530	0.019934112	-0.200753367	-0.000004987	0.140086062	-0.321839626	-0.000007995	-0.007548143	0.000000031	0.000000949	-0.025125318	0.001256123	-0.032022928	-0.000000418	0.000005041	-0.147464779	-0.016815433	0.000000344	-0.003406260	0.005651180	0.000000902	-0.000000016	0.004929290	0.022351949	0.000000000	0.000000000	0.000000000	0.000000000	0.000000000	0.256643582	0.000000000	0.000000000	0.716848923	0.000000000	0.000000000	0.999999999	0.000000000	0.000000000	0.000000000	0.000000000	0.000000000	0.000000000	0.000000000	0.000000000	0.000000000	0.000000000	0.000000000	0.000000000	0.000000000	0.000000000	0.000000000	0.000000000	0.000000000	0.000000000	0.000000000	-0.017943665	-0.056756344	-0.124346612	-0.001247709	0.028136421	0.008890681	-0.017945007	-0.056760000	-0.124352525	-0.001248170	0.028138351	-0.008890333	-0.089896635	-0.234384086	-0.375519456	-0.069182502	0.072334032	0.000003141	0.017914684	0.056664141	0.124142706	-0.001203352	-0.028101439	0.008875256	0.017913728	0.056661528	0.124138440	-0.001203002	-0.028099936	-0.008875906	0.089848401	0.234257555	0.375314731	-0.069067666	-0.072378014	-0.000002726	0.255020143	0.479516186	0.453078210	0.098341366	0.072240057	0.000001963	-0.254895944	-0.479282658	-0.452857564	0.098456388	-0.072298837	-0.000002226		A4: R41*p(0)
0.044456011	0.142500957	0.473935628	0.629159954	0.568283164	0.000066152	-0.019833484	-0.000004546	0.000168464	0.027676526	-0.000011578	0.000184582	0.267892809	-0.000012685	0.013755889	-0.000000001	0.000000247	0.023825909	-0.000003599	0.085081701	-0.000000003	-0.000000304	0.147365872	0.000004429	-0.000000464	0.000002755	-0.014677848	-0.000000599	0.000000000	0.000010672	-0.018949021	0.014902845	0.049423566	0.198948009	0.337652067	0.424022376	0.061640911	-0.067954958	-0.000002571	0.200926267	-0.197288728	-0.000008381	0.322117356	-0.208157666	-0.000013436	-0.012668589	-0.000000951	0.000001059	0.000856278	-0.025397124	-0.053746520	-0.000005052	0.000005044	0.028026174	-0.120913829	0.000000578	-0.005656079	0.002708587	-0.000000058	0.000000879	-0.006160510	-0.013714798	0.014910014	0.049447333	0.199043514	0.337813788	0.424224844	-0.061587935	-0.068053372	-0.000002569	-0.200753367	-0.197609154	-0.000008374	-0.321839626	-0.208670447	-0.000013425	-0.012674597	0.000000949	0.000001060	0.000795776	0.025399470	-0.053771864	0.000005041	0.000005045	0.027716013	0.120944826	0.000000577	0.005651180	0.002717554	-0.000000056	-0.000000878	0.006197179	-0.013682223	0.000000000	0.000000000	0.000000000	0.000000000	0.000000000	0.000000000	0.256643582	0.000000000	0.000000000	0.716848923	0.000000000	0.000000000	0.999999999	0.000000000	0.000000000	0.000000000	0.000000000	0.000000000	0.000000000	0.000000000	0.000000000	0.000000000	0.000000000	0.000000000	0.000000000	0.000000000	0.000000000	0.000000000	0.000000000	0.000000000	0.000000000	0.037922919	0.119951318	0.262799521	0.028136421	-0.047399371	-0.018789950	0.037925057	0.119956833	0.262807172	0.028138351	-0.047401655	0.018788868	0.062219173	0.162221688	0.259904165	0.072334032	-0.014735294	-0.000002174	0.037939198	0.120001675	0.262905823	-0.028101439	-0.047446417	0.018795760	0.037937538	0.119997295	0.262899318	-0.028099936	-0.047444294	-0.018797317	0.062291661	0.162410150	0.260204721	-0.072378014	-0.014850374	-0.000001890	-0.155947062	-0.293228369	-0.277061314	0.072240057	0.172300060	-0.000001200	-0.156149992	-0.293609941	-0.277421852	-0.072298837	0.172185004	-0.000001364		A4: R41*p(1)
0.000001223	0.000003921	0.000013041	0.000017313	0.000015638	0.000000002	-0.000004546	0.145382812	0.000000005	-0.000011578	0.448417734	0.000000005	-0.000012685	0.728890031	-0.000002321	0.000022679	-0.056640979	-0.000000903	-0.000000001	-0.000011179	0.000113581	-0.283670894	-0.000003751	-0.000000003	-0.019096417	-0.000000001	0.000001956	-0.024653360	-0.000019742	-0.000000000	0.000000309	0.000000371	0.000001230	0.000004951	0.000008403	0.000010552	0.000001534	-0.000002571	0.035362872	0.000005000	-0.000008381	0.139488675	0.000008016	-0.000013436	0.331751070	-0.000001241	0.012816696	-0.021482376	-0.000000513	-0.000000951	-0.000007269	0.082094794	-0.137601080	-0.000002727	-0.000005052	-0.016587221	-0.000000882	0.000001479	-0.010171268	-0.018844233	-0.000000728	-0.000000031	0.000000370	0.000001228	0.000004945	0.000008392	0.000010539	-0.000001530	-0.000002569	0.035363095	-0.000004987	-0.000008374	0.139489399	-0.000007995	-0.000013425	0.331752231	-0.000001240	-0.012799614	-0.021492698	-0.000000514	0.000000949	-0.000007259	-0.081985292	-0.137667048	-0.000002731	0.000005041	-0.016587271	0.000000880	0.000001478	-0.010201354	0.018828036	0.000000727	-0.000000030	0.000000000	0.000000000	0.000000000	0.000000000	0.000000000	0.000000000	0.000000000	0.256643582	0.000000000	0.000000000	0.716848923	0.000000000	0.000000000	0.999999999	0.000000000	0.000000000	0.000000000	0.000000000	0.000000000	0.000000000	0.000000000	0.000000000	0.000000000	0.000000000	0.000000000	0.000000000	0.000000000	0.000000000	0.000000000	0.000000000	0.000000000	0.011983065	0.037902790	0.083040648	0.008890681	-0.018789950	0.006128023	-0.011982450	-0.037900449	-0.083034119	-0.008890333	0.018788868	0.006129703	0.000002701	0.000007043	0.000011284	0.000003141	-0.000002174	0.035328467	-0.011982308	-0.037900037	-0.083033344	0.008875256	0.018795760	0.006129745	0.011983302	0.037903456	0.083041810	-0.008875906	-0.018797317	0.006128014	0.000002346	0.000006117	0.000009800	-0.000002726	-0.000001890	0.035329114	-0.000004237	-0.000007967	-0.000007528	0.000001963	-0.000001200	0.216475490	-0.000004809	-0.000009042	-0.000008543	-0.000002226	-0.000001364	0.216475480		A4: R41*p(-1)
-0.003099581	-0.016692457	-0.081341318	-0.047616295	-0.011679151	-0.000044844	0.111999354	0.000007475	-0.000015658	0.039105205	0.000008446	0.000005508	-0.013755889	0.000002321	0.084698939	0.000000006	-0.000015490	0.091688541	0.000073424	0.086574578	0.000000006	-0.000014170	-0.045384685	-0.000036344	-0.000019527	0.000058157	-0.145249413	-0.000018324	-0.000000015	-0.000020147	0.016772234	-0.000000001	-0.000000220	-0.000763048	-0.008494190	-0.010346836	-0.000285470	0.000478483	0.000000016	-0.009573821	0.016046914	0.000000698	-0.007558263	0.012668589	0.000001241	0.000244656	0.000000012	-0.000000020	0.000196399	0.000363867	0.016997882	0.000001042	-0.000001747	0.012027758	0.022283739	-0.000000228	0.001638887	-0.002746978	-0.000000136	-0.000000251	0.003789495	0.000162984	-0.000000001	-0.000000220	-0.000763066	-0.008494275	-0.010346866	0.000285096	0.000478724	0.000000016	0.009561114	0.016054713	0.000000697	0.007548143	0.012674597	0.000001240	0.000244664	-0.000000012	-0.000000020	0.000196985	-0.000363564	0.016998054	-0.000001040	-0.000001746	0.012063408	-0.022264718	-0.000000228	-0.001636732	-0.002748347	-0.000000136	0.000000251	-0.003789958	0.000153917	0.000000000	0.000000000	0.000000000	0.000000000	0.000000000	0.000000000	0.000000000	0.000000000	0.000000000	0.000000000	0.000000000	0.000000000	0.000000000	0.000000000	1.000000000	0.000000000	0.000000000	0.000000000	0.000000000	0.531577394	0.000000000	0.000000000	0.000000000	0.000000000	0.000000000	0.000000000	0.000000000	0.000000000	0.000000000	0.000000000	0.000000000	-0.000000009	-0.000146851	-0.003549986	-0.000000684	0.000001445	0.000000570	-0.000000009	-0.000146881	-0.003550353	-0.000000684	0.000001446	-0.000000570	-0.000006884	-0.002637268	-0.009554837	-0.000249848	0.000172925	0.000000010	-0.000000009	-0.000146879	-0.003550353	0.000000683	0.000001446	-0.000000570	-0.000000009	-0.000146854	-0.003550000	0.000000683	0.000001446	0.000000570	-0.000006884	-0.002637382	-0.009554942	0.000249731	0.000173138	0.000000008	-0.122779617	-0.075200803	-0.011077765	0.116736619	-0.071385470	-0.000008121	-0.122779593	-0.075200802	-0.011077766	-0.116679774	-0.071478367	-0.000009216		A4: R42*d(0)
-0.000000000	-0.000000001	-0.000000003	-0.000000002	-0.000000000	0.000002536	0.000000006	-0.000036904	0.000004255	0.000000005	-0.000061913	0.000001559	0.000000001	-0.000022679	0.000000006	0.031762483	0.000087738	0.000000011	-0.000006030	0.000000006	0.112777391	0.000140022	0.000000010	-0.000009623	0.000081793	-0.000008580	-0.000000017	0.000221272	-0.144453604	-0.000013756	-0.000000021	-0.000000000	-0.000000000	-0.000000029	-0.000000322	-0.000000392	-0.000000010	0.000000020	-0.000053381	-0.000000281	0.000000760	-0.004127573	-0.000000033	0.000000951	-0.012816696	0.000000012	-0.000031538	0.000062800	0.000000010	0.000000014	0.000001042	-0.004375697	0.011319861	0.000001006	0.000000869	0.000836669	0.000000085	-0.000000179	0.000692880	0.000853446	0.000000177	-0.000000045	0.000000000	0.000000000	0.000000029	0.000000321	0.000000391	-0.000000010	-0.000000020	0.000053311	-0.000000280	-0.000000759	0.004122111	-0.000000031	-0.000000949	0.012799614	-0.000000012	-0.000031439	-0.000062748	-0.000000010	0.000000014	-0.000001040	-0.004357695	-0.011310255	-0.000001005	0.000000865	-0.000835571	0.000000084	0.000000179	-0.000693657	0.000851045	0.000000177	0.000000046	0.000000000	0.000000000	0.000000000	0.000000000	0.000000000	0.000000000	0.000000000	0.000000000	0.000000000	0.000000000	0.000000000	0.000000000	0.000000000	0.000000000	0.000000000	1.000000000	0.000000000	0.000000000	0.000000000	0.000000000	0.531577394	0.000000000	0.000000000	0.000000000	0.000000000	0.000000000	0.000000000	0.000000000	0.000000000	0.000000000	0.000000000	-0.000000005	-0.000074261	-0.001795199	-0.000000309	0.000000792	0.000000152	0.000000005	0.000074266	0.001795135	0.000000309	-0.000000792	0.000000152	-0.000000000	-0.000000186	-0.000000672	-0.000000018	0.000000013	-0.000041898	-0.000000004	-0.000074139	-0.001792090	0.000000308	0.000000791	-0.000000152	0.000000004	0.000074139	0.001792217	-0.000000308	-0.000000791	-0.000000152	0.000000000	0.000000161	0.000000584	-0.000000016	-0.000000012	0.000041879	-0.000005144	-0.000003150	-0.000000464	0.000006517	-0.000006167	0.214794726	0.000005834	0.000003573	0.000000526	0.000007384	0.000007005	-0.214690074		A4: R42*d(1)
0.000000295	0.000001591	0.000007754	0.000004539	0.000001113	0.000000006	-0.000013212	0.092167389	0.000000005	-0.000007983	0.154628351	0.000000001	-0.000000247	0.056640979	-0.000015490	0.000087738	-0.187365050	-0.000014770	-0.000000014	-0.000014170	0.000140022	-0.236930116	-0.000005297	-0.000000008	-0.204280147	-0.000000017	0.000032804	-0.263724405	-0.000269028	-0.000000020	0.000012158	0.000000000	0.000000000	0.000000049	0.000000540	0.000000658	0.000000020	-0.000000031	0.000089472	0.000000760	-0.000001102	0.006918326	0.000000951	-0.000001059	0.021482376	-0.000000020	0.000062800	-0.000099331	-0.000000012	-0.000000026	-0.000001747	0.011319861	-0.016595598	-0.000000741	-0.000001966	-0.001402361	-0.000000179	0.000000278	-0.000752634	-0.001651091	-0.000000292	-0.000000044	0.000000000	0.000000000	0.000000048	0.000000540	0.000000657	-0.000000020	-0.000000031	0.000089518	-0.000000759	-0.000001102	0.006921716	-0.000000949	-0.000001060	0.021492698	-0.000000020	-0.000062748	-0.000099435	-0.000000012	0.000000026	-0.000001746	-0.011310255	-0.016613877	-0.000000744	0.000001963	-0.001403064	0.000000179	0.000000278	-0.000755840	0.001650611	0.000000292	-0.000000043	0.000000000	0.000000000	0.000000000	0.000000000	0.000000000	0.000000000	0.000000000	0.000000000	0.000000000	0.000000000	0.000000000	0.000000000	0.000000000	0.000000000	0.000000000	0.000000000	1.000000000	0.000000000	0.000000000	0.000000000	0.000000000	0.531577394	0.000000000	0.000000000	0.000000000	0.000000000	0.000000000	0.000000000	0.000000000	0.000000000	0.000000000	0.000000010	0.000156947	0.003794052	0.000000792	-0.000001607	-0.000000321	-0.000000010	-0.000156954	-0.003793846	-0.000000792	0.000001608	-0.000000321	0.000000000	0.000000128	0.000000465	0.000000013	-0.000000008	0.000028998	-0.000000010	-0.000157010	-0.003795236	0.000000791	0.000001609	-0.000000321	0.000000010	0.000157012	0.003795542	-0.000000791	-0.000001609	-0.000000321	0.000000000	0.000000112	0.000000405	-0.000000012	-0.000000007	0.000029034	0.000003145	0.000001926	0.000000284	-0.000006167	0.000000202	-0.131348866	0.000003574	0.000002189	0.000000322	0.000007005	0.000000241	-0.131519759		A4: R42*d(-1)
-0.005368630	-0.028912175	-0.140887250	-0.082473816	-0.020228876	-0.000151480	0.193988481	0.000007874	-0.000150945	0.067732130	0.000006119	-0.000035818	-0.023825909	0.000000903	0.091688541	0.000000011	-0.000014770	0.190571539	0.000302650	-0.045384685	0.000000010	-0.000005297	0.034168668	0.000217095	-0.000007184	0.000076064	-0.023177920	-0.000013249	-0.000000025	0.000436271	-0.147868139	-0.000000001	-0.000000181	-0.000627754	-0.006988109	-0.008512268	-0.000313589	0.000346670	0.000000011	-0.013964410	0.009569435	0.000000410	-0.025122524	-0.000856278	0.000000513	0.000196399	0.000000010	-0.000000012	0.000056978	0.000359009	0.012027758	0.000001006	-0.000000741	-0.007649807	0.029086132	-0.000000145	0.001760541	-0.001805863	-0.000000016	-0.000000207	0.003158264	0.002410059	-0.000000001	-0.000000181	-0.000629624	-0.007008829	-0.008537446	0.000313947	0.000348134	0.000000011	0.013974929	0.009622816	0.000000411	0.025125318	-0.000795776	0.000000514	0.000196985	-0.000000010	-0.000000012	0.000058126	-0.000359770	0.012063408	-0.000001005	-0.000000744	-0.007557036	-0.029147234	-0.000000145	-0.001762415	-0.001813793	-0.000000017	0.000000207	-0.003173795	0.002400987	0.000000000	0.000000000	0.000000000	0.000000000	0.000000000	0.000000000	0.000000000	0.000000000	0.000000000	0.000000000	0.000000000	0.000000000	0.000000000	0.000000000	0.000000000	0.000000000	0.000000000	1.000000000	0.000000000	0.000000000	0.000000000	0.000000000	0.531577394	0.000000000	0.000000000	0.000000000	0.000000000	0.000000000	0.000000000	0.000000000	0.000000000	-0.000000012	-0.000192745	-0.004659454	-0.000001070	0.000001847	0.000000649	-0.000000012	-0.000192773	-0.004659653	-0.000001071	0.000001847	-0.000000649	0.000004200	0.001608985	0.005829362	0.000125291	-0.000144713	-0.000000005	-0.000000012	-0.000193146	-0.004668695	0.000001071	0.000001852	-0.000000651	-0.000000012	-0.000193124	-0.004668506	0.000001070	0.000001852	0.000000650	0.000004182	0.001602244	0.005804752	-0.000124525	-0.000144401	-0.000000004	0.096901845	0.059351029	0.008742948	0.024787900	0.247539713	0.000003157	0.096600367	0.059166388	0.008715750	-0.025366617	0.247499856	0.000003572		A4: R42*d(2)
-0.000004299	-0.000023153	-0.000112822	-0.000066045	-0.000016199	0.092167298	0.000192249	0.000000006	0.154628280	0.000116152	0.000000005	0.056640969	0.000003599	0.000000001	0.000073424	-0.000006030	-0.000000014	0.000302650	-0.187364844	-0.000036344	-0.000009623	-0.000000008	0.000217095	-0.236929999	-0.000000006	-0.083396987	-0.000051953	-0.000000025	0.000018489	-0.322994821	-0.000506391	-0.000000002	-0.000000335	-0.001163035	-0.012946819	-0.015770616	-0.000392615	0.000754658	0.000000020	-0.011306309	0.026419180	0.000000760	-0.001316542	0.025397124	0.000000951	0.000363867	0.000000014	-0.000000026	0.000359009	0.000528334	0.022283739	0.000000869	-0.000001966	0.029086132	0.030538472	-0.000000269	0.002056409	-0.004064829	-0.000000207	-0.000000288	0.006084872	-0.000965817	0.000000002	0.000000335	0.001162059	0.012935782	0.015757059	-0.000391523	-0.000754437	-0.000000020	-0.011263047	-0.026413153	-0.000000759	-0.001256123	-0.025399470	-0.000000949	-0.000363564	0.000000014	0.000000026	-0.000359770	0.000527203	-0.022264718	0.000000865	0.000001963	-0.029147234	0.030445815	0.000000268	0.002050400	0.004063670	0.000000207	-0.000000287	0.006077622	0.000984237	0.000000000	0.000000000	0.000000000	0.000000000	0.000000000	0.000000000	0.000000000	0.000000000	0.000000000	0.000000000	0.000000000	0.000000000	0.000000000	0.000000000	0.000000000	0.000000000	0.000000000	0.000000000	1.000000000	0.000000000	0.000000000	0.000000000	0.000000000	0.531577394	0.000000000	0.000000000	0.000000000	0.000000000	0.000000000	0.000000000	0.000000000	-0.000000014	-0.000235015	-0.005681284	-0.000000978	0.000002407	0.000000792	-0.000000014	-0.000235056	-0.005681692	-0.000000978	0.000002408	-0.000000792	-0.000011159	-0.004275127	-0.015488811	-0.000415229	0.000265560	0.000000013	0.000000014	0.000234745	0.005674237	-0.000000974	-0.000002405	0.000000791	0.000000014	0.000234715	0.005673921	-0.000000974	-0.000002405	-0.000000791	0.000011167	0.004277869	0.015498245	-0.000415250	-0.000266143	-0.000000012	-0.189300120	-0.115943684	-0.017079563	0.239834108	-0.012186930	-0.000006167	0.189454096	0.116038013	0.017093460	0.239784260	0.012771841	0.000007005		A4: R42*d(-2)
-0.038366022	-0.115152788	-0.247600488	-0.172154474	-0.059725860	-0.000035491	0.088640199	0.000017458	0.000005756	-0.014374910	0.000024301	0.000034066	-0.085081701	0.000011179	0.086574578	0.000000006	-0.000014170	-0.045384685	-0.000036344	0.245268401	0.000000009	-0.000023377	-0.212408598	-0.000170096	-0.000013987	0.000062581	-0.156297456	-0.000007200	-0.000000006	-0.000144598	0.120378901	-0.001005503	-0.004152444	-0.034893934	-0.074455607	-0.066211016	-0.018254749	0.030597228	0.000001319	-0.062162681	0.104192383	0.000005944	-0.032065951	0.053746520	0.000007269	0.016997882	0.000001042	-0.000001747	0.012027758	0.022283739	0.083406322	0.000006046	-0.000010134	0.043497133	0.080586819	-0.000003307	0.018376654	-0.030801556	-0.000001804	-0.000003343	0.028301958	0.001217250	-0.001005522	-0.004152515	-0.034894322	-0.074456062	-0.066211144	0.018230527	0.030612111	0.000001317	0.062079808	0.104242404	0.000005936	0.032022928	0.053771864	0.000007259	0.016998054	-0.000001040	-0.000001746	0.012063408	-0.022264718	0.083406684	-0.000006031	-0.000010126	0.043625686	-0.080517347	-0.000003303	-0.018352204	-0.030816427	-0.000001807	0.000003336	-0.028304867	0.001149510	0.000000000	0.000000000	0.000000000	0.000000000	0.000000000	0.000000000	0.000000000	0.000000000	0.000000000	0.000000000	0.000000000	0.000000000	0.000000000	0.000000000	0.531577394	0.000000000	0.000000000	0.000000000	0.000000000	1.000000000	0.000000000	0.000000000	0.000000000	0.000000000	0.000000000	0.000000000	0.000000000	0.000000000	0.000000000	0.000000000	0.000000000	-0.000454065	-0.007391134	-0.028893774	-0.001197640	0.002531145	0.001241805	-0.000454158	-0.007392219	-0.028896455	-0.001197894	0.002531635	-0.001241889	-0.008084473	-0.044557028	-0.063865148	-0.025488373	0.017640988	0.000001268	-0.000454154	-0.007392191	-0.028896488	0.001195869	0.002532576	-0.001241870	-0.000454076	-0.007391230	-0.028893823	0.001195651	0.002532140	0.001241844	-0.008084823	-0.044558128	-0.063865632	0.025475140	0.017661848	0.000001102	-0.235940609	-0.201402040	-0.053108399	-0.010936309	0.006687649	-0.000011899	-0.235940606	-0.201402048	-0.053108404	0.010930951	0.006696332	-0.000013503		A4: R43*d(0)
-0.000000001	-0.000000004	-0.000000009	-0.000000007	-0.000000002	0.000008671	0.000000010	-0.000126170	0.000014258	0.000000011	-0.000207470	0.000007806	0.000000003	-0.000113581	0.000000006	0.112777391	0.000140022	0.000000010	-0.000009623	0.000000009	0.367902485	0.000294596	0.000000016	-0.000020246	0.000029001	-0.000010725	-0.000000010	0.000219861	-0.227800093	-0.000010829	-0.000000013	-0.000000038	-0.000000158	-0.000001324	-0.000002824	-0.000002511	-0.000000540	0.000001444	-0.007714536	-0.000001439	0.000005655	-0.046379883	0.000000410	0.000005052	-0.082094794	0.000001042	-0.004375697	0.011319861	0.000001006	0.000000869	0.000006046	-0.025396648	0.093747837	0.000006199	0.000003252	0.019781289	0.000000992	-0.000002947	0.021735686	0.017288129	0.000001972	-0.000001323	0.000000038	0.000000157	0.000001320	0.000002817	0.000002505	-0.000000537	-0.000001441	0.007704330	-0.000001428	-0.000005643	0.046318262	0.000000418	-0.000005041	0.081985292	-0.000001040	-0.004357695	-0.011310255	-0.000001005	0.000000865	-0.000006031	-0.025247227	-0.093667716	-0.000006194	0.000003231	-0.019755029	0.000000986	0.000002941	-0.021751794	0.017221070	0.000001964	0.000001326	0.000000000	0.000000000	0.000000000	0.000000000	0.000000000	0.000000000	0.000000000	0.000000000	0.000000000	0.000000000	0.000000000	0.000000000	0.000000000	0.000000000	0.000000000	0.531577394	0.000000000	0.000000000	0.000000000	0.000000000	1.000000000	0.000000000	0.000000000	0.000000000	0.000000000	0.000000000	0.000000000	0.000000000	0.000000000	0.000000000	0.000000000	-0.000229617	-0.003737637	-0.014611349	-0.000462013	0.001515768	0.000096834	0.000229632	0.003737665	0.014610668	0.000462051	-0.001515839	0.000096743	-0.000000569	-0.000003136	-0.000004495	-0.000001896	0.000001513	-0.009655612	-0.000229240	-0.003731310	-0.014585901	0.000459628	0.001513828	-0.000096572	0.000229240	0.003731462	0.014587045	-0.000459622	-0.001513842	-0.000096681	0.000000494	0.000002722	0.000003901	-0.000001645	-0.000001315	0.009650698	-0.000009884	-0.000008437	-0.000002225	0.000002720	-0.000005928	0.419771487	0.000011211	0.000009570	0.000002524	0.000003076	0.000006733	-0.419567020		A4: R43*d(1)
0.000003657	0.000010977	0.000023602	0.000016410	0.000005693	0.000000010	-0.000017120	0.315112028	0.000000011	-0.000012888	0.518160595	0.000000003	0.000000304	0.283670894	-0.000014170	0.000140022	-0.236930116	-0.000005297	-0.000000008	-0.000023377	0.000294596	-0.367856159	0.000000001	-0.000000008	-0.072429927	-0.000000010	0.000013938	-0.093506531	-0.000166090	-0.000000004	-0.000000646	0.000000064	0.000000264	0.000002218	0.000004734	0.000004210	0.000001444	-0.000002098	0.012930521	0.000005655	-0.000007543	0.077738451	0.000005052	-0.000005044	0.137601080	-0.000001747	0.011319861	-0.016595598	-0.000000741	-0.000001966	-0.000010134	0.093747837	-0.126598364	-0.000002570	-0.000009673	-0.033155900	-0.000002947	0.000004173	-0.014600196	-0.040760722	-0.000003168	-0.000000976	0.000000064	0.000000264	0.000002217	0.000004730	0.000004206	-0.000001441	-0.000002098	0.012936861	-0.000005643	-0.000007543	0.077776125	-0.000005041	-0.000005045	0.137667048	-0.000001746	-0.011310255	-0.016613877	-0.000000744	0.000001963	-0.000010126	-0.093667716	-0.126748792	-0.000002587	0.000009659	-0.033172005	0.000002941	0.000004172	-0.014682700	0.040751547	0.000003168	-0.000000966	0.000000000	0.000000000	0.000000000	0.000000000	0.000000000	0.000000000	0.000000000	0.000000000	0.000000000	0.000000000	0.000000000	0.000000000	0.000000000	0.000000000	0.000000000	0.000000000	0.531577394	0.000000000	0.000000000	0.000000000	0.000000000	1.000000000	0.000000000	0.000000000	0.000000000	0.000000000	0.000000000	0.000000000	0.000000000	0.000000000	0.000000000	0.000485282	0.007899284	0.030880259	0.001515768	-0.002948300	-0.000204653	-0.000485305	-0.007899197	-0.030878251	-0.001515839	0.002948381	-0.000204456	0.000000394	0.000002170	0.000003111	0.000001513	-0.000000757	0.006682833	-0.000485478	-0.007902060	-0.030889598	0.001513828	0.002950747	-0.000204518	0.000485483	0.007902458	0.030892317	-0.001513842	-0.002950802	-0.000204750	0.000000342	0.000001887	0.000002705	-0.000001315	-0.000000660	0.006690803	0.000006044	0.000005159	0.000001361	-0.000005928	-0.000003349	-0.256693959	0.000006868	0.000005863	0.000001546	0.000006733	-0.000003790	-0.257027968		A4: R43*d(-1)
-0.066451878	-0.199450417	-0.428856488	-0.298180200	-0.103448192	-0.000313813	0.153529179	0.000012896	-0.000404971	-0.024898232	0.000013573	-0.000168157	-0.147365872	0.000003751	-0.045384685	0.000000010	-0.000005297	0.034168668	0.000217095	-0.212408598	0.000000016	0.000000001	-0.000000234	0.000294577	0.000004037	-0.000012144	0.089468580	-0.000001056	-0.000000010	0.000176386	-0.070494439	-0.000827220	-0.003416186	-0.028706990	-0.061254096	-0.054471330	-0.026396853	0.018383364	0.000000779	-0.119550284	0.044904237	0.000003052	-0.147468767	-0.028026174	0.000002727	0.012027758	0.000001006	-0.000000741	-0.007649807	0.029086132	0.043497133	0.000006199	-0.000002570	-0.098675912	0.155355259	-0.000001437	0.022138853	-0.010035790	0.000000918	-0.000002750	0.028362995	0.054989160	-0.000829680	-0.003426339	-0.028792138	-0.061435475	-0.054632396	0.026417004	0.018484855	0.000000781	0.119607142	0.045288190	0.000003057	0.147464779	-0.027716013	0.000002731	0.012063408	-0.000001005	-0.000000744	-0.007557036	-0.029147234	0.043625686	-0.000006194	-0.000002587	-0.098180554	-0.155680669	-0.000001439	-0.022150900	-0.010110245	0.000000908	0.000002752	-0.028587197	0.054879046	0.000000000	0.000000000	0.000000000	0.000000000	0.000000000	0.000000000	0.000000000	0.000000000	0.000000000	0.000000000	0.000000000	0.000000000	0.000000000	0.000000000	0.000000000	0.000000000	0.000000000	0.531577394	0.000000000	0.000000000	0.000000000	0.000000000	1.000000000	0.000000000	0.000000000	0.000000000	0.000000000	0.000000000	0.000000000	0.000000000	0.000000000	-0.000595972	-0.009701065	-0.037923871	-0.002243632	0.003126587	0.001243143	-0.000596058	-0.009701901	-0.037925087	-0.002243961	0.003126963	-0.001243165	0.004932300	0.027184038	0.038963833	0.009295808	-0.019799471	-0.000000569	-0.000597209	-0.009720690	-0.037998722	0.002243769	0.003135765	-0.001245560	-0.000597143	-0.009720001	-0.037997463	0.002243516	0.003135445	0.001245590	0.004911636	0.027069646	0.038799207	-0.009210744	-0.019767392	-0.000000492	0.186212344	0.158953332	0.041914953	0.237127851	0.368382151	0.000003035	0.185633040	0.158458839	0.041784560	-0.237580247	0.368513591	0.000003433		A4: R43*d(2)
-0.000053214	-0.000159719	-0.000343426	-0.000238781	-0.000082841	0.315111879	0.000249115	0.000000010	0.518160437	0.000187532	0.000000011	0.283670851	-0.000004429	0.000000003	-0.000036344	-0.000009623	-0.000000008	0.000217095	-0.236929999	-0.000170096	-0.000020246	-0.000000008	0.000294577	-0.367856041	0.000000003	-0.029569413	0.000059806	-0.000000010	0.000011415	-0.114521593	-0.000194014	-0.001532585	-0.006329142	-0.053185230	-0.113485013	-0.100918632	-0.021682069	0.050300469	0.000001444	-0.057823812	0.180839323	0.000005655	0.016483202	0.120913829	0.000005052	0.022283739	0.000000869	-0.000001966	0.029086132	0.030538472	0.080586819	0.000003252	-0.000009673	0.155355259	0.105295866	-0.000002662	0.012518902	-0.035595308	-0.000002750	-0.000002693	0.058070434	-0.026524663	0.001531292	0.006323791	0.053139946	0.113387821	0.100831781	-0.021600014	-0.050288873	-0.000001441	-0.057488825	-0.180814263	-0.000005643	0.016815433	-0.120944826	-0.000005041	-0.022264718	0.000000865	0.000001963	-0.029147234	0.030445815	-0.080517347	0.000003231	0.000009659	-0.155680669	0.104799576	0.000002656	0.012455177	0.035589357	0.000002752	-0.000002681	0.057961562	0.026751456	0.000000000	0.000000000	0.000000000	0.000000000	0.000000000	0.000000000	0.000000000	0.000000000	0.000000000	0.000000000	0.000000000	0.000000000	0.000000000	0.000000000	0.000000000	0.000000000	0.000000000	0.000000000	0.531577394	0.000000000	0.000000000	0.000000000	0.000000000	1.000000000	0.000000000	0.000000000	0.000000000	0.000000000	0.000000000	0.000000000	0.000000000	-0.000726671	-0.011828534	-0.046240675	-0.001462138	0.004414840	0.001515768	-0.000726797	-0.011829897	-0.046243502	-0.001462414	0.004415518	-0.001515839	-0.013105287	-0.072228902	-0.103528214	-0.043671726	0.025195737	0.000001513	0.000725836	0.011814328	0.046182872	-0.001455304	-0.004411647	0.001513828	0.000725744	0.011813312	0.046180642	-0.001455101	-0.004411126	-0.001513842	0.013113693	0.072273886	0.103590919	-0.043667806	-0.025262795	-0.000001315	-0.363770361	-0.310519215	-0.081881884	0.100104843	0.201585878	-0.000005928	0.364066318	0.310771864	0.081948510	0.099887235	-0.200919735	0.000006733		A4: R43*d(-2)
-0.000001821	-0.000005820	-0.000008959	-0.000002845	-0.000000359	-0.000000005	0.000013475	-0.146049061	-0.000000001	0.000001978	-0.113413516	0.000000000	-0.000000464	-0.019096417	0.000019527	-0.000081793	0.204280147	0.000007184	0.000000006	0.000013987	-0.000029001	0.072429927	-0.000004037	-0.000000003	0.142903477	0.000000012	-0.000029823	0.066540384	0.000053285	-0.000000007	0.000005527	-0.000000000	-0.000000002	-0.000000266	-0.000000909	-0.000000483	-0.000000152	0.000000255	-0.000905831	-0.000001175	0.000001969	-0.014923316	-0.000000345	0.000000578	-0.016587221	0.000000228	-0.000836669	0.001402361	0.000000145	0.000000269	0.000003307	-0.019781289	0.033155900	0.000001437	0.000002662	0.007761506	0.000000848	-0.000001422	0.004614275	0.008548832	0.000001191	0.000000051	-0.000000000	-0.000000002	-0.000000266	-0.000000908	-0.000000483	0.000000152	0.000000255	-0.000905853	0.000001172	0.000001967	-0.014923486	0.000000344	0.000000577	-0.016587271	0.000000228	0.000835571	0.001403064	0.000000145	-0.000000268	0.000003303	0.019755029	0.033172005	0.000001439	-0.000002656	0.007761656	-0.000000846	-0.000001421	0.004627998	-0.008541622	-0.000001190	0.000000048	0.000000000	0.000000000	0.000000000	0.000000000	0.000000000	0.000000000	0.000000000	0.000000000	0.000000000	0.000000000	0.000000000	0.000000000	0.000000000	0.000000000	0.000000000	0.000000000	0.000000000	0.000000000	0.000000000	0.000000000	0.000000000	0.000000000	0.000000000	0.000000000	1.000000000	0.000000000	0.000000000	0.000000000	0.000000000	0.000000000	0.000000000	-0.000000999	-0.000611811	-0.003509091	-0.000019104	0.000040376	0.000008158	0.000000999	0.000611841	0.003508947	0.000019107	-0.000040382	0.000008157	-0.000000014	-0.000000542	-0.000000591	-0.000000187	0.000000130	-0.000539252	0.000000999	0.000611831	0.003508919	-0.000019075	-0.000040396	0.000008156	-0.000000999	-0.000611831	-0.003509137	0.000019073	0.000040393	0.000008158	-0.000000012	-0.000000471	-0.000000513	0.000000163	0.000000113	-0.000539291	0.000007738	0.000002291	0.000000152	-0.000003891	0.000002379	-0.252714239	0.000008781	0.000002600	0.000000172	0.000004414	0.000002704	-0.252714217		A4: R44*f(0)
0.000010815	0.000034572	0.000053222	0.000016900	0.000002132	-0.059624247	-0.000080046	-0.000000009	-0.046300870	-0.000011748	-0.000000005	-0.007796081	0.000002755	-0.000000001	-0.000058157	0.000008580	0.000000017	-0.000076064	0.083396987	-0.000062581	0.000010725	0.000000010	0.000012144	0.029569413	0.000000012	0.099951773	0.000142760	0.000000024	-0.000020519	0.033270231	-0.000006190	0.000000990	0.000018320	0.002607828	0.008900204	0.004730677	0.001120507	-0.002497947	-0.000000103	0.005405386	-0.019271750	-0.000001147	-0.003397206	-0.005656079	-0.000000882	-0.001638887	-0.000000085	0.000000179	-0.001760541	-0.002056409	-0.018376654	-0.000000992	0.000002947	-0.022138853	-0.012518902	0.000000848	-0.003519568	0.008397896	0.000000717	0.000000780	-0.009352658	0.003772936	-0.000000988	-0.000018296	-0.002604387	-0.008888366	-0.004724355	0.001116545	0.002495844	0.000000102	0.005374663	0.019255269	0.000001144	-0.003406260	0.005651180	0.000000880	0.001636732	-0.000000084	-0.000000179	0.001762415	-0.002050400	0.018352204	-0.000000986	-0.000002941	0.022150900	-0.012455177	-0.000000846	-0.003506225	-0.008390790	-0.000000716	0.000000777	-0.009331543	-0.003797865	0.000000000	0.000000000	0.000000000	0.000000000	0.000000000	0.000000000	0.000000000	0.000000000	0.000000000	0.000000000	0.000000000	0.000000000	0.000000000	0.000000000	0.000000000	0.000000000	0.000000000	0.000000000	0.000000000	0.000000000	0.000000000	0.000000000	0.000000000	0.000000000	0.000000000	1.000000000	0.000000000	0.000000000	0.000000000	0.000000000	0.000000000	0.000000435	0.000266453	0.001528264	0.000006149	-0.000016964	-0.000008766	0.000000435	0.000266525	0.001528539	0.000006151	-0.000016971	0.000008768	0.000194889	0.007362107	0.008027072	0.002325250	-0.001761719	-0.000000121	-0.000000435	-0.000266075	-0.001525972	0.000006124	0.000016948	-0.000008753	-0.000000434	-0.000266010	-0.001525692	0.000006122	0.000016943	0.000008752	-0.000194797	-0.007358300	-0.008022695	0.002322586	0.001762882	0.000000105	-0.190120164	-0.056294347	-0.003727472	-0.007564649	-0.058463609	-0.000014065	0.190027556	0.056266934	0.003725657	-0.007657719	0.058511190	0.000015954		A4: R44*f(1)
-0.027010197	-0.086345280	-0.132923174	-0.042207523	-0.005325126	-0.000080046	0.140291890	0.000021908	-0.000011748	-0.016960925	0.000013548	0.000002755	-0.014677848	0.000001956	0.145249413	0.000000017	-0.000032804	0.023177920	0.000051953	0.156297456	0.000000010	-0.000013938	-0.089468580	-0.000059806	-0.000029823	0.000142760	-0.256593769	-0.000019477	-0.000000024	-0.000125141	0.115270528	-0.000001659	-0.000030707	-0.004371044	-0.014917849	-0.007929203	-0.002497947	0.003817065	0.000000172	-0.019271750	0.026209431	0.000001922	-0.005656079	0.002708587	0.000001479	0.002746978	0.000000179	-0.000000278	0.001805863	0.004064829	0.030801556	0.000002947	-0.000004173	0.010035790	0.035595308	-0.000001422	0.008397896	-0.012585180	-0.000000681	-0.000001588	0.015268851	0.003147681	-0.000001660	-0.000030723	-0.004373202	-0.014925057	-0.007932983	0.002495844	0.003821128	0.000000172	0.019255269	0.026240337	0.000001920	0.005651180	0.002717554	0.000001478	0.002748347	-0.000000179	-0.000000278	0.001813793	-0.004063670	0.030816427	-0.000002941	-0.000004172	0.010110245	-0.035589357	-0.000001421	-0.008390790	-0.012598774	-0.000000683	0.000001586	-0.015284006	0.003108154	0.000000000	0.000000000	0.000000000	0.000000000	0.000000000	0.000000000	0.000000000	0.000000000	0.000000000	0.000000000	0.000000000	0.000000000	0.000000000	0.000000000	0.000000000	0.000000000	0.000000000	0.000000000	0.000000000	0.000000000	0.000000000	0.000000000	0.000000000	0.000000000	0.000000000	0.000000000	1.000000000	0.000000000	0.000000000	0.000000000	0.000000000	-0.000000920	-0.000563134	-0.003229899	-0.000016964	0.000033975	0.000018527	-0.000000920	-0.000563275	-0.003230421	-0.000016971	0.000033987	-0.000018531	-0.000134886	-0.005095454	-0.005555690	-0.001761719	0.000999170	0.000000084	-0.000000920	-0.000563487	-0.003231659	0.000016948	0.000034014	-0.000018537	-0.000000920	-0.000563353	-0.003231096	0.000016943	0.000034003	0.000018535	-0.000135052	-0.005101490	-0.005562113	0.001762882	0.001002037	0.000000073	0.116260154	0.034424489	0.002279382	-0.058463609	-0.067419144	0.000008601	0.116411429	0.034469287	0.002282349	0.058511190	-0.067326024	0.000009773		A4: R44*f(-1)
-0.000002350	-0.000007514	-0.000011567	-0.000003673	-0.000000463	-0.000000015	0.000017396	-0.188548466	-0.000000007	0.000002553	-0.146416173	-0.000000001	-0.000000599	-0.024653360	0.000018324	-0.000221272	0.263724405	0.000013249	0.000000025	0.000007200	-0.000219861	0.093506531	0.000001056	0.000000010	0.066540384	0.000000024	-0.000019477	0.177264460	0.000418933	0.000000026	-0.000007600	-0.000000000	-0.000000001	-0.000000163	-0.000000558	-0.000000296	-0.000000131	0.000000134	-0.000555455	-0.000001343	0.000000836	-0.009150963	-0.000000903	-0.000000058	-0.010171268	0.000000136	-0.000692880	0.000752634	0.000000016	0.000000207	0.000001804	-0.021735686	0.014600196	-0.000000918	0.000002750	0.004614275	0.000000717	-0.000000681	0.000006752	0.006893409	0.000000751	0.000000702	-0.000000000	-0.000000001	-0.000000164	-0.000000559	-0.000000297	0.000000131	0.000000134	-0.000557110	0.000001342	0.000000840	-0.009178109	0.000000902	-0.000000056	-0.010201354	0.000000136	0.000693657	0.000755840	0.000000017	-0.000000207	0.000001807	0.021751794	0.014682700	-0.000000908	-0.000002752	0.004627998	-0.000000716	-0.000000683	0.000028763	-0.006907955	-0.000000754	0.000000698	0.000000000	0.000000000	0.000000000	0.000000000	0.000000000	0.000000000	0.000000000	0.000000000	0.000000000	0.000000000	0.000000000	0.000000000	0.000000000	0.000000000	0.000000000	0.000000000	0.000000000	0.000000000	0.000000000	0.000000000	0.000000000	0.000000000	0.000000000	0.000000000	0.000000000	0.000000000	0.000000000	1.000000000	0.000000000	0.000000000	0.000000000	-0.000000865	-0.000529684	-0.003038046	-0.000020138	0.000033456	0.000006420	0.000000865	0.000529694	0.003037830	0.000020141	-0.000033460	0.000006418	0.000000007	0.000000246	0.000000269	0.000000067	-0.000000085	0.000245219	0.000000867	0.000530714	0.003043706	-0.000020141	-0.000033546	0.000006431	-0.000000867	-0.000530727	-0.003043968	0.000020140	0.000033544	0.000006432	0.000000006	0.000000213	0.000000232	-0.000000058	-0.000000074	0.000244198	-0.000004552	-0.000001348	-0.000000089	-0.000002006	-0.000008424	0.148661747	-0.000005149	-0.000001525	-0.000000101	0.000002297	-0.000009559	0.148199251		A4: R44*f(2)
-0.000000002	-0.000000006	-0.000000009	-0.000000003	-0.000000000	0.000010377	0.000000018	-0.000150989	0.000008058	0.000000005	-0.000117249	0.000001357	0.000000000	-0.000019742	0.000000015	0.144453604	0.000269028	0.000000025	-0.000018489	0.000000006	0.227800093	0.000166090	0.000000010	-0.000011415	0.000053285	-0.000020519	-0.000000024	0.000418933	-0.345881718	-0.000020526	-0.000000031	-0.000000000	-0.000000002	-0.000000303	-0.000001033	-0.000000549	-0.000000153	0.000000302	-0.001029087	-0.000000999	0.000002437	-0.016953922	-0.000000018	0.000000879	-0.018844233	0.000000251	-0.000853446	0.001651091	0.000000207	0.000000288	0.000003343	-0.017288129	0.040760722	0.000002750	0.000002693	0.008548832	0.000000780	-0.000001588	0.006893409	0.009057368	0.000001460	-0.000000299	0.000000000	0.000000002	0.000000302	0.000001031	0.000000548	-0.000000152	-0.000000302	0.001028225	-0.000000993	-0.000002434	0.016939492	-0.000000016	-0.000000878	0.018828036	-0.000000251	-0.000851045	-0.001650611	-0.000000207	0.000000287	-0.000003336	-0.017221070	-0.040751547	-0.000002752	0.000002681	-0.008541622	0.000000777	0.000001586	-0.006907955	0.009035517	0.000001456	0.000000303	0.000000000	0.000000000	0.000000000	0.000000000	0.000000000	0.000000000	0.000000000	0.000000000	0.000000000	0.000000000	0.000000000	0.000000000	0.000000000	0.000000000	0.000000000	0.000000000	0.000000000	0.000000000	0.000000000	0.000000000	0.000000000	0.000000000	0.000000000	0.000000000	0.000000000	0.000000000	0.000000000	0.000000000	1.000000000	0.000000000	0.000000000	-0.000001055	-0.000645845	-0.003704297	-0.000017376	0.000044190	0.000007827	0.000001055	0.000645876	0.003704141	0.000017379	-0.000044196	0.000007826	-0.000000017	-0.000000655	-0.000000714	-0.000000233	0.000000147	-0.000651554	-0.000001054	-0.000645019	-0.003699259	0.000017311	0.000044156	-0.000007816	0.000001053	0.000645025	0.003699521	-0.000017310	-0.000044153	-0.000007818	0.000000015	0.000000569	0.000000620	-0.000000203	-0.000000128	0.000651990	0.000008892	0.000002633	0.000000174	-0.000006670	-0.000000861	-0.290414352	-0.000010099	-0.000002990	-0.000000198	-0.000007567	0.000000956	0.290650606		A4: R44*f(-2)
0.000041886	0.000133898	0.000206128	0.000065453	0.000008258	-0.230923570	-0.000310016	-0.000000014	-0.179322382	-0.000045498	-0.000000005	-0.030194071	0.000010672	-0.000000000	0.000020147	0.000013756	0.000000020	-0.000436271	0.322994821	0.000144598	0.000010829	0.000000004	-0.000176386	0.114521593	-0.000000007	0.033270231	-0.000125141	0.000000026	-0.000020526	0.220215841	0.000501239	0.000002492	0.000046119	0.006564927	0.022405307	0.011908971	0.003560169	-0.005847168	-0.000000177	0.025789099	-0.041246830	-0.000001543	0.004987732	-0.006160510	-0.000000728	-0.003789495	-0.000000177	0.000000292	-0.003158264	-0.006084872	-0.028301958	-0.000001972	0.000003168	-0.028362995	-0.058070434	0.000001191	-0.009352658	0.015268851	0.000000751	0.000001460	-0.026765063	-0.001970430	-0.000002492	-0.000046126	-0.006565702	-0.022407718	-0.011910176	0.003552984	0.005852468	0.000000177	0.025710369	0.041300720	0.000001541	0.004929290	0.006197179	0.000000727	0.003789958	-0.000000177	-0.000000292	0.003173795	-0.006077622	0.028304867	-0.000001964	-0.000003168	0.028587197	-0.057961562	-0.000001190	-0.009331543	-0.015284006	-0.000000754	0.000001456	-0.026774645	0.001860988	0.000000000	0.000000000	0.000000000	0.000000000	0.000000000	0.000000000	0.000000000	0.000000000	0.000000000	0.000000000	0.000000000	0.000000000	0.000000000	0.000000000	0.000000000	0.000000000	0.000000000	0.000000000	0.000000000	0.000000000	0.000000000	0.000000000	0.000000000	0.000000000	0.000000000	0.000000000	0.000000000	0.000000000	0.000000000	1.000000000	0.000000000	0.000001892	0.001158230	0.006643119	0.000032478	-0.000074762	-0.000026262	0.000001892	0.001158406	0.006643535	0.000032487	-0.000074781	0.000026266	0.000074354	0.002808776	0.003062472	0.001385021	0.000047253	-0.000000033	-0.000001891	-0.001157699	-0.006639535	0.000032383	0.000074772	-0.000026249	-0.000001891	-0.001157564	-0.006639175	0.000032377	0.000074758	0.000026248	-0.000075069	-0.002835649	-0.003091685	0.001393577	-0.000039711	0.000000029	-0.021763798	-0.006444234	-0.000426698	0.210208868	0.338477981	-0.000000467	0.022448722	0.006647040	0.000440127	0.210513765	-0.338202766	0.000000547		A4: R44*f(3)
-0.034869992	-0.111471206	-0.171602970	-0.054489644	-0.006874704	-0.000349902	0.181115838	0.000011338	-0.000206633	-0.021896522	0.000004332	-0.000028682	-0.018949021	0.000000309	-0.016772234	0.000000021	-0.000012158	0.147868139	0.000506391	-0.120378901	0.000000013	0.000000646	0.070494439	0.000194014	0.000005527	-0.000006190	0.115270528	-0.000007600	-0.000000031	0.000501239	-0.197067743	0.000000107	0.000001984	0.000282354	0.000963639	0.000512198	-0.001077990	-0.000985981	-0.000000008	-0.019173024	-0.013874653	-0.000000066	-0.022329082	-0.013714798	-0.000000031	-0.000162984	0.000000045	0.000000044	-0.002410059	0.000965817	-0.001217250	0.000001323	0.000000976	-0.054989160	0.026524663	0.000000051	0.003772936	0.003147681	0.000000702	-0.000000299	-0.001970430	0.018964141	0.000000101	0.000001873	0.000266645	0.000910016	0.000483693	0.001087310	-0.000971139	-0.000000007	0.019245904	-0.013760689	-0.000000063	0.022351949	-0.013682223	-0.000000030	-0.000153917	-0.000000046	0.000000043	-0.002400987	-0.000984237	-0.001149510	-0.000001326	0.000000966	-0.054879046	-0.026751456	0.000000048	-0.003797865	0.003108154	0.000000698	0.000000303	0.001860988	0.018973676	0.000000000	0.000000000	0.000000000	0.000000000	0.000000000	0.000000000	0.000000000	0.000000000	0.000000000	0.000000000	0.000000000	0.000000000	0.000000000	0.000000000	0.000000000	0.000000000	0.000000000	0.000000000	0.000000000	0.000000000	0.000000000	0.000000000	0.000000000	0.000000000	0.000000000	0.000000000	0.000000000	0.000000000	0.000000000	0.000000000	1.000000000	-0.000000473	-0.000289528	-0.001660611	-0.000018179	0.000013929	0.000006565	-0.000000473	-0.000289546	-0.001660564	-0.000018183	0.000013930	-0.000006565	0.000296813	0.011212399	0.012225134	0.003532007	-0.002696542	-0.000000130	-0.000000477	-0.000292313	-0.001676451	0.000018249	0.000014124	-0.000006628	-0.000000477	-0.000292293	-0.001676438	0.000018246	0.000014122	0.000006628	0.000296659	0.011206042	0.012217857	-0.003526756	-0.002699624	-0.000000113	-0.286873673	-0.084942943	-0.005624410	0.015185720	-0.044717074	-0.000006162	-0.286820867	-0.084927319	-0.005623375	-0.014647555	-0.045536852	-0.000006992		A4: R44*f(-3)
0.000000004	0.000000563	0.001379165	0.024525268	0.082845194	-0.000605310	0.000668716	0.000404382	-0.030490689	0.033684620	0.020369552	-0.115852745	0.127988438	0.077396364	-0.000215563	-0.000375683	0.000415037	-0.000061992	-0.000621258	-0.020519875	-0.035762139	0.039508259	-0.005901171	-0.059138958	-0.003846197	0.000532026	-0.000587756	-0.000569310	-0.005705379	0.004199662	0.003102193	0.002421044	0.014601620	0.159780819	0.259790711	0.243150228	-0.008350243	0.120725061	0.162972635	-0.018152204	0.262438577	0.354278607	-0.012319996	0.178118437	0.240450747	0.111579218	-0.013670961	0.197650243	-0.072856347	-0.010127023	0.220002599	-0.026955262	0.389710269	-0.143652071	-0.019967620	0.032240394	-0.020170492	0.291618309	-0.197136682	-0.027401974	0.012410438	-0.059044431	0.000000000	0.000000000	0.000015316	0.002588534	0.029629462	-0.000004469	0.000001124	0.000001519	-0.003967022	0.000997363	0.001348482	-0.077130200	0.019391583	0.026218319	-0.000000727	-0.000001029	0.000000259	0.000001418	-0.000000761	-0.002642651	-0.003739627	0.000940193	0.005153006	-0.002765901	-0.000035504	0.000025987	-0.000006533	0.000043540	-0.000023370	-0.000045235	0.000041215	0.000000000	0.000000000	0.000000593	0.000510063	0.014082851	-0.000000040	0.000000085	0.000000027	-0.000284654	0.000601601	0.000190097	-0.017943665	0.037922919	0.011983065	-0.000000009	-0.000000005	0.000000010	-0.000000012	-0.000000014	-0.000454065	-0.000229617	0.000485282	-0.000595972	-0.000726671	-0.000000999	0.000000435	-0.000000920	-0.000000865	-0.000001055	0.000001892	-0.000000473	1.000000000	0.706214736	0.373285587	0.000000000	0.000000000	0.000000000	0.001196336	0.040650441	0.130844297	0.000000175	0.000000098	0.016013870	0.001076677	0.038800349	0.128617715	0.007011221	0.010782049	0.007345472	0.000000001	0.000071780	0.012531108	-0.000000196	-0.000000000	0.000000131	0.000000421	0.001211233	0.035724933	-0.000036474	-0.000000014	-0.000000000	0.000000000	0.000001219	0.002758147	-0.000000000	0.000000000	0.000000000	0.000000000	0.000000121	0.001169800	-0.000000000	0.000000000	0.000000000	0.000000000	0.000010269	0.006087980	-0.000000001	0.000000007	0.000000002		A5: R45*s(0)
0.000633058	0.002725525	0.030334041	0.105993803	0.227035360	-0.018626781	0.020577956	0.012443772	-0.113238864	0.125100749	0.075650139	-0.265432072	0.293236351	0.177324043	-0.006682253	-0.011645863	0.012865779	-0.001921704	-0.019258474	-0.054454885	-0.094904242	0.104845557	-0.015660310	-0.156940779	-0.022395783	0.003097902	-0.003422410	-0.003315002	-0.033221497	0.024453953	0.018063566	0.031756968	0.104765551	0.386137528	0.548828220	0.557412944	-0.011727926	0.169558481	0.228895245	-0.025130472	0.363328067	0.490474240	-0.023193736	0.335327373	0.452674741	0.070136730	-0.008593325	0.124239460	-0.045796216	-0.006365668	0.189136804	-0.023173508	0.335034928	-0.123498058	-0.017166214	0.009736992	-0.006091735	0.088072286	-0.059537682	-0.008275730	0.003748104	-0.017832138	0.000015045	0.000084683	0.002670565	0.022034926	0.096267971	-0.002336294	0.000587376	0.000794160	-0.037322252	0.009383322	0.012686687	-0.213099830	0.053576199	0.072437506	-0.000860847	-0.001218188	0.000306269	0.001678599	-0.000900996	-0.020174907	-0.028549591	0.007177756	0.039339814	-0.021115837	-0.003093494	0.002264260	-0.000569266	0.003793688	-0.002036280	-0.003941377	0.003591076	0.000001006	0.000006926	0.000460264	0.007071627	0.051745637	-0.000164135	0.000346890	0.000109612	-0.005219491	0.011031098	0.003485659	-0.056756344	0.119951318	0.037902790	-0.000146851	-0.000074261	0.000156947	-0.000192745	-0.000235015	-0.007391134	-0.003737637	0.007899284	-0.009701065	-0.011828534	-0.000611811	0.000266453	-0.000563134	-0.000529684	-0.000645845	0.001158230	-0.000289528	0.706214736	1.000000000	0.788643577	0.000000000	0.000000000	0.000000000	0.040650441	0.164922317	0.332585619	0.000001260	0.000000706	0.115451367	0.038800349	0.160126240	0.327916503	0.052837568	0.081255071	0.055356532	0.000071780	0.002917110	0.048130210	-0.000562519	-0.000000223	0.000375951	0.001211233	0.017688390	0.114130637	-0.007263665	-0.000002864	-0.000000017	0.000001219	0.000215601	0.013818020	-0.000018396	0.000006830	0.000004659	0.000000121	0.000049249	0.006811506	-0.000001461	0.000002182	0.000000573	0.000010269	0.000842292	0.026543891	-0.000014341	0.000122811	0.000032239		A5: R46*s(0)
0.009941812	0.033339889	0.144047237	0.275781545	0.442455700	-0.045880985	0.050687064	0.030651163	-0.166209158	0.183619735	0.111037373	-0.345045080	0.381188902	0.230510157	-0.006814423	-0.011876210	0.013120255	-0.001959714	-0.019639393	-0.039933462	-0.069596235	0.076886511	-0.011484193	-0.115089558	-0.008056174	0.001114372	-0.001231104	-0.001192467	-0.011950382	0.008796536	0.006497796	0.034651764	0.113008735	0.418035069	0.656185632	0.808493291	-0.004837757	0.069942687	0.094419037	-0.014354765	0.207536445	0.280163547	-0.021958243	0.317465027	0.428561490	0.010456166	-0.001281115	0.018521941	-0.006827419	-0.000949010	0.050190656	-0.006149483	0.088907195	-0.032772302	-0.004555346	0.000651509	-0.000407602	0.005892982	-0.003983711	-0.000553735	0.000250788	-0.001193162	0.003016446	0.010390579	0.052062120	0.120493998	0.248765128	-0.030807388	0.007745397	0.010472136	-0.134937754	0.033925189	0.045868429	-0.375002112	0.094280638	0.127471795	-0.005509451	-0.007796446	0.001960133	0.010743086	-0.005766404	-0.039065398	-0.055281599	0.013898547	0.076175096	-0.040887354	-0.005548314	0.004061047	-0.001021002	0.006804140	-0.003652156	-0.007069028	0.006440748	0.001272661	0.004470227	0.024929822	0.066186934	0.163998780	-0.007213095	0.015244469	0.004817020	-0.036230407	0.076570913	0.024195243	-0.124346612	0.262799521	0.083040648	-0.003549986	-0.001795199	0.003794052	-0.004659454	-0.005681284	-0.028893774	-0.014611349	0.030880259	-0.037923871	-0.046240675	-0.003509091	0.001528264	-0.003229899	-0.003038046	-0.003704297	0.006643119	-0.001660611	0.373285587	0.788643577	1.000000000	0.000000000	0.000000000	0.000000000	0.130844297	0.332585619	0.566833337	0.000001372	0.000000769	0.125695381	0.128617715	0.327916503	0.561588565	0.059006900	0.090742441	0.061819980	0.012531108	0.048130210	0.159037728	-0.019788311	-0.000007838	0.013225211	0.035724933	0.114130637	0.280575339	-0.054103452	-0.000021331	-0.000000128	0.002758147	0.013818020	0.070009648	-0.006101299	0.002265322	0.001545355	0.001169800	0.006811506	0.043971832	-0.001729099	0.002582081	0.000677960	0.006087980	0.026543891	0.107539803	-0.001470789	0.012594927	0.003306246		A5: R47*s(0)
0.000003396	0.000054657	0.007340558	0.039942230	0.056413080	-0.003856170	0.005322816	0.003218780	-0.036093925	0.064500443	0.039004303	-0.007423069	0.088190521	0.053330018	-0.001693672	-0.003307210	0.004429481	-0.001712828	-0.005469050	-0.018298913	-0.044289368	0.075988084	-0.048013918	-0.073240225	-0.015105510	-0.000432940	-0.000133513	-0.008227949	-0.022645229	0.019953959	0.004654474	0.001302349	0.004692176	0.014919441	0.012027235	0.005442112	0.146191713	0.013138701	0.017736572	0.294960620	0.013126632	0.017720279	0.214736297	0.004015439	0.005420637	0.016576540	0.195609801	0.019044374	-0.017109963	0.144901659	0.022109691	0.390485241	0.018635592	-0.026942682	0.289259326	0.018542474	0.225061228	0.023470688	-0.033793807	0.306218560	-0.138241770	-0.023066793	0.000000001	0.000000076	0.000291718	0.009835858	0.041206316	-0.000158538	0.000042043	0.000056844	-0.017189755	0.004795800	0.006484144	-0.083414264	0.027407768	0.037056574	-0.000044756	-0.000067859	0.000017871	0.000088465	-0.000050190	-0.010343687	-0.017070711	0.004727692	0.020811157	-0.012625832	-0.000714194	0.000450164	-0.000121113	0.000870194	-0.000499297	-0.000830830	0.000828319	0.000000000	0.000000000	0.000008828	0.001113974	0.010249341	-0.000001157	0.000003058	0.000000966	-0.000511887	0.001749091	0.000552686	-0.001247709	0.028136421	0.008890681	-0.000000684	-0.000000309	0.000000792	-0.000001070	-0.000000978	-0.001197640	-0.000462013	0.001515768	-0.002243632	-0.001462138	-0.000019104	0.000006149	-0.000016964	-0.000020138	-0.000017376	0.000032478	-0.000018179	0.000000000	0.000000000	0.000000000	1.000000000	0.000000000	0.000000000	-0.000000175	-0.000001260	-0.000001372	0.012202129	-0.000000000	-0.000001174	-0.007011221	-0.052837568	-0.059006900	-0.011432947	-0.035040484	-0.023871983	0.000000196	0.000562519	0.019788311	-0.000011883	-0.000000005	0.000008366	0.000036474	0.007263665	0.054103452	-0.000973912	-0.000000404	-0.000000002	0.000000000	0.000018396	0.006101299	-0.000000036	0.000000014	0.000000009	0.000000000	0.000001461	0.001729099	-0.000000000	0.000000001	0.000000000	0.000000001	0.000014341	0.001470789	0.000000017	0.000000114	0.000000030		A5: R48*p(0)
-0.000003752	-0.000060383	-0.008109489	-0.044126219	-0.062322407	0.005322816	-0.004918443	-0.003555950	0.064500443	-0.048966257	-0.043090043	0.088190521	-0.025023222	-0.058916391	0.001871086	0.004429481	-0.004191200	-0.000430417	0.006273706	0.020215742	0.075988084	-0.059454286	-0.027965579	0.088995682	0.016687827	-0.000133513	-0.000406295	-0.002787776	0.026202546	-0.012356813	-0.018256490	-0.018828935	-0.067837928	-0.215700349	-0.173885798	-0.078680260	0.013138701	-0.042854517	-0.256429500	0.013126632	0.106088053	-0.256193937	0.004015439	0.156960142	-0.078369775	-0.239658146	0.019044374	-0.078410219	-0.044384681	0.004017511	-0.319654607	0.018635592	0.122346981	-0.190899916	-0.006268703	-0.268080967	0.023470688	-0.112646818	-0.127330563	0.003806324	0.007953969	-0.084929384	-0.000000000	-0.000000019	-0.000073342	-0.002472869	-0.010359829	0.000042043	-0.000001882	-0.000014291	0.004795800	0.000679854	-0.001630202	0.027407768	0.018709701	-0.009316527	0.000011252	0.000017871	-0.000001270	-0.000027010	0.000003735	0.002600544	0.004727692	0.000545122	-0.007796807	-0.001603663	0.000179558	-0.000121113	-0.000001114	-0.000275550	0.000019763	0.000359059	-0.000043424	-0.000000000	-0.000000000	-0.000018657	-0.002354320	-0.021661401	0.000003058	-0.000006172	-0.000002042	0.001749091	-0.003380890	-0.001168071	0.028136421	-0.047399371	-0.018789950	0.000001445	0.000000792	-0.000001607	0.000001847	0.000002407	0.002531145	0.001515768	-0.002948300	0.003126587	0.004414840	0.000040376	-0.000016964	0.000033975	0.000033456	0.000044190	-0.000074762	0.000013929	0.000000000	0.000000000	0.000000000	0.000000000	1.000000000	0.000000000	-0.000000098	-0.000000706	-0.000000769	-0.000000000	0.012202129	-0.000000658	-0.010782049	-0.081255071	-0.090742441	-0.035040484	-0.042533467	-0.036710995	0.000000000	0.000000223	0.000007838	-0.000000005	0.000000634	0.000000003	0.000000014	0.000002864	0.000021331	-0.000000404	0.000052002	-0.000000000	-0.000000000	-0.000006830	-0.002265322	0.000000014	-0.000000004	-0.000000004	-0.000000000	-0.000002182	-0.002582081	0.000000001	-0.000000001	-0.000000000	-0.000000007	-0.000122811	-0.012594927	0.000000114	-0.000000943	-0.000000256		A5: R48*p(1)
-0.000002269	-0.000036514	-0.004903919	-0.026683730	-0.037687214	0.003218780	-0.003555950	-0.001188388	0.039004303	-0.043090043	-0.003766467	0.053330018	-0.058916391	0.036777796	0.002347845	0.001627351	-0.001797818	0.000441995	0.004429481	0.054648944	0.009287118	-0.010259953	0.007582459	0.075988084	0.008734847	-0.008580459	0.009479271	0.001018418	0.010206141	-0.014056191	-0.010382981	-0.025418095	-0.091577721	-0.291184398	-0.234736901	-0.106214312	0.017736572	-0.256429500	-0.199066178	0.017720279	-0.256193937	-0.049980108	0.005420637	-0.078369775	0.109218861	0.017561464	0.015618959	-0.225813745	0.137010010	0.019044374	0.247055538	0.005083722	-0.073498779	0.134069130	0.018635592	0.193366146	-0.001994773	0.028839774	0.130317789	0.018114156	-0.015350189	0.073030719	-0.000000000	-0.000000026	-0.000099162	-0.003343433	-0.014006969	0.000056844	-0.000014291	-0.000010634	0.006484144	-0.001630202	-0.000318526	0.037056574	-0.009316527	0.013004010	0.000020797	0.000014679	-0.000003691	-0.000033295	0.000017871	0.006518961	0.001291702	-0.000324752	-0.008807916	0.004727692	0.000165456	-0.000342266	0.000086050	-0.000178602	0.000095866	0.000347187	-0.000316330	-0.000000000	-0.000000000	-0.000005895	-0.000743929	-0.006844673	0.000000966	-0.000002042	-0.000000355	0.000552686	-0.001168071	-0.000053377	0.008890681	-0.018789950	0.006128023	0.000000570	0.000000152	-0.000000321	0.000000649	0.000000792	0.001241805	0.000096834	-0.000204653	0.001243143	0.001515768	0.000008158	-0.000008766	0.000018527	0.000006420	0.000007827	-0.000026262	0.000006565	0.000000000	0.000000000	0.000000000	0.000000000	0.000000000	1.000000000	-0.016013870	-0.115451367	-0.125695381	-0.000001174	-0.000000658	-0.095326567	-0.007345472	-0.055356532	-0.061819980	-0.023871983	-0.036710995	-0.013657293	-0.000000131	-0.000375951	-0.013225211	0.000008366	0.000000003	-0.000004957	0.000000000	0.000000017	0.000000128	-0.000000002	-0.000000000	0.000052002	-0.000000000	-0.000004659	-0.001545355	0.000000009	-0.000000004	-0.000000001	-0.000000000	-0.000000573	-0.000677960	0.000000000	-0.000000000	-0.000000000	-0.000000002	-0.000032239	-0.003306246	0.000000030	-0.000000256	-0.000000037		A5: R48*p(-1)
0.000000004	0.000000563	0.001379212	0.024525685	0.082845839	-0.000605344	0.000668740	-0.000404388	-0.030491762	0.033685064	-0.020369392	-0.115855384	0.127988539	-0.077394797	-0.000215583	0.000375697	-0.000415042	-0.000061982	-0.000621294	-0.020521288	0.035762439	-0.039507723	-0.005900039	-0.059140699	0.003846301	0.000532193	-0.000587928	0.000569195	0.005705491	0.004199763	0.003102480	0.002421028	0.014601542	0.159780433	0.259790403	0.243150097	-0.008353774	0.120722682	-0.162973590	-0.018159911	0.262433867	-0.354281305	-0.012325238	0.178115395	-0.240452787	0.111582825	0.013676859	-0.197648051	-0.072853367	-0.010131133	0.220010166	0.026966947	-0.389706755	-0.143646492	-0.019975765	-0.032248405	-0.020179541	0.291620088	0.197130528	0.027413361	0.012415260	-0.059040568	0.000000000	0.000000000	0.000015314	0.002588357	0.029628539	-0.000004468	0.000001123	-0.000001519	-0.003966726	0.000997265	-0.001348383	-0.077128241	0.019390626	-0.026217692	-0.000000727	0.000001029	-0.000000259	0.000001418	-0.000000761	-0.002642444	0.003739356	-0.000940102	0.005152642	-0.002765630	0.000035499	0.000025983	-0.000006532	-0.000043534	0.000023366	-0.000045229	0.000041208	0.000000000	0.000000000	0.000000594	0.000510127	0.014083657	-0.000000040	0.000000085	-0.000000027	-0.000284701	0.000601689	-0.000190104	-0.017945007	0.037925057	-0.011982450	-0.000000009	0.000000005	-0.000000010	-0.000000012	-0.000000014	-0.000454158	0.000229632	-0.000485305	-0.000596058	-0.000726797	0.000000999	0.000000435	-0.000000920	0.000000865	0.000001055	0.000001892	-0.000000473	0.001196336	0.040650441	0.130844297	-0.000000175	-0.000000098	-0.016013870	1.000000000	0.706214736	0.373285587	0.000000000	0.000000000	0.000000000	0.001076688	0.038800516	0.128617919	0.007011116	0.010782045	-0.007345793	0.000000421	0.001211034	0.035722759	-0.000036463	-0.000000015	-0.000000000	0.000000001	0.000071776	0.012530838	-0.000000196	-0.000000000	-0.000000131	0.000000000	0.000001219	0.002758024	-0.000000000	0.000000000	-0.000000000	0.000000000	0.000000121	0.001169885	-0.000000000	0.000000000	-0.000000000	0.000000000	0.000010271	0.006088580	-0.000000001	0.000000007	-0.000000002		A6: R49*s(0)
0.000633076	0.002725597	0.030334598	0.105995063	0.227036834	-0.018627442	0.020578234	-0.012443678	-0.113242045	0.125101514	-0.075649010	-0.265437741	0.293236168	-0.177320202	-0.006682713	0.011645960	-0.012865604	-0.001921335	-0.019259040	-0.054458196	0.094904275	-0.104843289	-0.015657178	-0.156944135	0.022395924	0.003098811	-0.003423339	0.003314264	0.033221461	0.024454037	0.018064868	0.031756906	0.104765358	0.386137036	0.548827767	0.557412693	-0.011732905	0.169555432	-0.228896980	-0.025141155	0.363321727	-0.490478219	-0.023203606	0.335321679	-0.452678625	0.070139144	0.008597051	-0.124238342	-0.045794438	-0.006368265	0.189143419	0.023183568	-0.335032099	-0.123493332	-0.017173227	-0.009739427	-0.006094477	0.088072964	0.059535919	0.008279183	0.003749566	-0.017831000	0.000015043	0.000084674	0.002670368	0.022033877	0.096265466	-0.002336117	0.000587318	-0.000794101	-0.037320508	0.009382659	-0.012686113	-0.213095627	0.053573859	-0.072436185	-0.000860780	0.001218100	-0.000306240	0.001678480	-0.000900908	-0.020173969	0.028548432	-0.007177293	0.039338287	-0.021114443	0.003093308	0.002264111	-0.000569215	-0.003793484	0.002036115	-0.003941191	0.003590784	0.000001006	0.000006927	0.000460327	0.007072245	0.051748108	-0.000164162	0.000346942	-0.000109616	-0.005220086	0.011032152	-0.003485616	-0.056760000	0.119956833	-0.037900449	-0.000146881	0.000074266	-0.000156954	-0.000192773	-0.000235056	-0.007392219	0.003737665	-0.007899197	-0.009701901	-0.011829897	0.000611841	0.000266525	-0.000563275	0.000529694	0.000645876	0.001158406	-0.000289546	0.040650441	0.164922317	0.332585619	-0.000001260	-0.000000706	-0.115451367	0.706214736	1.000000000	0.788643577	0.000000000	0.000000000	0.000000000	0.038800516	0.160126677	0.327916931	0.052836564	0.081254709	-0.055358726	0.001211034	0.017686538	0.114124911	-0.007262680	-0.000002907	-0.000000015	0.000071776	0.002917001	0.048129355	-0.000562490	-0.000000224	-0.000375933	0.000001219	0.000215585	0.013817515	-0.000018394	0.000006829	-0.000004659	0.000000121	0.000049256	0.006811910	-0.000001462	0.000002183	-0.000000573	0.000010271	0.000842434	0.026546047	-0.000014346	0.000122841	-0.000032242		A6: R50*s(0)
0.009941901	0.033340184	0.144048346	0.275783273	0.442457628	-0.045882027	0.050687101	-0.030650541	-0.166212693	0.183619606	-0.111034958	-0.345051658	0.381187791	-0.230504636	-0.006814797	0.011876144	-0.013119894	-0.001959310	-0.019639697	-0.039935597	0.069595748	-0.076884283	-0.011481812	-0.115091174	0.008056127	0.001114686	-0.001231423	0.001192187	0.011950224	0.008796459	0.006498186	0.034651742	0.113008666	0.418034846	0.656185347	0.808493046	-0.004839815	0.069941493	-0.094419839	-0.014360873	0.207532922	-0.280165953	-0.021967591	0.317459687	-0.428565236	0.010456536	0.001281672	-0.018521793	-0.006827160	-0.000949398	0.050192437	0.006152156	-0.088906490	-0.032771065	-0.004557209	-0.000651673	-0.000407786	0.005893032	0.003983596	0.000553967	0.000250886	-0.001193086	0.003016337	0.010390211	0.052060514	0.120490973	0.248760785	-0.030806614	0.007745017	-0.010471888	-0.134935138	0.033923719	-0.045867608	-0.374998159	0.094277386	-0.127470640	-0.005509325	0.007796314	-0.001960052	0.010742923	-0.005766160	-0.039064730	0.055280982	-0.013898059	0.076174380	-0.040885858	0.005548249	0.004060977	-0.001020961	-0.006804106	0.003652038	-0.007069039	0.006440538	0.001272746	0.004470517	0.024931235	0.066189984	0.164004037	-0.007213631	0.015245320	-0.004816770	-0.036232718	0.076574386	-0.024193733	-0.124352525	0.262807172	-0.083034119	-0.003550353	0.001795135	-0.003793846	-0.004659653	-0.005681692	-0.028896455	0.014610668	-0.030878251	-0.037925087	-0.046243502	0.003508947	0.001528539	-0.003230421	0.003037830	0.003704141	0.006643535	-0.001660564	0.130844297	0.332585619	0.566833337	-0.000001372	-0.000000769	-0.125695381	0.373285587	0.788643577	1.000000000	0.000000000	0.000000000	0.000000000	0.128617919	0.327916931	0.561589048	0.059005641	0.090741823	-0.061822285	0.035722759	0.114124911	0.280566085	-0.054100993	-0.000021651	-0.000000114	0.012530838	0.048129355	0.159035869	-0.019787933	-0.000007883	-0.013225026	0.002758024	0.013817515	0.070007967	-0.006101073	0.002265207	-0.001545315	0.001169885	0.006811910	0.043973548	-0.001729233	0.002582251	-0.000677907	0.006088580	0.026546047	0.107545548	-0.001471001	0.012596079	-0.003306059		A6: R51*s(0)
0.000003396	0.000054661	0.007340882	0.039943440	0.056414325	-0.003856449	0.005323045	-0.003218851	-0.036096302	0.064502112	-0.039004491	-0.007425455	0.088191849	-0.053329699	-0.001693873	0.003307367	-0.004429567	-0.001712781	-0.005469426	-0.018301385	0.044291002	-0.075987992	-0.048013149	-0.073244468	0.015106100	-0.000432405	-0.000134280	0.008227507	0.022646029	0.019954831	0.004655589	0.001302898	0.004694156	0.014925766	0.012032346	0.005444428	0.146190557	0.013144046	-0.017744241	0.294959464	0.013131990	-0.017727965	0.214735943	0.004017081	-0.005422992	0.016583942	-0.195609896	-0.019052291	-0.017116942	0.144898025	0.022119458	-0.390487134	-0.018643366	-0.026953867	0.289253333	-0.018550993	0.225065079	0.023480716	0.033807963	-0.306214065	-0.138235615	-0.023076012	0.000000001	0.000000076	0.000291685	0.009835311	0.041205386	-0.000158517	0.000042037	-0.000056837	-0.017188751	0.004795397	-0.006483764	-0.083413253	0.027406654	-0.037056010	-0.000044750	0.000067849	-0.000017868	0.000088453	-0.000050182	-0.010343072	0.017069771	-0.004727311	0.020810109	-0.012624816	0.000714117	0.000450113	-0.000121096	-0.000870106	0.000499232	-0.000830754	0.000828212	0.000000000	0.000000000	0.000008830	0.001114119	0.010250055	-0.000001157	0.000003058	-0.000000966	-0.000511982	0.001749351	-0.000552709	-0.001248170	0.028138351	-0.008890333	-0.000000684	0.000000309	-0.000000792	-0.000001071	-0.000000978	-0.001197894	0.000462051	-0.001515839	-0.002243961	-0.001462414	0.000019107	0.000006151	-0.000016971	0.000020141	0.000017379	0.000032487	-0.000018183	0.000000175	0.000001260	0.000001372	0.012202129	-0.000000000	-0.000001174	0.000000000	0.000000000	0.000000000	1.000000000	0.000000000	0.000000000	-0.007011116	-0.052836564	-0.059005641	-0.011431981	-0.035039624	0.023872450	0.000036463	0.007262680	0.054100993	-0.000973689	-0.000000410	-0.000000002	0.000000196	0.000562490	0.019787933	-0.000011882	-0.000000005	-0.000008365	0.000000000	0.000018394	0.006101073	-0.000000036	0.000000014	-0.000000009	0.000000000	0.000001462	0.001729233	-0.000000000	0.000000001	-0.000000000	0.000000001	0.000014346	0.001471001	0.000000017	0.000000114	-0.000000030		A6: R52*p(0)
-0.000003752	-0.000060386	-0.008109668	-0.044126586	-0.062322413	0.005323045	-0.004918532	0.003555950	0.064502112	-0.048966118	0.043089304	0.088191849	-0.025021978	0.058914744	0.001871267	-0.004429567	0.004191179	-0.000430587	0.006273944	0.020218029	-0.075987992	0.059452544	-0.027968618	0.088996904	-0.016688112	-0.000134280	-0.000405612	0.002788447	-0.026202615	-0.012356599	-0.018257649	-0.018828536	-0.067836536	-0.215696345	-0.173882737	-0.078678920	0.013144046	-0.042848121	0.256426901	0.013131990	0.106094182	0.256191694	0.004017081	0.156961973	0.078369148	-0.239659100	-0.019052291	0.078401615	-0.044387606	0.004018745	-0.319654354	-0.018643366	-0.122356815	-0.190900201	-0.006271821	0.268085489	0.023480716	-0.112636380	0.127336043	-0.003807142	0.007957599	-0.084928269	-0.000000000	-0.000000019	-0.000073332	-0.002472672	-0.010359347	0.000042037	-0.000001881	0.000014289	0.004795397	0.000679843	0.001630068	0.027406654	0.018709339	0.009316162	0.000011250	-0.000017868	0.000001269	-0.000027005	0.000003734	0.002600327	-0.004727311	-0.000545122	-0.007796169	-0.001603662	-0.000179534	-0.000121096	-0.000001115	0.000275514	-0.000019756	0.000359013	-0.000043410	-0.000000000	-0.000000000	-0.000018661	-0.002354583	-0.021662511	0.000003058	-0.000006173	0.000002042	0.001749351	-0.003381327	0.001168097	0.028138351	-0.047401655	0.018788868	0.000001446	-0.000000792	0.000001608	0.000001847	0.000002408	0.002531635	-0.001515839	0.002948381	0.003126963	0.004415518	-0.000040382	-0.000016971	0.000033987	-0.000033460	-0.000044196	-0.000074781	0.000013930	0.000000098	0.000000706	0.000000769	-0.000000000	0.012202129	-0.000000658	0.000000000	0.000000000	0.000000000	0.000000000	1.000000000	0.000000000	-0.010782045	-0.081254709	-0.090741823	-0.035039624	-0.042532853	0.036712246	0.000000015	0.000002907	0.000021651	-0.000000410	0.000051988	-0.000000000	0.000000000	0.000000224	0.000007883	-0.000000005	0.000000634	-0.000000003	-0.000000000	-0.000006829	-0.002265207	0.000000014	-0.000000004	0.000000004	-0.000000000	-0.000002183	-0.002582251	0.000000001	-0.000000001	0.000000000	-0.000000007	-0.000122841	-0.012596079	0.000000114	-0.000000943	0.000000256		A6: R52*p(1)
0.000002269	0.000036515	0.004903924	0.026683391	0.037686425	-0.003218851	0.003555950	-0.001188309	-0.039004491	0.043089304	-0.003765056	-0.053329699	0.058914744	0.036780111	-0.002347946	0.001627289	-0.001797710	-0.000441906	-0.004429567	-0.054649714	0.009284826	-0.010257196	-0.007580771	-0.075987992	0.008734410	0.008581095	-0.009479766	0.001018127	0.010205479	0.014056039	0.010383581	0.025418206	0.091578183	0.291186437	0.234738770	0.106215218	-0.017744241	0.256426901	-0.199071903	-0.017727965	0.256191694	-0.049986304	-0.005422992	0.078369148	0.109216886	-0.017554028	0.015626034	-0.225816106	-0.137005755	-0.019052291	-0.247050047	0.005086337	-0.073504048	-0.134065159	-0.018643366	0.193363683	0.001994997	-0.028830256	0.130317035	0.018122145	0.015356302	-0.073026647	0.000000000	0.000000026	0.000099151	0.003343252	0.014006674	-0.000056837	0.000014289	-0.000010633	-0.006483764	0.001630068	-0.000318541	-0.037056010	0.009316162	0.013003376	-0.000020794	0.000014678	-0.000003690	0.000033290	-0.000017868	-0.006518542	0.001291722	-0.000324749	0.008807447	-0.004727311	0.000165441	0.000342226	-0.000086038	-0.000178587	0.000095855	-0.000347154	0.000316289	0.000000000	0.000000000	0.000005896	0.000743932	0.006844286	-0.000000966	0.000002042	-0.000000355	-0.000552709	0.001168097	-0.000053302	-0.008890333	0.018788868	0.006129703	-0.000000570	0.000000152	-0.000000321	-0.000000649	-0.000000792	-0.001241889	0.000096743	-0.000204456	-0.001243165	-0.001515839	0.000008157	0.000008768	-0.000018531	0.000006418	0.000007826	0.000026266	-0.000006565	0.016013870	0.115451367	0.125695381	-0.000001174	-0.000000658	-0.095326567	0.000000000	0.000000000	0.000000000	0.000000000	0.000000000	1.000000000	0.007345793	0.055358726	0.061822285	0.023872450	0.036712246	-0.013659173	0.000000000	0.000000015	0.000000114	-0.000000002	-0.000000000	0.000051988	0.000000131	0.000375933	0.013225026	-0.000008365	-0.000000003	-0.000004956	0.000000000	0.000004659	0.001545315	-0.000000009	0.000000004	-0.000000001	0.000000000	0.000000573	0.000677907	-0.000000000	0.000000000	-0.000000000	0.000000002	0.000032242	0.003306059	-0.000000030	0.000000256	-0.000000037		A6: R52*p(-1)
0.000000003	0.000000483	0.001282154	0.023648451	0.081478816	-0.000905472	0.000068657	0.000000012	-0.047783551	0.003623179	0.000000626	-0.186431925	0.014136166	0.000002441	-0.000393667	-0.000000018	0.000000001	0.000674056	-0.000102812	-0.039745233	-0.000001792	0.000000136	0.068053702	-0.010379997	-0.000000159	0.004948545	-0.000375222	0.000000203	-0.000000031	-0.006242463	0.001442154	0.002504595	0.015001182	0.161748408	0.261360325	0.243818335	-0.166587468	-0.120430430	0.000002212	-0.358916099	-0.259469818	0.000004766	-0.242525768	-0.175328209	0.000003221	-0.120830939	-0.000003650	-0.000002639	0.065615870	0.198733252	-0.235750680	-0.000007122	-0.000005149	0.128021731	0.387744228	-0.000005839	0.179517864	0.129778150	0.000002363	0.000007158	0.086434302	-0.272600130	0.000000000	0.000000000	0.000000044	0.000138807	0.007756215	-0.000000004	-0.000000001	0.000000000	-0.000154214	-0.000028822	0.000000001	-0.024917788	-0.004657051	0.000000086	-0.000000000	-0.000000000	-0.000000000	0.000000000	0.000000000	-0.000127871	-0.000000001	-0.000000000	0.000206529	0.000079993	-0.000000000	0.000000096	0.000000018	0.000000000	0.000000000	-0.000000107	-0.000000067	0.000000000	0.000000001	0.000061658	0.005192318	0.040742436	-0.000020977	0.000014518	0.000000001	-0.007659395	0.005301213	0.000000230	-0.089896635	0.062219173	0.000002701	-0.000006884	-0.000000000	0.000000000	0.000004200	-0.000011159	-0.008084473	-0.000000569	0.000000394	0.004932300	-0.013105287	-0.000000014	0.000194889	-0.000134886	0.000000007	-0.000000017	0.000074354	0.000296813	0.001076677	0.038800349	0.128617715	-0.007011221	-0.010782049	-0.007345472	0.001076688	0.038800516	0.128617919	-0.007011116	-0.010782045	0.007345793	1.000000000	0.706214736	0.373285587	0.000000000	0.000000000	0.000000000	0.000000000	0.000001219	0.002757972	-0.000000000	-0.000000000	0.000000000	0.000000000	0.000001219	0.002758113	-0.000000000	-0.000000000	-0.000000000	0.000000000	0.000000029	0.000689132	-0.000000000	-0.000000000	0.000000000	0.000000000	0.000002414	0.003555514	-0.000000000	0.000000000	0.000000000	0.000004763	0.003532506	0.053090492	-0.000123080	0.000205979	0.000000008		A7: R53*s(0)
0.000595905	0.002576444	0.029165072	0.103335166	0.223906893	-0.029170766	0.002211868	0.000000382	-0.180165841	0.013661041	0.000002359	-0.428433618	0.032485899	0.000005610	-0.012944665	-0.000000584	0.000000044	0.022164478	-0.003380672	-0.107306046	-0.000004839	0.000000367	0.183734579	-0.028024404	-0.000000966	0.030112714	-0.002283291	0.000001233	-0.000000188	-0.037986417	0.008775745	0.032075399	0.105746309	0.388648667	0.551132693	0.558690158	-0.231932619	-0.167670146	0.000003080	-0.495634877	-0.358307392	0.000006582	-0.456352547	-0.329909170	0.000006060	-0.075150286	-0.000002270	-0.000001641	0.040809510	0.123601296	-0.202086527	-0.000006105	-0.000004414	0.109740795	0.332376069	-0.000001749	0.053779616	0.038878688	0.000000708	0.000002144	0.025893822	-0.081665022	0.000000115	0.000000934	0.000112353	0.002842141	0.031451480	-0.000087584	-0.000016369	0.000000000	-0.004818433	-0.000900549	0.000000017	-0.087836635	-0.016416373	0.000000303	-0.000040997	-0.000000000	-0.000000000	0.000066215	0.000025646	-0.003809035	-0.000000044	-0.000000008	0.006152096	0.002382846	-0.000000002	0.000281226	0.000052560	0.000000003	0.000000001	-0.000314046	-0.000194404	0.000047917	0.000247873	0.005669364	0.035846075	0.125578038	-0.004557035	0.003154011	0.000000137	-0.054087382	0.037434907	0.000001625	-0.234384086	0.162221688	0.000007043	-0.002637268	-0.000000186	0.000000128	0.001608985	-0.004275127	-0.044557028	-0.000003136	0.000002170	0.027184038	-0.072228902	-0.000000542	0.007362107	-0.005095454	0.000000246	-0.000000655	0.002808776	0.011212399	0.038800349	0.160126240	0.327916503	-0.052837568	-0.081255071	-0.055356532	0.038800516	0.160126677	0.327916931	-0.052836564	-0.081254709	0.055358726	0.706214736	1.000000000	0.788643577	0.000000000	0.000000000	0.000000000	0.000001219	0.000215578	0.013817301	-0.000018387	-0.000006844	0.000004659	0.000001219	0.000215597	0.013817883	-0.000018390	-0.000006844	-0.000004659	0.000000029	0.000019803	0.004402412	-0.000000771	-0.000000000	0.000000000	0.000002414	0.000333792	0.017036682	-0.000030371	0.000020285	0.000000001	0.003532506	0.034963081	0.158186370	-0.008934854	0.014952882	0.000000597		A7: R54*s(0)
0.009751887	0.032717119	0.141695804	0.272113191	0.438354417	-0.073842307	0.005599079	0.000000967	-0.268326465	0.020345804	0.000003513	-0.559671399	0.042436979	0.000007328	-0.013598699	-0.000000613	0.000000047	0.023284347	-0.003551481	-0.079936277	-0.000003605	0.000000273	0.136870742	-0.020876424	-0.000000357	0.011117235	-0.000842962	0.000000455	-0.000000069	-0.014024108	0.003239895	0.034762186	0.113360823	0.419171495	0.657636604	0.809736152	-0.095231839	-0.068845583	0.000001265	-0.282431355	-0.204177000	0.000003750	-0.431694483	-0.312083212	0.000005733	-0.011148841	-0.000000337	-0.000000243	0.006054252	0.018336739	-0.053488364	-0.000001616	-0.000001168	0.029046249	0.087973467	-0.000000117	0.003583045	0.002590277	0.000000047	0.000000143	0.001725165	-0.005440899	0.000636983	0.002272836	0.013811129	0.040934608	0.117412663	-0.010069475	-0.001881951	0.000000035	-0.056434976	-0.010547508	0.000000195	-0.229415723	-0.042877032	0.000000791	-0.002877414	-0.000000033	-0.000000006	0.004647405	0.001800045	-0.026158710	-0.000000302	-0.000000056	0.042249782	0.016364297	-0.000000035	0.004097776	0.000765861	0.000000042	0.000000016	-0.004575998	-0.002832682	0.004364736	0.014910304	0.071358282	0.155727859	0.297346075	-0.035810366	0.024785036	0.000001076	-0.147902792	0.102366338	0.000004444	-0.375519456	0.259904165	0.000011284	-0.009554837	-0.000000672	0.000000465	0.005829362	-0.015488811	-0.063865148	-0.000004495	0.000003111	0.038963833	-0.103528214	-0.000000591	0.008027072	-0.005555690	0.000000269	-0.000000714	0.003062472	0.012225134	0.128617715	0.327916503	0.561588565	-0.059006900	-0.090742441	-0.061819980	0.128617919	0.327916931	0.561589048	-0.059005641	-0.090741823	0.061822285	0.373285587	0.788643577	1.000000000	0.000000000	0.000000000	0.000000000	0.002757972	0.013817301	0.070007252	-0.006099170	-0.002270022	0.001545292	0.002758113	0.013817883	0.070009192	-0.006099443	-0.002270124	-0.001545333	0.000689132	0.004402412	0.033002385	-0.001998891	-0.000000793	0.000000004	0.003555514	0.017036682	0.080343306	-0.006913031	0.004617208	0.000000180	0.053090492	0.158186370	0.347744333	-0.037005587	0.061930518	0.000002474		A7: R55*s(0)
0.000004816	0.000079492	0.011286201	0.063250207	0.090917219	-0.011077667	0.000907538	0.000000157	-0.129030142	0.011407689	0.000001970	-0.139320808	0.015962556	0.000002756	-0.006103731	-0.000000296	0.000000024	0.010433061	-0.001712351	-0.092570427	-0.000004919	0.000000430	0.157845854	-0.028487962	-0.000001117	0.031631986	-0.002640285	0.000001422	-0.000000237	-0.039715744	0.010133646	0.026178600	0.093996238	0.295913355	0.237391257	0.107104261	-0.205860721	-0.256585060	0.000004713	-0.054304532	-0.254563193	0.000004676	0.108305068	-0.077574393	0.000001425	-0.111598267	-0.000004208	-0.000004971	-0.077323584	0.229087101	0.008003578	-0.000001410	-0.000004829	-0.276745861	0.076774676	-0.000002863	-0.014434230	0.063640362	-0.000002721	0.000004791	0.231609898	0.038783899	0.000000000	0.000000000	0.000002388	0.000868338	0.015015428	-0.000000623	-0.000000120	0.000000000	-0.001260991	-0.000249749	0.000000005	-0.042697788	-0.009213505	0.000000170	-0.000000123	-0.000000000	-0.000000000	0.000000198	0.000000079	-0.001092061	-0.000000013	-0.000000003	0.001749388	0.000720437	-0.000000000	0.000007613	0.000001471	0.000000000	0.000000000	-0.000008415	-0.000005424	0.000000012	0.000000590	0.000814157	0.015601185	0.046668562	-0.000461335	0.000345093	0.000000015	-0.024429672	0.019713240	0.000000856	-0.069182502	0.072334032	0.000003141	-0.000249848	-0.000000018	0.000000013	0.000125291	-0.000415229	-0.025488373	-0.000001896	0.000001513	0.009295808	-0.043671726	-0.000000187	0.002325250	-0.001761719	0.000000067	-0.000000233	0.001385021	0.003532007	0.007011221	0.052837568	0.059006900	-0.011432947	-0.035040484	-0.023871983	0.007011116	0.052836564	0.059005641	-0.011431981	-0.035039624	0.023872450	0.000000000	0.000000000	0.000000000	1.000000000	0.000000000	0.000000000	0.000000000	0.000018387	0.006099170	-0.000000036	-0.000000014	0.000000009	0.000000000	0.000018390	0.006099443	-0.000000036	-0.000000014	-0.000000009	0.000000000	0.000000771	0.001998891	-0.000000000	-0.000000000	0.000000000	0.000000000	0.000030371	0.006913031	-0.000000083	0.000000057	0.000000000	0.000123080	0.008934854	0.037005587	-0.000911675	0.001986104	0.000000079		A7: R56*p(0)
-0.000000365	-0.000006027	-0.000855774	-0.004795935	-0.006893781	0.000907538	0.000822394	-0.000000012	0.011407689	0.020552839	-0.000000149	0.015962556	0.069987739	-0.000000209	0.000462814	0.000000024	0.000000019	-0.001030382	-0.001439050	0.007019135	0.000000430	0.000000721	-0.020692294	-0.055034282	0.000000085	-0.002640285	-0.002988679	-0.000000148	-0.000000243	0.005799442	0.011299682	0.018925193	0.067952335	0.213923490	0.171616337	0.077428466	-0.256585060	-0.036427053	0.000003407	-0.254563193	0.113794015	0.000003380	-0.077574393	0.159530630	0.000001030	-0.080677301	-0.000004971	-0.000000926	0.234599072	0.069699056	0.005785995	-0.000004829	0.000001778	0.373659436	-0.133925101	-0.000002070	0.063640362	-0.056458579	0.000006205	0.000000766	-0.299350234	-0.119967961	0.000000000	0.000000000	0.000000446	0.000162290	0.002806333	-0.000000120	-0.000000003	0.000000000	-0.000249749	0.000028624	0.000000001	-0.009213505	0.004877565	0.000000032	-0.000000023	-0.000000000	-0.000000000	0.000000041	0.000000004	-0.000204102	-0.000000003	0.000000000	0.000406887	-0.000071724	-0.000000000	0.000001471	0.000000018	0.000000000	0.000000000	-0.000002105	-0.000000154	-0.000000008	-0.000000408	-0.000563494	-0.010797877	-0.032300200	0.000345093	-0.000201577	-0.000000010	0.019713240	-0.009591139	-0.000000592	0.072334032	-0.014735294	-0.000002174	0.000172925	0.000000013	-0.000000008	-0.000144713	0.000265560	0.017640988	0.000001513	-0.000000757	-0.019799471	0.025195737	0.000000130	-0.001761719	0.000999170	-0.000000085	0.000000147	0.000047253	-0.002696542	0.010782049	0.081255071	0.090742441	-0.035040484	-0.042533467	-0.036710995	0.010782045	0.081254709	0.090741823	-0.035039624	-0.042532853	0.036712246	0.000000000	0.000000000	0.000000000	0.000000000	1.000000000	0.000000000	0.000000000	0.000006844	0.002270022	-0.000000014	-0.000000004	0.000000004	0.000000000	0.000006844	0.002270124	-0.000000014	-0.000000004	-0.000000004	0.000000000	0.000000000	0.000000793	-0.000000000	0.000000000	0.000000000	-0.000000000	-0.000020285	-0.004617208	0.000000057	-0.000000035	-0.000000000	-0.000205979	-0.014952882	-0.061930518	0.001986104	-0.003048745	-0.000000133		A7: R56*p(1)
-0.000000000	-0.000000001	-0.000000148	-0.000000828	-0.000001190	0.000000157	-0.000000012	0.000891208	0.000001970	-0.000000149	0.021417825	0.000002756	-0.000000209	0.071198097	0.000000116	-0.001577961	0.000119649	-0.000000157	0.000000024	0.000002517	-0.057525111	0.004361831	-0.000002820	0.000000430	-0.007811124	-0.000000871	0.000000066	0.009968825	-0.001520511	0.000000680	-0.000000157	-0.000000348	-0.000001248	-0.000003930	-0.000003152	-0.000001422	0.000004713	0.000003407	0.149064985	0.000004676	0.000003380	0.297824393	0.000001425	0.000001030	0.215611184	0.000006103	-0.200918397	-0.145249155	-0.000001641	-0.000004971	0.000009020	-0.396808358	-0.286863122	-0.000001594	-0.000004829	-0.250989068	-0.000010105	-0.000007305	0.101589610	0.307688270	-0.000001423	0.000004489	-0.000000000	-0.000000000	-0.000000000	-0.000000003	-0.000000052	0.000000000	0.000000000	0.000000019	0.000000005	0.000000001	0.000075301	0.000000170	0.000000032	0.006599538	0.000000000	-0.000000011	-0.000000002	-0.000000000	-0.000000000	0.000000005	-0.000213841	-0.000039966	-0.000000007	-0.000000003	-0.000000628	-0.000000000	-0.000000000	0.000000756	0.000000293	0.000000000	0.000000000	-0.000000000	-0.000000000	-0.000000024	-0.000000469	-0.000001402	0.000000015	-0.000000010	0.000037268	0.000000856	-0.000000592	0.004052769	0.000003141	-0.000002174	0.035328467	0.000000010	-0.000041898	0.000028998	-0.000000005	0.000000013	0.000001268	-0.009655612	0.006682833	-0.000000569	0.000001513	-0.000539252	-0.000000121	0.000000084	0.000245219	-0.000651554	-0.000000033	-0.000000130	0.007345472	0.055356532	0.061819980	-0.023871983	-0.036710995	-0.013657293	-0.007345793	-0.055358726	-0.061822285	0.023872450	0.036712246	-0.013659173	0.000000000	0.000000000	0.000000000	0.000000000	0.000000000	1.000000000	-0.000000000	-0.000004659	-0.001545292	0.000000009	0.000000004	-0.000000001	0.000000000	0.000004659	0.001545333	-0.000000009	-0.000000004	-0.000000001	-0.000000000	-0.000000000	-0.000000004	0.000000000	0.000000000	0.000000000	-0.000000000	-0.000000001	-0.000000180	0.000000000	-0.000000000	0.000000003	-0.000000008	-0.000000597	-0.000002474	0.000000079	-0.000000133	0.000275090		A7: R56*p(-1)
0.000000004	0.000000563	0.001379178	0.024525380	0.082845367	0.000604795	0.000669203	-0.000404373	0.030464576	0.033708951	-0.020368957	0.115753141	0.128080462	-0.077393846	-0.000215580	-0.000375352	-0.000415325	-0.000062970	0.000621176	-0.020521375	-0.035730286	-0.039535441	-0.005994177	0.059130690	0.003846201	-0.000531758	-0.000588388	0.000578266	-0.005704412	-0.004207084	0.003092379	0.000000000	0.000000000	0.000015314	0.002588329	0.029628392	0.000004467	0.000001127	-0.000001519	0.003965885	0.001000416	-0.001348357	0.077112491	0.019452053	-0.026217393	-0.000000727	-0.000001029	-0.000000260	0.000001417	0.000000763	-0.002642428	-0.003738536	-0.000943066	0.005148171	0.002773815	0.000035498	-0.000025977	-0.000006553	-0.000043495	-0.000023435	0.000045129	0.000041315	0.002421033	0.014601569	0.159780566	0.259790509	0.243150142	0.008258371	0.120730697	-0.162972730	0.017952509	0.262451132	-0.354279222	0.012184469	0.178127060	-0.240451301	0.111580078	-0.013520581	-0.197659944	-0.072870979	0.010016088	0.220004593	-0.026658791	-0.389729926	-0.143681116	0.019748914	-0.032242506	0.019948719	0.291634104	0.197176884	-0.027101887	-0.012275524	-0.059071852	0.000000000	0.000000000	0.000000594	0.000510121	0.014083582	0.000000040	0.000000085	-0.000000027	0.000284218	0.000601908	-0.000190100	0.017914684	0.037939198	-0.011982308	-0.000000009	-0.000000004	-0.000000010	-0.000000012	0.000000014	-0.000454154	-0.000229240	-0.000485478	-0.000597209	0.000725836	0.000000999	-0.000000435	-0.000000920	0.000000867	-0.000001054	-0.000001891	-0.000000477	0.000000001	0.000071780	0.012531108	0.000000196	0.000000000	-0.000000131	0.000000421	0.001211034	0.035722759	0.000036463	0.000000015	0.000000000	0.000000000	0.000001219	0.002757972	0.000000000	0.000000000	-0.000000000	1.000000000	0.706214736	0.373285587	0.000000000	0.000000000	0.000000000	0.001196330	0.040650354	0.130844193	0.000000136	0.000000044	-0.016013812	0.001076704	0.038800773	0.128618234	-0.007019722	0.010776689	-0.007345766	0.000000000	0.000010271	0.006088515	0.000000001	0.000000007	-0.000000002	0.000000000	0.000000121	0.001169878	0.000000000	0.000000000	-0.000000000		A8: R57*s(0)
0.000633063	0.002725544	0.030334190	0.105994140	0.227035755	0.018610830	0.020592821	-0.012443409	0.113141668	0.125190875	-0.075647785	0.265203767	0.293447077	-0.177318206	-0.006682741	-0.011635490	-0.012874631	-0.001951991	0.019255781	-0.054458749	-0.094819507	-0.104917466	-0.015907090	0.156918501	0.022395683	-0.003096323	-0.003426071	0.003367129	-0.033215681	-0.024497032	0.018006320	0.000015043	0.000084672	0.002670337	0.022033710	0.096265069	0.002335622	0.000589174	-0.000794085	0.037312761	0.009412351	-0.012685925	0.213052303	0.053743625	-0.072435422	-0.000860774	-0.001217833	-0.000307205	0.001677023	0.000903574	-0.020173948	-0.028542316	-0.007199958	0.039304350	0.021177036	0.003093264	-0.002263667	-0.000571023	-0.003790173	-0.002042131	0.003932561	0.003600175	0.031756927	0.104765425	0.386137205	0.548827923	0.557412779	0.011598905	0.169566589	-0.228895637	0.024854016	0.363345568	-0.490475252	0.022938592	0.335343628	-0.452675813	0.070137367	-0.008498811	-0.124245728	-0.045805476	0.006295945	0.189138590	-0.022918640	-0.335051953	-0.123523074	0.016978199	-0.009737640	0.006024763	0.088077148	0.059549886	-0.008185109	-0.003707362	-0.017840439	0.000001006	0.000006927	0.000460321	0.007072188	0.051747881	0.000163884	0.000347068	-0.000109614	0.005211246	0.011036226	-0.003485563	0.056664141	0.120001675	-0.037900037	-0.000146879	-0.000074139	-0.000157010	-0.000193146	0.000234745	-0.007392191	-0.003731310	-0.007902060	-0.009720690	0.011814328	0.000611831	-0.000266075	-0.000563487	0.000530714	-0.000645019	-0.001157699	-0.000292313	0.000071780	0.002917110	0.048130210	0.000562519	0.000000223	-0.000375951	0.001211034	0.017686538	0.114124911	0.007262680	0.000002907	0.000000015	0.000001219	0.000215578	0.013817301	0.000018387	0.000006844	-0.000004659	0.706214736	1.000000000	0.788643577	0.000000000	0.000000000	0.000000000	0.040650354	0.164922091	0.332585401	0.000000981	0.000000319	-0.115451187	0.038800773	0.160127350	0.327917592	-0.052901088	0.081213833	-0.055358171	0.000010271	0.000842419	0.026545815	0.000014247	0.000122849	-0.000032241	0.000000121	0.000049255	0.006811880	0.000001460	0.000002184	-0.000000573		A8: R58*s(0)
0.009941836	0.033339968	0.144047534	0.275782008	0.442456217	0.045841538	0.050723508	-0.030650165	0.166066193	0.183751685	-0.111033715	0.344748085	0.381462599	-0.230502428	-0.006814896	-0.011865588	-0.013129233	-0.001990592	0.019636574	-0.039936218	-0.069533959	-0.076939093	-0.011665141	0.115072995	0.008056112	-0.001113801	-0.001232417	0.001211214	-0.011948251	-0.008812004	0.006477183	0.003016320	0.010390153	0.052060259	0.120490493	0.248760096	0.030800324	0.007769553	-0.010471769	0.134907712	0.034031219	-0.045867127	0.374922464	0.094576271	-0.127469484	-0.005509340	-0.007794673	-0.001966249	0.010733696	0.005783275	-0.039064873	-0.055269397	-0.013942012	0.076109020	0.041007253	0.005548213	-0.004060213	-0.001024211	-0.006798221	-0.003662856	0.007053614	0.006457431	0.034651750	0.113008689	0.418034923	0.656185445	0.808493130	0.004784538	0.069946073	-0.094419255	0.014196854	0.207546506	-0.280164212	0.021716693	0.317480449	-0.428562550	0.010456267	-0.001267026	-0.018522887	-0.006828804	0.000938616	0.050191146	-0.006081852	-0.088911743	-0.032778952	0.004505454	-0.000651553	0.000403122	0.005893311	0.003984529	-0.000547672	-0.000248062	-0.001193718	0.001272738	0.004470490	0.024931105	0.066189704	0.164003553	0.007201442	0.015251006	-0.004816713	0.036171529	0.076603016	-0.024193472	0.124142706	0.262905823	-0.083033344	-0.003550353	-0.001792090	-0.003795236	-0.004668695	0.005674237	-0.028896488	-0.014585901	-0.030889598	-0.037998722	0.046182872	0.003508919	-0.001525972	-0.003231659	0.003043706	-0.003699259	-0.006639535	-0.001676451	0.012531108	0.048130210	0.159037728	0.019788311	0.000007838	-0.013225211	0.035722759	0.114124911	0.280566085	0.054100993	0.000021651	0.000000114	0.002757972	0.013817301	0.070007252	0.006099170	0.002270022	-0.001545292	0.373285587	0.788643577	1.000000000	0.000000000	0.000000000	0.000000000	0.130844193	0.332585401	0.566833092	0.000001068	0.000000348	-0.125695333	0.128618234	0.327917592	0.561589791	-0.059077484	0.090695846	-0.061821441	0.006088515	0.026545815	0.107544930	0.001460951	0.012597139	-0.003306012	0.001169878	0.006811880	0.043973420	0.001727167	0.002583618	-0.000677898		A8: R59*s(0)
-0.000003393	-0.000054611	-0.007334289	-0.039907970	-0.056364568	-0.003847905	-0.005322091	0.003215925	-0.035993500	-0.064491365	0.038969525	-0.007285528	-0.088177853	0.053282312	0.001692385	0.003300222	0.004428730	0.001721785	-0.005461597	0.018285886	0.044169549	0.075974778	0.048151450	-0.073096977	-0.015092583	-0.000432420	0.000134517	-0.008265543	0.022611595	0.019955811	-0.004593411	-0.000000001	-0.000000076	-0.000291622	-0.009833256	-0.041196989	-0.000158447	-0.000042161	0.000056824	-0.017180956	-0.004809599	0.006482356	-0.083369452	-0.027488010	0.037048220	0.000044740	0.000067819	0.000017921	-0.000088349	-0.000050318	0.010340988	0.017061965	0.004741278	-0.020783588	-0.012659163	-0.000713959	0.000449921	0.000121456	0.000869069	0.000500591	-0.000828472	-0.000830150	-0.001288019	-0.004640549	-0.014755304	-0.011894924	-0.005382246	0.146211346	-0.012994783	0.017541482	0.294980235	-0.012982858	0.017525383	0.214742297	-0.003971461	0.005361021	-0.016394271	-0.195638783	0.018835816	0.016923129	0.144929809	-0.021866564	-0.390514133	0.018431528	0.026647662	0.289294065	0.018338654	0.225098051	-0.023213735	-0.033424615	-0.306271836	-0.138286913	0.022815675	-0.000000000	-0.000000000	-0.000008815	-0.001112230	-0.010232739	-0.000001152	-0.000003054	0.000000965	-0.000509189	-0.001747043	0.000551767	-0.001203352	-0.028101439	0.008875256	0.000000683	0.000000308	0.000000791	0.000001071	-0.000000974	0.001195869	0.000459628	0.001513828	0.002243769	-0.001455304	-0.000019075	0.000006124	0.000016948	-0.000020141	0.000017311	0.000032383	0.000018249	-0.000000196	-0.000562519	-0.019788311	-0.000011883	-0.000000005	0.000008366	-0.000036463	-0.007262680	-0.054100993	-0.000973689	-0.000000410	-0.000000002	-0.000000000	-0.000018387	-0.006099170	-0.000000036	-0.000000014	0.000000009	0.000000000	0.000000000	0.000000000	1.000000000	0.000000000	0.000000000	-0.000000136	-0.000000981	-0.000001068	0.012202088	-0.000000000	0.000000914	0.007019722	0.052901088	0.059077484	-0.011487510	0.035064708	-0.023901324	-0.000000001	-0.000014247	-0.001460951	0.000000017	-0.000000113	0.000000030	-0.000000000	-0.000001460	-0.001727167	-0.000000000	-0.000000001	0.000000000		A8: R60*p(0)
-0.000003754	-0.000060427	-0.008115366	-0.044158035	-0.062367205	-0.005322091	-0.004926923	0.003558410	-0.064491365	-0.049068694	0.043119648	-0.088177853	-0.025163000	0.058956699	0.001872618	0.004428730	0.004198118	-0.000419206	-0.006278863	0.020233272	0.075974778	0.059572928	-0.027788088	-0.089099508	-0.016699893	0.000134517	-0.000405148	0.002740026	0.026224539	0.012416028	-0.018231536	-0.000000000	-0.000000019	-0.000073563	-0.002480493	-0.010392169	-0.000042161	-0.000001948	0.000014334	-0.004809599	0.000672171	0.001635210	-0.027488010	0.018665449	0.009345619	0.000011286	0.000017921	0.000001298	-0.000027069	-0.000003817	0.002608572	0.004741278	-0.000537558	-0.007815230	0.001581103	-0.000180100	0.000121456	-0.000000921	0.000276169	0.000020595	-0.000359564	-0.000044931	-0.018829795	-0.067841059	-0.215710581	-0.173894156	-0.078684071	-0.012994783	-0.042872969	0.256442246	-0.012982858	0.106069446	0.256206903	-0.003971461	0.156954421	0.078373780	-0.239670960	0.018835816	0.078437148	-0.044366138	-0.003974672	-0.319671443	0.018431528	-0.122320910	-0.190888871	0.006198408	0.268096257	-0.023213735	-0.112680047	0.127300210	0.003766881	-0.007865353	-0.084929632	-0.000000000	-0.000000000	-0.000018668	-0.002355449	-0.021670598	-0.000003054	-0.000006178	0.000002043	-0.001747043	-0.003384082	0.001168517	-0.028101439	-0.047446417	0.018795760	0.000001446	0.000000791	0.000001609	0.000001852	-0.000002405	0.002532576	0.001513828	0.002950747	0.003135765	-0.004411647	-0.000040396	0.000016948	0.000034014	-0.000033546	0.000044156	0.000074772	0.000014124	-0.000000000	-0.000000223	-0.000007838	-0.000000005	0.000000634	0.000000003	-0.000000015	-0.000002907	-0.000021651	-0.000000410	0.000051988	-0.000000000	-0.000000000	-0.000006844	-0.002270022	-0.000000014	-0.000000004	0.000000004	0.000000000	0.000000000	0.000000000	0.000000000	1.000000000	0.000000000	-0.000000044	-0.000000319	-0.000000348	-0.000000000	0.012202088	0.000000298	-0.010776689	-0.081213833	-0.090695846	0.035064708	-0.042478445	0.036693349	-0.000000007	-0.000122849	-0.012597139	-0.000000113	-0.000000944	0.000000256	-0.000000000	-0.000002184	-0.002583618	-0.000000001	-0.000000001	0.000000000		A8: R60*p(1)
0.000002269	0.000036514	0.004903788	0.026682916	0.037685981	0.003215925	0.003558410	-0.001188250	0.038969525	0.043119648	-0.003764676	0.053282312	0.058956699	0.036780348	-0.002347893	-0.001625780	-0.001798921	-0.000448948	0.004428730	-0.054649110	-0.009275974	-0.010263834	-0.007701690	0.075974778	0.008734076	-0.008573462	-0.009486507	0.001034338	-0.010203421	-0.014080517	0.010349756	0.000000000	0.000000026	0.000099148	0.003343198	0.014006520	0.000056824	0.000014334	-0.000010632	0.006482356	0.001635210	-0.000318510	0.037048220	0.009345619	0.013003468	-0.000020793	-0.000014674	-0.000003702	0.000033261	0.000017921	-0.006518455	-0.001291369	-0.000325755	0.008799761	0.004741278	0.000165434	-0.000342152	-0.000086310	-0.000178426	-0.000096135	0.000346388	0.000317111	0.025418085	0.091577726	0.291184787	0.234737362	0.106214560	0.017541482	0.256442246	-0.199067677	0.017525383	0.256206903	-0.049981918	0.005361021	0.078373780	0.109218255	-0.017559362	-0.015447254	-0.225826332	-0.137037965	0.018835816	-0.247053903	-0.005027929	-0.073504246	-0.134096611	0.018431528	0.193365399	-0.001972651	-0.028838565	0.130345374	-0.017915922	-0.015183364	-0.073064861	0.000000000	0.000000000	0.000005896	0.000743920	0.006844208	0.000000965	0.000002043	-0.000000355	0.000551767	0.001168517	-0.000053297	0.008875256	0.018795760	0.006129745	-0.000000570	-0.000000152	-0.000000321	-0.000000651	0.000000791	-0.001241870	-0.000096572	-0.000204518	-0.001245560	0.001513828	0.000008156	-0.000008753	-0.000018537	0.000006431	-0.000007816	-0.000026249	-0.000006628	0.000000131	0.000375951	0.013225211	0.000008366	0.000000003	-0.000004957	-0.000000000	-0.000000015	-0.000000114	-0.000000002	-0.000000000	0.000051988	0.000000000	0.000004659	0.001545292	0.000000009	0.000000004	-0.000000001	0.000000000	0.000000000	0.000000000	0.000000000	0.000000000	1.000000000	0.016013812	0.115451187	0.125695333	0.000000914	0.000000298	-0.095326330	0.007345766	0.055358171	0.061821441	-0.023901324	0.036693349	-0.013658514	0.000000002	0.000032241	0.003306012	0.000000030	0.000000256	-0.000000037	0.000000000	0.000000573	0.000677898	0.000000000	0.000000000	-0.000000000		A8: R60*p(-1)
0.000000004	0.000000563	0.001379156	0.024525191	0.082845076	0.000604776	0.000669188	0.000404382	0.030463947	0.033708526	0.020369619	0.115751398	0.128079560	0.077396794	-0.000215558	0.000375355	0.000415332	-0.000062972	0.000621153	-0.020519540	0.035731014	0.039536564	-0.005994505	0.059129227	-0.003846180	-0.000531522	-0.000588132	-0.000578317	0.005704461	-0.004206956	0.003092207	0.000000000	0.000000000	0.000015315	0.002588466	0.029629110	0.000004468	0.000001127	0.000001519	0.003966115	0.001000473	0.001348449	0.077114012	0.019452404	0.026218174	-0.000000727	0.000001029	0.000000260	0.000001417	0.000000763	-0.002642565	0.003738788	0.000943128	0.005148467	0.002773970	-0.000035502	-0.000025980	-0.000006554	0.000043501	0.000023438	0.000045134	0.000041319	0.002421041	0.014601604	0.159780742	0.259790650	0.243150202	0.008255614	0.120729971	0.162973694	0.017946500	0.262449344	0.354281032	0.012180386	0.178125775	0.240452435	0.111582399	0.013516129	0.197659675	-0.072870236	0.010012671	0.220008962	0.026649988	0.389729027	-0.143679514	0.019742157	0.032247128	0.019942319	0.291636176	-0.197175693	0.027092753	-0.012271253	-0.059071161	0.000000000	0.000000000	0.000000593	0.000510077	0.014083020	0.000000040	0.000000085	0.000000027	0.000284185	0.000601844	0.000190104	0.017913728	0.037937538	0.011983302	-0.000000009	0.000000004	0.000000010	-0.000000012	0.000000014	-0.000454076	0.000229240	0.000485483	-0.000597143	0.000725744	-0.000000999	-0.000000434	-0.000000920	-0.000000867	0.000001053	-0.000001891	-0.000000477	0.000000421	0.001211233	0.035724933	0.000036474	0.000000014	0.000000000	0.000000001	0.000071776	0.012530838	0.000000196	0.000000000	0.000000131	0.000000000	0.000001219	0.002758113	0.000000000	0.000000000	0.000000000	0.001196330	0.040650354	0.130844193	-0.000000136	-0.000000044	0.016013812	1.000000000	0.706214736	0.373285587	0.000000000	0.000000000	0.000000000	0.001076686	0.038800492	0.128617890	-0.007019753	0.010776503	0.007345645	0.000000000	0.000010269	0.006088097	0.000000001	0.000000007	0.000000002	0.000000000	0.000000121	0.001169817	0.000000000	0.000000000	0.000000000		A9: R61*s(0)
0.000633055	0.002725512	0.030333938	0.105993572	0.227035090	0.018610443	0.020592558	0.012443812	0.113139693	0.125189694	0.075650486	0.265199943	0.293445199	0.177325074	-0.006682144	0.011635728	0.012874997	-0.001952098	0.019255305	-0.054454076	0.094821785	0.104920828	-0.015908019	0.156915189	-0.022395766	-0.003094980	-0.003424612	-0.003367457	0.033216278	-0.024496515	0.018005488	0.000015045	0.000084679	0.002670490	0.022034526	0.096267016	0.002335759	0.000589207	0.000794140	0.037314115	0.009412677	0.012686514	0.213055566	0.053744358	0.072437262	-0.000860819	0.001217915	0.000307225	0.001677120	0.000903624	-0.020174489	0.028543536	0.007200253	0.039305643	0.021177692	-0.003093430	-0.002263734	-0.000571039	0.003790384	0.002042241	0.003932742	0.003600332	0.031756956	0.104765512	0.386137430	0.548828130	0.557412894	0.011595023	0.169565436	0.228896810	0.024845691	0.363343009	0.490477646	0.022930904	0.335341195	0.452677927	0.070138759	0.008496004	0.124245440	-0.045804965	0.006293791	0.189142296	0.022911066	0.335051093	-0.123521665	0.016972386	0.009739029	0.006022826	0.088077710	-0.059549483	0.008182344	-0.003706069	-0.017840217	0.000001006	0.000006926	0.000460277	0.007071757	0.051746157	0.000163864	0.000347031	0.000109616	0.005210826	0.011035441	0.003485757	0.056661528	0.119997295	0.037903456	-0.000146854	0.000074139	0.000157012	-0.000193124	0.000234715	-0.007391230	0.003731462	0.007902458	-0.009720001	0.011813312	-0.000611831	-0.000266010	-0.000563353	-0.000530727	0.000645025	-0.001157564	-0.000292293	0.001211233	0.017688390	0.114130637	0.007263665	0.000002864	0.000000017	0.000071776	0.002917001	0.048129355	0.000562490	0.000000224	0.000375933	0.000001219	0.000215597	0.013817883	0.000018390	0.000006844	0.000004659	0.040650354	0.164922091	0.332585401	-0.000000981	-0.000000319	0.115451187	0.706214736	1.000000000	0.788643577	0.000000000	0.000000000	0.000000000	0.038800492	0.160126614	0.327916870	-0.052901683	0.081212996	0.055357643	0.000010269	0.000842319	0.026544310	0.000014244	0.000122828	0.000032240	0.000000121	0.000049251	0.006811585	0.000001460	0.000002184	0.000000573		A9: R62*s(0)
0.009941795	0.033339836	0.144047034	0.275781228	0.442455347	0.045840849	0.050723152	0.030651334	0.166063805	0.183750516	0.111038020	0.344743471	0.381460552	0.230511594	-0.006814329	0.011865904	0.013129689	-0.001990714	0.019636212	-0.039932923	0.069535860	0.076941812	-0.011665861	0.115070947	-0.008056186	-0.001113324	-0.001231899	-0.001211339	0.011948532	-0.008811866	0.006476919	0.003016404	0.010390439	0.052061508	0.120492844	0.248763472	0.030800925	0.007769691	0.010472079	0.134909743	0.034031674	0.045868280	0.374925531	0.094576886	0.127471812	-0.005509386	0.007794862	0.001966294	0.010733851	0.005783348	-0.039065026	0.055270495	0.013942265	0.076109782	0.041007586	-0.005548301	-0.004060179	-0.001024201	0.006798342	0.003662914	0.007053672	0.006457469	0.034651760	0.113008721	0.418035025	0.656185575	0.808493242	0.004782935	0.069945569	0.094419700	0.014192096	0.207544999	0.280165519	0.021709412	0.317478123	0.428564520	0.010456470	0.001266607	0.018522836	-0.006828724	0.000938295	0.050192118	0.006079840	0.088911494	-0.032778570	0.004503911	0.000651646	0.000402992	0.005893346	-0.003984501	0.000547487	-0.000247976	-0.001193702	0.001272679	0.004470288	0.024930120	0.066187576	0.163999887	0.007201060	0.015250344	0.004817115	0.036169877	0.076600253	0.024195664	0.124138440	0.262899318	0.083041810	-0.003550000	0.001792217	0.003795542	-0.004668506	0.005673921	-0.028893823	0.014587045	0.030892317	-0.037997463	0.046180642	-0.003509137	-0.001525692	-0.003231096	-0.003043968	0.003699521	-0.006639175	-0.001676438	0.035724933	0.114130637	0.280575339	0.054103452	0.000021331	0.000000128	0.012530838	0.048129355	0.159035869	0.019787933	0.000007883	0.013225026	0.002758113	0.013817883	0.070009192	0.006099443	0.002270124	0.001545333	0.130844193	0.332585401	0.566833092	-0.000001068	-0.000000348	0.125695333	0.373285587	0.788643577	1.000000000	0.000000000	0.000000000	0.000000000	0.128617890	0.327916870	0.561588978	-0.059078383	0.090695271	0.061821096	0.006088097	0.026544310	0.107540920	0.001460798	0.012596289	0.003306323	0.001169817	0.006811585	0.043972169	0.001727068	0.002583484	0.000677975		A9: R63*s(0)
-0.000003393	-0.000054609	-0.007334108	-0.039907234	-0.056363737	-0.003847733	-0.005321927	-0.003215970	-0.035991872	-0.064489873	-0.038970382	-0.007283692	-0.088176243	-0.053283744	0.001692152	-0.003300209	-0.004428769	0.001721778	-0.005461328	0.018282382	-0.044169435	-0.075976149	0.048151214	-0.073093490	0.015092251	-0.000433288	0.000133295	0.008265854	-0.022611465	0.019954937	-0.004592749	-0.000000001	-0.000000076	-0.000291647	-0.009833680	-0.041197712	-0.000158463	-0.000042165	-0.000056830	-0.017181736	-0.004809815	-0.006482724	-0.083370235	-0.027488320	-0.037049073	0.000044745	-0.000067827	-0.000017923	-0.000088359	-0.000050324	0.010341342	-0.017062886	-0.004741532	-0.020784472	-0.012659697	0.000714023	0.000449948	0.000121463	-0.000869150	-0.000500637	-0.000828540	-0.000830217	-0.001287590	-0.004639001	-0.014750369	-0.011890941	-0.005380442	0.146212117	-0.012990344	-0.017535698	0.294981005	-0.012978414	-0.017519594	0.214742532	-0.003970100	-0.005359248	-0.016388998	0.195640770	-0.018829466	0.016917392	0.144929553	-0.021859443	0.390516965	-0.018425302	0.026638662	0.289292713	-0.018332883	0.225102339	-0.023206043	0.033413444	0.306272385	-0.138285941	0.022807857	-0.000000000	-0.000000000	-0.000008813	-0.001112128	-0.010232230	-0.000001152	-0.000003054	-0.000000965	-0.000509122	-0.001746853	-0.000551777	-0.001203002	-0.028099936	-0.008875906	0.000000683	-0.000000308	-0.000000791	0.000001070	-0.000000974	0.001195651	-0.000459622	-0.001513842	0.002243516	-0.001455101	0.000019073	0.000006122	0.000016943	0.000020140	-0.000017310	0.000032377	0.000018246	-0.000036474	-0.007263665	-0.054103452	-0.000973912	-0.000000404	-0.000000002	-0.000000196	-0.000562490	-0.019787933	-0.000011882	-0.000000005	-0.000008365	-0.000000000	-0.000018390	-0.006099443	-0.000000036	-0.000000014	-0.000000009	0.000000136	0.000000981	0.000001068	0.012202088	-0.000000000	0.000000914	0.000000000	0.000000000	0.000000000	1.000000000	0.000000000	0.000000000	0.007019753	0.052901683	0.059078383	-0.011488193	0.035064805	0.023901408	-0.000000001	-0.000014244	-0.001460798	0.000000017	-0.000000113	-0.000000030	-0.000000000	-0.000001460	-0.001727068	-0.000000000	-0.000000001	-0.000000000		A9: R64*p(0)
-0.000003754	-0.000060425	-0.008115231	-0.044157574	-0.062366786	-0.005321927	-0.004926804	-0.003558489	-0.064489873	-0.049067803	-0.043120942	-0.088176243	-0.025162259	-0.058958757	0.001872376	-0.004428769	-0.004198183	-0.000419149	-0.006278627	0.020229556	-0.075976149	-0.059574317	-0.027786918	-0.089096850	0.016699659	0.000133295	-0.000406261	-0.002739881	-0.026224719	0.012415637	-0.018230632	-0.000000000	-0.000000019	-0.000073569	-0.002480596	-0.010392334	-0.000042165	-0.000001948	-0.000014336	-0.004809815	0.000672229	-0.001635300	-0.027488320	0.018666010	-0.009345818	0.000011287	-0.000017923	-0.000001298	-0.000027072	-0.000003817	0.002608657	-0.004741532	0.000537611	-0.007815585	0.001581245	0.000180116	0.000121463	-0.000000922	-0.000276195	-0.000020595	-0.000359595	-0.000044932	-0.018829695	-0.067840677	-0.215709171	-0.173892944	-0.078683502	-0.012990344	-0.042870187	-0.256441785	-0.012978414	0.106072345	-0.256206282	-0.003970100	0.156955328	-0.078373563	-0.239672455	-0.018829466	-0.078433484	-0.044367068	-0.003973135	-0.319672171	-0.018425302	0.122325558	-0.190888744	0.006196537	-0.268099804	-0.023206043	-0.112675634	-0.127302106	-0.003765267	-0.007862821	-0.084929187	-0.000000000	-0.000000000	-0.000018665	-0.002355255	-0.021669728	-0.000003054	-0.000006177	-0.000002043	-0.001746853	-0.003383745	-0.001168549	-0.028099936	-0.047444294	-0.018797317	0.000001446	-0.000000791	-0.000001609	0.000001852	-0.000002405	0.002532140	-0.001513842	-0.002950802	0.003135445	-0.004411126	0.000040393	0.000016943	0.000034003	0.000033544	-0.000044153	0.000074758	0.000014122	-0.000000014	-0.000002864	-0.000021331	-0.000000404	0.000052002	-0.000000000	-0.000000000	-0.000000224	-0.000007883	-0.000000005	0.000000634	-0.000000003	-0.000000000	-0.000006844	-0.002270124	-0.000000014	-0.000000004	-0.000000004	0.000000044	0.000000319	0.000000348	-0.000000000	0.012202088	0.000000298	0.000000000	0.000000000	0.000000000	0.000000000	1.000000000	0.000000000	-0.010776503	-0.081212996	-0.090695271	0.035064805	-0.042477562	-0.036692688	-0.000000007	-0.000122828	-0.012596289	-0.000000113	-0.000000943	-0.000000256	-0.000000000	-0.000002184	-0.002583484	-0.000000001	-0.000000001	-0.000000000		A9: R64*p(1)
-0.000002269	-0.000036514	-0.004903927	-0.026683841	-0.037687428	-0.003215970	-0.003558489	-0.001188411	-0.038970382	-0.043120942	-0.003766822	-0.053283744	-0.058958757	0.036777240	0.002347826	-0.001625956	-0.001799129	0.000448987	-0.004428769	0.054648806	-0.009279621	-0.010267952	0.007702441	-0.075976149	0.008734972	0.008572854	0.009485910	0.001034551	-0.010204709	0.014080718	-0.010349644	-0.000000000	-0.000000026	-0.000099158	-0.003343376	-0.014006907	-0.000056830	-0.000014336	-0.000010634	-0.006482724	-0.001635300	-0.000318547	-0.037049073	-0.009345818	0.013003678	0.000020796	-0.000014676	-0.000003702	-0.000033265	-0.000017923	0.006518811	-0.001291497	-0.000325787	-0.008800248	-0.004741532	0.000165452	0.000342183	0.000086317	-0.000178446	-0.000096146	-0.000346421	-0.000317140	-0.025418253	-0.091578301	-0.291186356	-0.234738524	-0.106215058	-0.017535698	-0.256441785	-0.199071008	-0.017519594	-0.256206282	-0.049985029	-0.005359248	-0.078373563	0.109217340	0.017555445	-0.015442319	-0.225828248	0.137037127	-0.018829466	0.247051229	-0.005026467	-0.073506984	0.134095704	-0.018425302	0.193364235	0.001971675	0.028833744	0.130346143	-0.017910097	0.015178145	0.073064310	-0.000000000	-0.000000000	-0.000005896	-0.000743953	-0.006844801	-0.000000965	-0.000002043	-0.000000355	-0.000551777	-0.001168549	-0.000053384	-0.008875906	-0.018797317	0.006128014	0.000000570	-0.000000152	-0.000000321	0.000000650	-0.000000791	0.001241844	-0.000096681	-0.000204750	0.001245590	-0.001513842	0.000008158	0.000008752	0.000018535	0.000006432	-0.000007818	0.000026248	0.000006628	-0.000000000	-0.000000017	-0.000000128	-0.000000002	-0.000000000	0.000052002	-0.000000131	-0.000375933	-0.013225026	-0.000008365	-0.000000003	-0.000004956	-0.000000000	-0.000004659	-0.001545333	-0.000000009	-0.000000004	-0.000000001	-0.016013812	-0.115451187	-0.125695333	0.000000914	0.000000298	-0.095326330	0.000000000	0.000000000	0.000000000	0.000000000	0.000000000	1.000000000	-0.007345645	-0.055357643	-0.061821096	0.023901408	-0.036692688	-0.013658209	-0.000000002	-0.000032240	-0.003306323	-0.000000030	-0.000000256	-0.000000037	-0.000000000	-0.000000573	-0.000677975	-0.000000000	-0.000000000	-0.000000000		A9: R64*p(-1)
0.000000003	0.000000483	0.001282181	0.023648695	0.081479200	0.000905440	0.000069377	0.000000008	0.047781180	0.003661133	0.000000437	0.186421277	0.014284140	0.000001704	-0.000393678	0.000000012	0.000000001	0.000673911	0.000103884	-0.039745642	0.000001251	0.000000096	0.068037843	0.010488091	-0.000000111	-0.004948344	-0.000379156	0.000000141	0.000000022	0.006239136	0.001457039	0.000000000	0.000000000	0.000000044	0.000138809	0.007756253	0.000000004	-0.000000001	0.000000000	0.000154239	-0.000028700	0.000000000	0.024921589	-0.004637288	0.000000023	-0.000000000	0.000000000	-0.000000000	0.000000000	-0.000000000	-0.000127873	0.000000000	-0.000000000	0.000206658	-0.000079666	-0.000000000	-0.000000096	0.000000018	0.000000000	-0.000000000	0.000000108	-0.000000066	0.002504598	0.015001196	0.161748476	0.261360379	0.243818358	0.166682710	-0.120298727	0.000000619	0.359121189	-0.259185982	0.000001334	0.242664314	-0.175136390	0.000000901	-0.120830985	0.000001022	-0.000000738	0.065930082	-0.198629317	-0.235750685	0.000001994	-0.000001439	0.128634737	-0.387541303	-0.000001634	-0.179620447	0.129636187	0.000000665	-0.000002002	-0.085787453	-0.272804428	0.000000000	0.000000001	0.000061663	0.005192524	0.040743174	0.000020967	0.000014536	0.000000001	0.007655505	0.005307542	0.000000200	0.089848401	0.062291661	0.000002346	-0.000006884	0.000000000	0.000000000	0.000004182	0.000011167	-0.008084823	0.000000494	0.000000342	0.004911636	0.013113693	-0.000000012	-0.000194797	-0.000135052	0.000000006	0.000000015	-0.000075069	0.000296659	0.000000000	0.000001219	0.002758147	0.000000000	-0.000000000	-0.000000000	0.000000000	0.000001219	0.002758024	0.000000000	-0.000000000	0.000000000	0.000000000	0.000000029	0.000689132	0.000000000	0.000000000	-0.000000000	0.001076704	0.038800773	0.128618234	0.007019722	-0.010776689	0.007345766	0.001076686	0.038800492	0.128617890	0.007019753	-0.010776503	-0.007345645	1.000000000	0.706214736	0.373285587	0.000000000	0.000000000	0.000000000	0.000004764	0.003532656	0.053091323	0.000122924	0.000206093	0.000000007	0.000000000	0.000002414	0.003555612	0.000000000	0.000000000	0.000000000		A10: R65*s(0)
0.000595915	0.002576485	0.029165397	0.103335910	0.223907774	0.029169324	0.002235038	0.000000267	0.180156131	0.013804086	0.000001647	0.428408778	0.032825925	0.000003915	-0.012944797	0.000000407	0.000000031	0.022159312	0.003415877	-0.107306626	0.000003378	0.000000259	0.183690866	0.028316102	-0.000000674	-0.030111116	-0.002307201	0.000000860	0.000000133	0.037965701	0.008866210	0.000000115	0.000000934	0.000112354	0.002842162	0.031451608	0.000087598	-0.000016300	0.000000000	0.004819184	-0.000896730	0.000000005	0.087849956	-0.016346693	0.000000083	-0.000040997	0.000000000	-0.000000000	0.000066256	-0.000025542	-0.003809064	0.000000012	-0.000000002	0.006155919	-0.002373093	-0.000000001	-0.000281271	0.000052338	0.000000001	-0.000000000	0.000314512	-0.000193658	0.032075410	0.105746343	0.388648753	0.551132773	0.558690202	0.232065151	-0.167486731	0.000000862	0.495918047	-0.357915405	0.000001842	0.456613237	-0.329548224	0.000001696	-0.075150288	0.000000636	-0.000000459	0.041004918	-0.123536610	-0.202086511	0.000001710	-0.000001234	0.110266255	-0.332202088	-0.000000490	-0.053810332	0.038836148	0.000000199	-0.000000600	-0.025700033	-0.081726202	0.000047921	0.000247888	0.005669606	0.035847067	0.125579936	0.004554723	0.003157778	0.000000119	0.054059031	0.037478985	0.000001412	0.234257555	0.162410150	0.000006117	-0.002637382	0.000000161	0.000000112	0.001602244	0.004277869	-0.044558128	0.000002722	0.000001887	0.027069646	0.072273886	-0.000000471	-0.007358300	-0.005101490	0.000000213	0.000000569	-0.002835649	0.011206042	0.000001219	0.000215601	0.013818020	0.000018396	-0.000006830	-0.000004659	0.000001219	0.000215585	0.013817515	0.000018394	-0.000006829	0.000004659	0.000000029	0.000019803	0.004402412	0.000000771	0.000000000	-0.000000000	0.038800773	0.160127350	0.327917592	0.052901088	-0.081213833	0.055358171	0.038800492	0.160126614	0.327916870	0.052901683	-0.081212996	-0.055357643	0.706214736	1.000000000	0.788643577	0.000000000	0.000000000	0.000000000	0.003532656	0.034964022	0.158188410	0.008923223	0.014960520	0.000000520	0.000002414	0.000333807	0.017037067	0.000030357	0.000020310	0.000000001		A10: R66*s(0)
0.009751941	0.032717294	0.141696465	0.272114224	0.438355574	0.073838086	0.005657689	0.000000675	0.268310894	0.020558760	0.000002452	0.559638173	0.042881103	0.000005115	-0.013598724	0.000000428	0.000000033	0.023278724	0.003588435	-0.079936352	0.000002516	0.000000193	0.136837569	0.021093626	-0.000000249	-0.011116563	-0.000851783	0.000000318	0.000000049	0.014016356	0.003273269	0.000636987	0.002272849	0.013811196	0.040934768	0.117412983	0.010071010	-0.001873965	0.000000009	0.056443532	-0.010502738	0.000000053	0.229450187	-0.042694975	0.000000216	-0.002877425	0.000000009	-0.000000002	0.004650275	-0.001792671	-0.026158788	0.000000082	-0.000000015	0.042275839	-0.016297240	-0.000000009	-0.004098395	0.000762609	0.000000011	-0.000000004	0.004582746	-0.002821784	0.034762190	0.113360835	0.419171535	0.657636654	0.809736194	0.095286242	-0.068770261	0.000000354	0.282592693	-0.203953614	0.000001050	0.431941075	-0.311741760	0.000001604	-0.011148839	0.000000094	-0.000000068	0.006083240	-0.018327140	-0.053488355	0.000000452	-0.000000327	0.029185326	-0.087927409	-0.000000033	-0.003585091	0.002587442	0.000000013	-0.000000040	-0.001712254	-0.005444974	0.004364828	0.014910611	0.071359561	0.155730131	0.297349092	0.035791147	0.024813909	0.000000935	0.147822918	0.102485242	0.000003860	0.375314731	0.260204721	0.000009800	-0.009554942	0.000000584	0.000000405	0.005804752	0.015498245	-0.063865632	0.000003901	0.000002705	0.038799207	0.103590919	-0.000000513	-0.008022695	-0.005562113	0.000000232	0.000000620	-0.003091685	0.012217857	0.002758147	0.013818020	0.070009648	0.006101299	-0.002265322	-0.001545355	0.002758024	0.013817515	0.070007967	0.006101073	-0.002265207	0.001545315	0.000689132	0.004402412	0.033002385	0.001998891	0.000000793	-0.000000004	0.128618234	0.327917592	0.561589791	0.059077484	-0.090695846	0.061821441	0.128617890	0.327916870	0.561588978	0.059078383	-0.090695271	-0.061821096	0.373285587	0.788643577	1.000000000	0.000000000	0.000000000	0.000000000	0.053091323	0.158188410	0.347747282	0.036956554	0.061960715	0.000002155	0.003555612	0.017037067	0.080344500	0.006909514	0.004622818	0.000000165		A10: R67*s(0)
-0.000004816	-0.000079490	-0.011285702	-0.063246883	-0.090911987	-0.011076422	-0.000916996	-0.000000109	-0.129012924	-0.011526460	-0.000001375	-0.139295333	-0.016128644	-0.000001924	0.006103480	-0.000000206	-0.000000017	-0.010429710	-0.001730080	0.092565401	-0.000003433	-0.000000303	-0.157784881	-0.028782253	0.000000779	0.031628199	0.002667790	-0.000000992	-0.000000167	-0.039687406	-0.010237252	-0.000000000	-0.000000000	-0.000002388	-0.000868475	-0.015017712	-0.000000623	0.000000119	-0.000000000	-0.001261400	0.000248727	-0.000000001	-0.042712535	0.009175757	-0.000000046	0.000000123	-0.000000000	0.000000000	-0.000000199	0.000000079	0.001092234	-0.000000004	0.000000001	-0.001750870	0.000717608	0.000000000	0.000007616	-0.000001465	-0.000000000	0.000000000	-0.000008430	0.000005404	-0.026193574	-0.094049992	-0.296082477	-0.237526891	-0.107165445	-0.206266377	0.256450826	-0.000001320	-0.054706907	0.254429956	-0.000001309	0.108182464	0.077533781	-0.000000399	0.111662006	-0.000001180	0.000001390	0.076775674	0.229263826	-0.008008207	-0.000000397	0.000001351	0.276328806	0.077105749	0.000000802	-0.014333676	-0.063607025	0.000000758	0.000001342	0.231464268	-0.038140187	-0.000000012	-0.000000589	-0.000813761	-0.015593088	-0.046643446	-0.000460819	-0.000345325	-0.000000013	-0.024399092	-0.019725723	-0.000000743	-0.069067666	-0.072378014	-0.000002726	0.000249731	-0.000000016	-0.000000012	-0.000124525	-0.000415250	0.025475140	-0.000001645	-0.000001315	-0.009210744	-0.043667806	0.000000163	0.002322586	0.001762882	-0.000000058	-0.000000203	0.001393577	-0.003526756	-0.000000000	-0.000018396	-0.006101299	-0.000000036	0.000000014	0.000000009	-0.000000000	-0.000018394	-0.006101073	-0.000000036	0.000000014	-0.000000009	-0.000000000	-0.000000771	-0.001998891	-0.000000000	-0.000000000	0.000000000	-0.007019722	-0.052901088	-0.059077484	-0.011487510	0.035064708	-0.023901324	-0.007019753	-0.052901683	-0.059078383	-0.011488193	0.035064805	0.023901408	0.000000000	0.000000000	0.000000000	1.000000000	0.000000000	0.000000000	-0.000122924	-0.008923223	-0.036956554	-0.000908556	-0.001984510	-0.000000069	-0.000000000	-0.000030357	-0.006909514	-0.000000082	-0.000000057	-0.000000000		A10: R68*p(0)
-0.000000369	-0.000006091	-0.000864743	-0.004846160	-0.006965941	-0.000916996	0.000820964	-0.000000008	-0.011526460	0.020534877	-0.000000105	-0.016128644	0.069962613	-0.000000147	0.000467666	-0.000000017	0.000000013	-0.001040962	0.001436074	0.007092630	-0.000000303	0.000000502	-0.020904978	0.054979141	0.000000060	0.002667790	-0.002984520	-0.000000104	0.000000169	-0.005857907	0.011277927	0.000000000	0.000000000	0.000000444	0.000161602	0.002794423	0.000000119	-0.000000003	0.000000000	0.000248727	0.000029020	0.000000000	0.009175757	0.004892190	0.000000009	-0.000000023	0.000000000	-0.000000000	0.000000041	-0.000000004	-0.000203238	0.000000001	0.000000000	0.000405387	0.000072941	-0.000000000	-0.000001465	0.000000016	0.000000000	-0.000000000	0.000002099	-0.000000145	0.018904502	0.067878032	0.213689500	0.171428594	0.077343754	0.256450826	-0.036021378	0.000000952	0.254429956	0.114196537	0.000000945	0.077533781	0.159653300	0.000000288	-0.080589025	0.000001390	-0.000000257	0.234769840	-0.069146688	0.005779706	0.000001351	0.000000500	0.373665811	0.134576913	-0.000000579	-0.063607025	-0.056559229	0.000001737	-0.000000210	0.299817137	-0.119287705	-0.000000008	-0.000000409	-0.000564178	-0.010810647	-0.032337779	-0.000345325	-0.000202142	-0.000000009	-0.019725723	-0.009622847	-0.000000515	-0.072378014	-0.014850374	-0.000001890	0.000173138	-0.000000012	-0.000000007	-0.000144401	-0.000266143	0.017661848	-0.000001315	-0.000000660	-0.019767392	-0.025262795	0.000000113	0.001762882	0.001002037	-0.000000074	-0.000000128	-0.000039711	-0.002699624	0.000000000	0.000006830	0.002265322	0.000000014	-0.000000004	-0.000000004	0.000000000	0.000006829	0.002265207	0.000000014	-0.000000004	0.000000004	-0.000000000	-0.000000000	-0.000000793	-0.000000000	0.000000000	0.000000000	0.010776689	0.081213833	0.090695846	0.035064708	-0.042478445	0.036693349	0.010776503	0.081212996	0.090695271	0.035064805	-0.042477562	-0.036692688	0.000000000	0.000000000	0.000000000	0.000000000	1.000000000	0.000000000	-0.000206093	-0.014960520	-0.061960715	-0.001984510	-0.003052088	-0.000000116	-0.000000000	-0.000020310	-0.004622818	-0.000000057	-0.000000035	-0.000000000		A10: R68*p(1)
-0.000000000	-0.000000001	-0.000000103	-0.000000578	-0.000000831	-0.000000109	-0.000000008	0.000891227	-0.000001375	-0.000000105	0.021418068	-0.000001924	-0.000000147	0.071198436	0.000000081	0.001577902	0.000120903	-0.000000110	-0.000000017	0.000001757	0.057522238	0.004407521	-0.000001968	-0.000000303	-0.007811262	0.000000608	0.000000047	0.009966575	0.001536356	-0.000000474	-0.000000111	-0.000000000	-0.000000000	-0.000000000	-0.000000001	-0.000000014	-0.000000000	0.000000000	0.000000019	-0.000000001	0.000000000	0.000075302	-0.000000046	0.000000009	0.006599570	0.000000000	0.000000011	-0.000000002	-0.000000000	0.000000000	0.000000001	0.000213875	-0.000039797	-0.000000002	0.000000001	-0.000000628	0.000000000	-0.000000000	0.000000757	-0.000000292	-0.000000000	0.000000000	-0.000000097	-0.000000349	-0.000001100	-0.000000882	-0.000000398	-0.000001320	0.000000952	0.149065053	-0.000001309	0.000000945	0.297824460	-0.000000399	0.000000288	0.215611205	0.000001708	0.201033254	-0.145090301	-0.000000461	0.000001390	0.000002524	0.397035098	-0.286549317	-0.000000448	0.000001351	-0.250989109	0.000002830	-0.000002042	0.102076066	-0.307527286	0.000000395	0.000001257	-0.000000000	-0.000000000	-0.000000021	-0.000000407	-0.000001218	-0.000000013	-0.000000009	0.000037271	-0.000000743	-0.000000515	0.004052946	-0.000002726	-0.000001890	0.035329114	0.000000008	0.000041879	0.000029034	-0.000000004	-0.000000012	0.000001102	0.009650698	0.006690803	-0.000000492	-0.000001315	-0.000539291	0.000000105	0.000000073	0.000244198	0.000651990	0.000000029	-0.000000113	0.000000000	0.000004659	0.001545355	0.000000009	-0.000000004	-0.000000001	-0.000000000	-0.000004659	-0.001545315	-0.000000009	0.000000004	-0.000000001	0.000000000	0.000000000	0.000000004	0.000000000	0.000000000	0.000000000	-0.007345766	-0.055358171	-0.061821441	-0.023901324	0.036693349	-0.013658514	0.007345645	0.055357643	0.061821096	0.023901408	-0.036692688	-0.013658209	0.000000000	0.000000000	0.000000000	0.000000000	0.000000000	1.000000000	-0.000000007	-0.000000520	-0.000002155	-0.000000069	-0.000000116	0.000275108	-0.000000000	-0.000000001	-0.000000165	-0.000000000	-0.000000000	0.000000003		A10: R68*p(-1)
0.000000008	0.000000923	0.001744736	0.027578841	0.087406851	0.000570551	-0.001166939	-0.000000032	0.024734092	-0.050588213	-0.000001387	0.086288509	-0.176484407	-0.000004838	-0.000587561	-0.000000022	0.000000045	-0.000624998	-0.000803157	-0.046269164	-0.000001734	0.000003546	-0.049217244	-0.063246894	0.000000402	-0.002926927	0.005986393	0.000000319	0.000000410	-0.008419856	0.001764187	0.000000000	0.000000000	0.000000046	0.000142628	0.007853371	0.000000003	-0.000000003	-0.000000000	0.000102217	-0.000125476	-0.000000003	0.016195037	-0.019880128	-0.000000504	-0.000000000	-0.000000000	0.000000000	-0.000000000	-0.000000001	-0.000132037	-0.000000006	0.000000007	-0.000046240	-0.000223972	0.000000000	-0.000000066	0.000000081	0.000000000	0.000000000	-0.000000119	-0.000000062	0.000000000	0.000000000	0.000029869	0.003614393	0.034519967	-0.000001361	-0.000010682	-0.000000000	-0.000789213	-0.006192006	-0.000000157	-0.012046209	-0.094512126	-0.000002394	-0.000002568	0.000000000	0.000000000	-0.000004306	0.000001116	-0.005427772	0.000000060	0.000000469	-0.009100611	0.002358178	0.000000007	0.000014105	0.000110666	0.000000009	-0.000000002	0.000053464	0.000133733	0.002630224	0.015597145	0.164629699	0.263641226	0.244785310	0.178578075	-0.109202065	-0.000002967	0.379816491	-0.232261128	-0.000006311	0.255020143	-0.155947062	-0.000004237	-0.122779617	-0.000005144	0.000003145	0.096901845	-0.189300120	-0.235940609	-0.000009884	0.000006044	0.186212344	-0.363770361	0.000007738	-0.190120164	0.116260154	-0.000004552	0.000008892	-0.021763798	-0.286873673	0.000000000	0.000000121	0.001169800	0.000000000	-0.000000000	-0.000000000	0.000000000	0.000000121	0.001169885	0.000000000	-0.000000000	0.000000000	0.000000000	0.000002414	0.003555514	0.000000000	-0.000000000	-0.000000000	0.000000000	0.000010271	0.006088515	-0.000000001	-0.000000007	0.000000002	0.000000000	0.000010269	0.006088097	-0.000000001	-0.000000007	-0.000000002	0.000004764	0.003532656	0.053091323	-0.000122924	-0.000206093	-0.000000007	1.000000000	0.706214736	0.373285587	0.000000000	0.000000000	0.000000000	0.000595170	0.029854326	0.116773937	0.009525760	0.000003791	0.000000011		A11: R69*s(0)
0.000769304	0.003267346	0.034429970	0.115036824	0.237418736	0.015144310	-0.030974398	-0.000000849	0.087489004	-0.178939759	-0.000004905	0.195775250	-0.400415758	-0.000010977	-0.015060507	-0.000000564	0.000001154	-0.016020101	-0.020586720	-0.116155876	-0.000004353	0.000008903	-0.123556847	-0.158777417	0.000002031	-0.014784525	0.030238534	0.000001610	0.000002069	-0.042530471	0.008911282	0.000000120	0.000000974	0.000115709	0.002896731	0.031780025	0.000058070	-0.000071284	-0.000000002	0.003158492	-0.003877189	-0.000000098	0.056959521	-0.069920346	-0.000001774	-0.000042341	-0.000000002	0.000000002	-0.000014828	-0.000071822	-0.003883922	-0.000000167	0.000000205	-0.001360169	-0.006588208	0.000000014	-0.000185707	0.000227964	0.000000004	0.000000018	-0.000336696	-0.000175290	0.000026225	0.000141728	0.003831938	0.027827735	0.109357787	-0.000467019	-0.003664133	-0.000000093	-0.006471063	-0.050770651	-0.000001286	-0.032369491	-0.253964490	-0.000006433	-0.001769565	0.000000019	0.000000153	-0.002966985	0.000768814	-0.035447135	0.000000390	0.000003061	-0.059433336	0.015400546	0.000000401	0.000823204	0.006458692	0.000000501	-0.000000130	0.003120301	0.007804978	0.032540367	0.107177260	0.392299759	0.554473934	0.560537686	0.245501427	-0.150126284	-0.000004079	0.522579652	-0.319562057	-0.000008683	0.479516186	-0.293228369	-0.000007967	-0.075200803	-0.000003150	0.000001926	0.059351029	-0.115943684	-0.201402040	-0.000008437	0.000005159	0.158953332	-0.310519215	0.000002291	-0.056294347	0.034424489	-0.000001348	0.000002633	-0.006444234	-0.084942943	0.000000121	0.000049249	0.006811506	0.000001461	-0.000002182	-0.000000573	0.000000121	0.000049256	0.006811910	0.000001462	-0.000002183	0.000000573	0.000002414	0.000333792	0.017036682	0.000030371	-0.000020285	-0.000000001	0.000010271	0.000842419	0.026545815	-0.000014247	-0.000122849	0.000032241	0.000010269	0.000842319	0.026544310	-0.000014244	-0.000122828	-0.000032240	0.003532656	0.034964022	0.158188410	-0.008923223	-0.014960520	-0.000000520	0.706214736	1.000000000	0.788643577	0.000000000	0.000000000	0.000000000	0.029854326	0.135619223	0.302832598	0.092084138	0.000036648	0.000000103		A11: R70*s(0)
0.010579461	0.035428861	0.151894565	0.287944291	0.455936779	0.034157880	-0.069862526	-0.000001915	0.122519892	-0.250587832	-0.000006870	0.250509753	-0.512363298	-0.000014046	-0.013956254	-0.000000523	0.000001070	-0.014845488	-0.019077278	-0.080977100	-0.000003034	0.000006206	-0.086136625	-0.110690352	0.000000672	-0.004891043	0.010003566	0.000000533	0.000000684	-0.014070007	0.002948046	0.000646252	0.002305150	0.013982427	0.041347207	0.118234429	0.006543815	-0.008032825	-0.000000204	0.036591503	-0.044917698	-0.000001139	0.148224748	-0.181952474	-0.000004615	-0.002906384	-0.000000125	0.000000154	-0.001017830	-0.004930033	-0.026361151	-0.000001134	0.000001392	-0.009231806	-0.044715820	0.000000202	-0.002653808	0.003257668	0.000000053	0.000000256	-0.004811485	-0.002504950	0.003601328	0.012355825	0.060561682	0.136269863	0.270987935	-0.004805295	-0.037701374	-0.000000955	-0.020462832	-0.160547247	-0.000004067	-0.054455553	-0.427247271	-0.000010823	-0.008620227	0.000000095	0.000000744	-0.014453321	0.003745188	-0.059415889	0.000000654	0.000005130	-0.099621153	0.025814135	0.000000566	0.001162888	0.009123782	0.000000707	-0.000000183	0.004407850	0.011025593	0.034922090	0.113870640	0.420816225	0.659735273	0.811532335	0.100134922	-0.061233386	-0.000001664	0.296754316	-0.181467877	-0.000004931	0.453078210	-0.277061314	-0.000007528	-0.011077765	-0.000000464	0.000000284	0.008742948	-0.017079563	-0.053108399	-0.000002225	0.000001361	0.041914953	-0.081881884	0.000000152	-0.003727472	0.002279382	-0.000000089	0.000000174	-0.000426698	-0.005624410	0.001169800	0.006811506	0.043971832	0.001729099	-0.002582081	-0.000677960	0.001169885	0.006811910	0.043973548	0.001729233	-0.002582251	0.000677907	0.003555514	0.017036682	0.080343306	0.006913031	-0.004617208	-0.000000180	0.006088515	0.026545815	0.107544930	-0.001460951	-0.012597139	0.003306012	0.006088097	0.026544310	0.107540920	-0.001460798	-0.012596289	-0.003306323	0.053091323	0.158188410	0.347747282	-0.036956554	-0.061960715	-0.000002155	0.373285587	0.788643577	1.000000000	0.000000000	0.000000000	0.000000000	0.116773937	0.302832598	0.532960350	0.118654183	0.000047222	0.000000133		A11: R71*s(0)
-0.000003802	-0.000056425	-0.006332484	-0.031332035	-0.041814182	-0.001825907	0.006251348	0.000000171	-0.007553689	0.067304028	0.000001845	0.034676293	0.085413033	0.000002342	0.003581696	0.000000100	-0.000000318	0.005391312	0.003665329	0.044586345	0.000000651	-0.000004728	0.095253066	0.023729629	-0.000001137	0.004136821	-0.016928565	-0.000001358	-0.000000802	0.018558210	-0.018606057	-0.000000000	-0.000000000	-0.000001606	-0.000571211	-0.009748224	-0.000000259	0.000000343	0.000000000	-0.000488986	0.000695495	0.000000018	-0.013859422	0.025216946	0.000000640	0.000000084	0.000000000	-0.000000000	0.000000039	0.000000141	0.000720743	0.000000030	-0.000000042	0.000422693	0.001187424	-0.000000000	0.000003139	-0.000004185	-0.000000000	-0.000000000	0.000006361	0.000002397	0.000000000	0.000000029	0.000069261	0.001780865	0.006347690	0.000011521	-0.000046654	-0.000000001	0.002234809	-0.003819996	-0.000000097	0.027627459	-0.017651262	-0.000000447	-0.000018142	-0.000000000	0.000000002	-0.000035942	-0.000013433	-0.002901347	-0.000000161	0.000000301	-0.006842975	-0.006374284	0.000000016	-0.000080193	0.000265502	0.000000025	0.000000012	-0.000285441	0.000466193	-0.028369317	-0.101362133	-0.314550568	-0.250577734	-0.112581617	-0.244937431	0.242697829	0.000006594	-0.089132364	0.238366642	0.000006477	0.098341366	0.072240057	0.000001963	0.116736619	0.000006517	-0.000006167	0.024787900	0.239834108	-0.010936309	0.000002720	-0.000005928	0.237127851	0.100104843	-0.000003891	-0.007564649	-0.058463609	-0.000002006	-0.000006670	0.210208868	0.015185720	-0.000000000	-0.000001461	-0.001729099	-0.000000000	0.000000001	0.000000000	-0.000000000	-0.000001462	-0.001729233	-0.000000000	0.000000001	-0.000000000	-0.000000000	-0.000030371	-0.006913031	-0.000000083	0.000000057	0.000000000	0.000000001	0.000014247	0.001460951	0.000000017	-0.000000113	0.000000030	0.000000001	0.000014244	0.001460798	0.000000017	-0.000000113	-0.000000030	0.000122924	0.008923223	0.036956554	-0.000908556	-0.001984510	-0.000000069	0.000000000	0.000000000	0.000000000	1.000000000	0.000000000	0.000000000	-0.009525760	-0.092084138	-0.118654183	-0.066324355	-0.000029406	-0.000000083		A11: R72*p(0)
0.000007775	0.000115406	0.012951720	0.064082874	0.085521829	0.006251348	-0.011555211	-0.000000351	0.067304028	-0.112302508	-0.000003774	0.085413033	-0.098256529	-0.000004789	-0.007325581	-0.000000318	0.000000595	-0.007019140	-0.010615269	-0.091191685	-0.000004728	0.000008009	-0.073618545	-0.142849502	0.000002325	-0.016928565	0.030483642	0.000001620	0.000002543	-0.045442978	0.002325650	0.000000000	0.000000000	0.000001971	0.000701186	0.011966379	0.000000343	-0.000000401	-0.000000000	0.000695495	-0.000776163	-0.000000022	0.025216946	-0.024271753	-0.000000785	-0.000000103	-0.000000000	0.000000000	-0.000000029	-0.000000177	-0.000884744	-0.000000042	0.000000048	-0.000171122	-0.001529410	0.000000000	-0.000004185	0.000004868	0.000000000	0.000000000	-0.000007043	-0.000004412	0.000000004	0.000000231	0.000543409	0.013972304	0.049802694	-0.000046654	-0.000348570	-0.000000009	-0.003819996	-0.027249221	-0.000000759	-0.017651262	-0.108611005	-0.000003508	-0.000142340	0.000000002	0.000000013	-0.000237954	0.000064558	-0.022763385	0.000000301	0.000002159	-0.037914650	0.010863008	0.000000129	0.000265502	0.001969041	0.000000161	-0.000000044	0.001004006	0.002360953	0.017348087	0.061983836	0.192350441	0.153230490	0.068844650	0.242697829	0.003534333	-0.000004033	0.238366642	0.154905170	-0.000003961	0.072240057	0.172300060	-0.000001200	-0.071385470	-0.000006167	0.000000202	0.247539713	-0.012186930	0.006687649	-0.000005928	-0.000003349	0.368382151	0.201585878	0.000002379	-0.058463609	-0.067419144	-0.000008424	-0.000000861	0.338477981	-0.044717074	0.000000000	0.000002182	0.002582081	0.000000001	-0.000000001	-0.000000000	0.000000000	0.000002183	0.002582251	0.000000001	-0.000000001	0.000000000	0.000000000	0.000020285	0.004617208	0.000000057	-0.000000035	-0.000000000	0.000000007	0.000122849	0.012597139	-0.000000113	-0.000000944	0.000000256	0.000000007	0.000122828	0.012596289	-0.000000113	-0.000000943	-0.000000256	0.000206093	0.014960520	0.061960715	-0.001984510	-0.003052088	-0.000000116	0.000000000	0.000000000	0.000000000	0.000000000	1.000000000	0.000000000	-0.000003791	-0.000036648	-0.000047222	-0.000029406	0.007563670	-0.000000000		A11: R72*p(1)
0.000000000	0.000000003	0.000000355	0.000001757	0.000002344	0.000000171	-0.000000351	0.001230564	0.000001845	-0.000003774	0.025353265	0.000002342	-0.000004789	0.076437282	-0.000000296	0.000979722	-0.002003809	-0.000000247	-0.000000318	-0.000005377	0.029629378	-0.060600458	-0.000003679	-0.000004728	-0.010141037	-0.000000912	0.000001865	-0.008040291	-0.010332221	-0.000001593	0.000000334	0.000000000	0.000000000	0.000000000	0.000000018	0.000000304	0.000000000	-0.000000000	0.000000020	0.000000018	-0.000000022	0.000077588	0.000000640	-0.000000785	0.006683170	-0.000000000	0.000000008	-0.000000009	-0.000000000	-0.000000000	-0.000000030	0.000141645	-0.000173876	-0.000000009	-0.000000042	-0.000000662	-0.000000000	0.000000000	-0.000000173	-0.000000837	-0.000000000	-0.000000000	0.000000000	0.000000000	0.000000014	0.000000354	0.000001262	-0.000000001	-0.000000009	0.000017467	-0.000000097	-0.000000759	0.002721693	-0.000000447	-0.000003508	0.029877231	-0.000000005	-0.000002807	-0.000022019	-0.000000007	0.000000002	-0.000000923	-0.001005248	-0.007886973	-0.000001160	0.000000301	-0.000279323	0.000000010	0.000000081	-0.000349075	0.000090453	0.000000028	0.000000071	0.000000471	0.000001684	0.000005226	0.000004163	0.000001871	0.000006594	-0.000004033	0.151946192	0.000006477	-0.000003961	0.300668470	0.000001963	-0.000001200	0.216475490	-0.000008121	0.214794726	-0.131348866	0.000003157	-0.000006167	-0.000011899	0.419771487	-0.256693959	0.000003035	-0.000005928	-0.252714239	-0.000014065	0.000008601	0.148661747	-0.290414352	-0.000000467	-0.000006162	0.000000000	0.000000573	0.000677960	0.000000000	-0.000000000	-0.000000000	-0.000000000	-0.000000573	-0.000677907	-0.000000000	0.000000000	-0.000000000	0.000000000	0.000000001	0.000000180	0.000000000	-0.000000000	0.000000003	-0.000000002	-0.000032241	-0.003306012	0.000000030	0.000000256	-0.000000037	0.000000002	0.000032240	0.003306323	-0.000000030	-0.000000256	-0.000000037	0.000000007	0.000000520	0.000002155	-0.000000069	-0.000000116	0.000275108	0.000000000	0.000000000	0.000000000	0.000000000	0.000000000	1.000000000	-0.000000011	-0.000000103	-0.000000133	-0.000000083	-0.000000000	0.007563681		A11: R72*p(-1)
0.000000008	0.000000923	0.001744764	0.027579064	0.087407173	-0.000569630	-0.001167416	-0.000000033	-0.024693890	-0.050608379	-0.000001442	-0.086147752	-0.176553719	-0.000005031	-0.000587573	0.000000023	0.000000047	-0.000626293	0.000802174	-0.046269531	0.000001800	0.000003689	-0.049318598	0.063168699	0.000000418	0.002922190	0.005988821	0.000000332	-0.000000425	0.008415734	0.001784383	0.000000000	0.000000000	0.000029869	0.003614369	0.034519863	0.000001370	-0.000010681	-0.000000000	0.000794149	-0.006191329	-0.000000162	0.012121602	-0.094502244	-0.000002469	-0.000002568	-0.000000000	0.000000000	-0.000004304	-0.000001123	-0.005427733	-0.000000062	0.000000483	-0.009096769	-0.002372683	0.000000007	-0.000014193	0.000110653	0.000000009	0.000000002	-0.000053784	0.000133603	0.000000000	0.000000000	0.000000046	0.000142631	0.007853449	-0.000000003	-0.000000003	-0.000000000	-0.000102119	-0.000125560	-0.000000003	-0.016179333	-0.019893212	-0.000000519	-0.000000000	0.000000000	0.000000000	-0.000000000	0.000000001	-0.000132041	0.000000006	0.000000007	-0.000046598	0.000223904	0.000000000	0.000000066	0.000000081	0.000000000	-0.000000000	0.000000119	-0.000000062	0.002630222	0.015597138	0.164629663	0.263641198	0.244785298	-0.178491062	-0.109344140	-0.000003367	-0.379631484	-0.232563344	-0.000007162	-0.254895944	-0.156149992	-0.000004809	-0.122779593	0.000005834	0.000003574	0.096600367	0.189454096	-0.235940606	0.000011211	0.000006868	0.185633040	0.364066318	0.000008781	0.190027556	0.116411429	-0.000005149	-0.000010099	0.022448722	-0.286820867	0.000000000	0.000010269	0.006087980	0.000000001	-0.000000007	-0.000000002	0.000000000	0.000010271	0.006088580	0.000000001	-0.000000007	0.000000002	0.000004763	0.003532506	0.053090492	0.000123080	-0.000205979	-0.000000008	0.000000000	0.000000121	0.001169878	-0.000000000	-0.000000000	0.000000000	0.000000000	0.000000121	0.001169817	-0.000000000	-0.000000000	-0.000000000	0.000000000	0.000002414	0.003555612	-0.000000000	-0.000000000	-0.000000000	0.000595170	0.029854326	0.116773937	-0.009525760	-0.000003791	-0.000000011	1.000000000	0.706214736	0.373285587	0.000000000	0.000000000	0.000000000		A12: R73*s(0)
0.000769314	0.003267387	0.034430271	0.115037473	0.237419467	-0.015119697	-0.030986750	-0.000000883	-0.087346509	-0.179010488	-0.000005101	-0.195455761	-0.400572748	-0.000011415	-0.015060626	0.000000586	0.000001201	-0.016053090	0.020561267	-0.116156352	0.000004519	0.000009262	-0.123810816	0.158580505	0.000002112	0.014760452	0.030250502	0.000001678	-0.000002149	0.042509236	0.009013209	0.000026224	0.000141726	0.003831911	0.027827607	0.109357513	0.000469939	-0.003663732	-0.000000096	0.006511549	-0.050765238	-0.000001326	0.032572097	-0.253938075	-0.000006635	-0.001769552	-0.000000020	0.000000158	-0.002965733	-0.000773543	-0.035446986	-0.000000405	0.000003156	-0.059408429	-0.015495325	0.000000413	-0.000828353	0.006457995	0.000000516	0.000000135	-0.003138960	0.007797439	0.000000120	0.000000974	0.000115711	0.002896775	0.031780287	-0.000058015	-0.000071332	-0.000000002	-0.003155450	-0.003879767	-0.000000101	-0.056904185	-0.069966237	-0.000001826	-0.000042342	0.000000002	0.000000002	-0.000014943	0.000071800	-0.003883982	0.000000172	0.000000211	-0.001370691	0.006586133	0.000000015	0.000185529	0.000228117	0.000000004	-0.000000018	0.000337122	-0.000174488	0.032540362	0.107177243	0.392299713	0.554473892	0.560537664	-0.245381844	-0.150321626	-0.000004629	-0.522325130	-0.319977883	-0.000009854	-0.479282658	-0.293609941	-0.000009042	-0.075200802	0.000003573	0.000002189	0.059166388	0.116038013	-0.201402048	0.000009570	0.000005863	0.158458839	0.310771864	0.000002600	0.056266934	0.034469287	-0.000001525	-0.000002990	0.006647040	-0.084927319	0.000010269	0.000842292	0.026543891	0.000014341	-0.000122811	-0.000032239	0.000010271	0.000842434	0.026546047	0.000014346	-0.000122841	0.000032242	0.003532506	0.034963081	0.158186370	0.008934854	-0.014952882	-0.000000597	0.000000121	0.000049255	0.006811880	-0.000001460	-0.000002184	0.000000573	0.000000121	0.000049251	0.006811585	-0.000001460	-0.000002184	-0.000000573	0.000002414	0.000333807	0.017037067	-0.000030357	-0.000020310	-0.000000001	0.029854326	0.135619223	0.302832598	-0.092084138	-0.000036648	-0.000000103	0.706214736	1.000000000	0.788643577	0.000000000	0.000000000	0.000000000		A12: R74*s(0)
0.010579506	0.035429009	0.151895120	0.287945147	0.455937722	-0.034102159	-0.069889962	-0.000001992	-0.122319945	-0.250686069	-0.000007144	-0.250100670	-0.512563622	-0.000014607	-0.013956272	0.000000543	0.000001113	-0.014875961	0.019053565	-0.080977150	0.000003150	0.000006457	-0.086313377	0.110552691	0.000000699	0.004883051	0.010007468	0.000000555	-0.000000711	0.014062901	0.002981749	0.003601316	0.012355782	0.060561502	0.136269533	0.270987479	0.004835370	-0.037697433	-0.000000985	0.020590913	-0.160530554	-0.000004194	0.054796448	-0.427203211	-0.000011162	-0.008620210	-0.000000098	0.000000768	-0.014447297	-0.003768246	-0.059415808	-0.000000679	0.000005291	-0.099579688	-0.025973076	0.000000584	-0.001170167	0.009122841	0.000000729	0.000000190	-0.004434229	0.011014996	0.000646259	0.002305176	0.013982564	0.041347536	0.118235084	-0.006537469	-0.008038110	-0.000000210	-0.036555951	-0.044947175	-0.000001173	-0.148080318	-0.182071365	-0.000004751	-0.002906407	0.000000129	0.000000158	-0.001025696	0.004928443	-0.026361312	0.000001166	0.000001434	-0.009303137	0.044701319	0.000000208	0.002651227	0.003259802	0.000000055	-0.000000263	0.004817491	-0.002493453	0.034922088	0.113870634	0.420816205	0.659735247	0.811532313	-0.100086154	-0.061313067	-0.000001888	-0.296609795	-0.181704017	-0.000005596	-0.452857564	-0.277421852	-0.000008543	-0.011077766	0.000000526	0.000000322	0.008715750	0.017093460	-0.053108404	0.000002524	0.000001546	0.041784560	0.081948510	0.000000172	0.003725657	0.002282349	-0.000000101	-0.000000198	0.000440127	-0.005623375	0.006087980	0.026543891	0.107539803	0.001470789	-0.012594927	-0.003306246	0.006088580	0.026546047	0.107545548	0.001471001	-0.012596079	0.003306059	0.053090492	0.158186370	0.347744333	0.037005587	-0.061930518	-0.000002474	0.001169878	0.006811880	0.043973420	-0.001727167	-0.002583618	0.000677898	0.001169817	0.006811585	0.043972169	-0.001727068	-0.002583484	-0.000677975	0.003555612	0.017037067	0.080344500	-0.006909514	-0.004622818	-0.000000165	0.116773937	0.302832598	0.532960350	-0.118654183	-0.000047222	-0.000000133	0.373285587	0.788643577	1.000000000	0.000000000	0.000000000	0.000000000		A12: R75*s(0)
0.000003795	0.000056335	0.006322218	0.031281037	0.041745959	-0.001815951	-0.006243659	-0.000000178	-0.007446229	-0.067220702	-0.000001916	0.034812880	-0.085306850	-0.000002431	-0.003575897	0.000000104	0.000000330	-0.005391624	0.003648293	-0.044513701	0.000000669	0.000004911	-0.095232446	0.023463418	0.000001180	0.004109828	0.016907679	0.000001413	-0.000000830	0.018477459	0.018648757	-0.000000000	-0.000000030	-0.000069694	-0.001792005	-0.006387420	0.000011446	0.000046941	0.000000001	0.002228676	0.003843498	0.000000100	0.027599111	0.017759936	0.000000464	0.000018256	-0.000000000	-0.000000002	0.000036153	-0.000013324	0.002919497	-0.000000166	-0.000000312	0.006883341	-0.006354587	-0.000000017	-0.000079767	-0.000267134	-0.000000026	0.000000012	-0.000283514	-0.000468752	0.000000000	0.000000000	0.000001604	0.000570662	0.009738762	-0.000000259	-0.000000343	-0.000000000	-0.000487888	-0.000695280	-0.000000018	-0.013819313	-0.025208800	-0.000000658	-0.000000084	0.000000000	0.000000000	-0.000000039	0.000000141	-0.000720053	0.000000031	0.000000044	-0.000424456	0.001185554	0.000000000	0.000003133	0.000004184	0.000000000	-0.000000000	0.000006361	-0.000002378	0.028355490	0.101312736	0.314397334	0.250455687	0.112526789	-0.244550928	-0.242895259	-0.000007480	-0.088752808	-0.238560578	-0.000007346	0.098456388	-0.072298837	-0.000002226	-0.116679774	0.000007384	0.000007005	-0.025366617	0.239784260	0.010930951	0.000003076	0.000006733	-0.237580247	0.099887235	0.000004414	-0.007657719	0.058511190	0.000002297	-0.000007567	0.210513765	-0.014647555	-0.000000001	-0.000014341	-0.001470789	0.000000017	0.000000114	0.000000030	-0.000000001	-0.000014346	-0.001471001	0.000000017	0.000000114	-0.000000030	-0.000123080	-0.008934854	-0.037005587	-0.000911675	0.001986104	0.000000079	0.000000000	0.000001460	0.001727167	-0.000000000	-0.000000001	0.000000000	0.000000000	0.000001460	0.001727068	-0.000000000	-0.000000001	-0.000000000	0.000000000	0.000030357	0.006909514	-0.000000082	-0.000000057	-0.000000000	0.009525760	0.092084138	0.118654183	-0.066324355	-0.000029406	-0.000000083	0.000000000	0.000000000	0.000000000	1.000000000	0.000000000	0.000000000		A12: R76*p(0)
0.000007779	0.000115454	0.012956938	0.064108271	0.085555388	-0.006243659	-0.011565353	-0.000000365	-0.067220702	-0.112410581	-0.000003926	-0.085306850	-0.098392783	-0.000004982	-0.007328548	0.000000330	0.000000619	-0.007040498	0.010607121	-0.091227680	0.000004911	0.000008337	-0.073922960	0.142751227	0.000002419	0.016907679	0.030510974	0.000001690	-0.000002642	0.045452514	0.002449420	0.000000004	0.000000231	0.000543348	0.013970802	0.049797500	0.000046941	-0.000348491	-0.000000010	0.003843498	-0.027242947	-0.000000783	0.017759936	-0.108582593	-0.000003618	-0.000142323	-0.000000002	0.000000013	-0.000237818	-0.000064948	-0.022760936	-0.000000312	0.000002226	-0.037891572	-0.010928523	0.000000133	-0.000267134	0.001968595	0.000000166	0.000000046	-0.001009872	0.002358145	0.000000000	0.000000000	0.000001972	0.000701655	0.011974243	-0.000000343	-0.000000402	-0.000000000	-0.000695280	-0.000777288	-0.000000022	-0.025208800	-0.024312110	-0.000000809	-0.000000103	0.000000000	0.000000000	-0.000000029	0.000000177	-0.000885337	0.000000044	0.000000049	-0.000173901	0.001530114	0.000000000	0.000004184	0.000004874	0.000000000	-0.000000000	0.000007059	-0.000004397	0.017370655	0.062064475	0.192600715	0.153429877	0.068934236	-0.242895259	0.003147818	-0.000004582	-0.238560578	0.154525535	-0.000004500	-0.072298837	0.172185004	-0.000001364	-0.071478367	0.000007005	0.000000241	0.247499856	0.012771841	0.006696332	0.000006733	-0.000003790	0.368513591	-0.200919735	0.000002704	0.058511190	-0.067326024	-0.000009559	0.000000956	-0.338202766	-0.045536852	0.000000007	0.000122811	0.012594927	0.000000114	-0.000000943	-0.000000256	0.000000007	0.000122841	0.012596079	0.000000114	-0.000000943	0.000000256	0.000205979	0.014952882	0.061930518	0.001986104	-0.003048745	-0.000000133	0.000000000	0.000002184	0.002583618	-0.000000001	-0.000000001	0.000000000	0.000000000	0.000002184	0.002583484	-0.000000001	-0.000000001	-0.000000000	0.000000000	0.000020310	0.004622818	-0.000000057	-0.000000035	-0.000000000	0.000003791	0.000036648	0.000047222	-0.000029406	0.007563670	-0.000000000	0.000000000	0.000000000	0.000000000	0.000000000	1.000000000	0.000000000		A12: R76*p(1)
0.000000000	0.000000003	0.000000369	0.000001827	0.000002438	-0.000000178	-0.000000365	0.001230585	-0.000001916	-0.000003926	0.025353490	-0.000002431	-0.000004982	0.076437567	-0.000000308	-0.000978139	-0.002004627	-0.000000258	0.000000330	-0.000005592	-0.029581211	-0.060624599	-0.000003834	0.000004911	-0.010141176	0.000000947	0.000001940	-0.008056895	0.010319506	0.000001655	0.000000351	0.000000000	0.000000000	0.000000014	0.000000365	0.000001301	0.000000001	-0.000000010	0.000017467	0.000000100	-0.000000783	0.002721674	0.000000464	-0.000003618	0.029877140	-0.000000005	0.000002824	-0.000022017	-0.000000007	-0.000000002	-0.000000952	0.001011535	-0.007886113	-0.000001196	-0.000000312	-0.000279319	-0.000000011	0.000000084	-0.000348926	-0.000091009	-0.000000029	0.000000073	0.000000000	0.000000000	0.000000000	0.000000018	0.000000312	-0.000000000	-0.000000000	0.000000020	-0.000000018	-0.000000022	0.000077590	-0.000000658	-0.000000809	0.006683236	-0.000000000	-0.000000008	-0.000000009	-0.000000000	0.000000000	-0.000000031	-0.000141510	-0.000173993	-0.000000009	0.000000044	-0.000000662	0.000000000	0.000000000	-0.000000174	0.000000836	0.000000000	-0.000000000	0.000000535	0.000001911	0.000005931	0.000004725	0.000002123	-0.000007480	-0.000004582	0.151946156	-0.000007346	-0.000004500	0.300668434	-0.000002226	-0.000001364	0.216475480	-0.000009216	-0.214690074	-0.131519759	0.000003572	0.000007005	-0.000013503	-0.419567020	-0.257027968	0.000003433	0.000006733	-0.252714217	0.000015954	0.000009773	0.148199251	0.290650606	0.000000547	-0.000006992	0.000000002	0.000032239	0.003306246	0.000000030	-0.000000256	-0.000000037	-0.000000002	-0.000032242	-0.003306059	-0.000000030	0.000000256	-0.000000037	0.000000008	0.000000597	0.000002474	0.000000079	-0.000000133	0.000275090	-0.000000000	-0.000000573	-0.000677898	0.000000000	0.000000000	-0.000000000	0.000000000	0.000000573	0.000677975	-0.000000000	-0.000000000	-0.000000000	0.000000000	0.000000001	0.000000165	-0.000000000	-0.000000000	0.000000003	0.000000011	0.000000103	0.000000133	-0.000000083	-0.000000000	0.007563681	0.000000000	0.000000000	0.000000000	0.000000000	0.000000000	1.000000000		A12: R76*p(-1)