Fock matrix in NAO basis
92	92
A1*: R1*s(0)	A1*: R2*s(0)	A1*: R3*s(0)	A1: R4*s(0)	A1: R5*s(0)	A1*: R6*p(0)	A1*: R6*p(1)	A1*: R6*p(-1)	A1*: R7*p(0)	A1*: R7*p(1)	A1*: R7*p(-1)	A1: R8*p(0)	A1: R8*p(1)	A1: R8*p(-1)	A1*: R9*d(0)	A1*: R9*d(1)	A1*: R9*d(-1)	A1*: R9*d(2)	A1*: R9*d(-2)	A1*: R10*d(0)	A1*: R10*d(1)	A1*: R10*d(-1)	A1*: R10*d(2)	A1*: R10*d(-2)	A1*: R11*f(0)	A1*: R11*f(1)	A1*: R11*f(-1)	A1*: R11*f(2)	A1*: R11*f(-2)	A1*: R11*f(3)	A1*: R11*f(-3)	A2*: R12*s(0)	A2*: R13*s(0)	A2: R14*s(0)	A2*: R15*p(0)	A2*: R15*p(1)	A2*: R15*p(-1)	A3*: R16*s(0)	A3*: R17*s(0)	A3*: R18*s(0)	A3: R19*s(0)	A3: R20*s(0)	A3*: R21*p(0)	A3*: R21*p(1)	A3*: R21*p(-1)	A3*: R22*p(0)	A3*: R22*p(1)	A3*: R22*p(-1)	A3: R23*p(0)	A3: R23*p(1)	A3: R23*p(-1)	A3*: R24*d(0)	A3*: R24*d(1)	A3*: R24*d(-1)	A3*: R24*d(2)	A3*: R24*d(-2)	A3*: R25*d(0)	A3*: R25*d(1)	A3*: R25*d(-1)	A3*: R25*d(2)	A3*: R25*d(-2)	A3*: R26*f(0)	A3*: R26*f(1)	A3*: R26*f(-1)	A3*: R26*f(2)	A3*: R26*f(-2)	A3*: R26*f(3)	A3*: R26*f(-3)	A4*: R27*s(0)	A4*: R28*s(0)	A4: R29*s(0)	A4*: R30*p(0)	A4*: R30*p(1)	A4*: R30*p(-1)	A5*: R31*s(0)	A5*: R32*s(0)	A5: R33*s(0)	A5*: R34*p(0)	A5*: R34*p(1)	A5*: R34*p(-1)	A6*: R35*s(0)	A6*: R36*s(0)	A6: R37*s(0)	A6*: R38*p(0)	A6*: R38*p(1)	A6*: R38*p(-1)	A7*: R39*s(0)	A7*: R40*s(0)	A7: R41*s(0)	A7*: R42*p(0)	A7*: R42*p(1)	A7*: R42*p(-1)	

12.944181498	-10.006455654	-0.290029298	-0.254246115	0.008134454	0.119822031	0.065783189	0.054249620	-0.037647600	-0.176423944	0.002148080	-0.015699950	-0.071973745	0.000720796	-0.255902970	-0.253775384	-0.223286937	-0.857131457	-0.141767793	-0.109757969	-0.078159853	-0.023163522	-0.287147151	0.060389170	-0.033777158	-0.011696051	-0.097044122	0.118033129	0.070276271	0.052639580	-0.044789396	0.126593099	0.109171694	0.118133714	0.016761044	0.027151327	-0.118085841	1.462407053	0.483232694	0.283250451	0.090373260	-0.000030819	0.155945015	-0.336546582	0.124147107	-0.098015054	0.159378440	-0.071135135	-0.009946950	-0.106581427	0.008067540	-0.350927289	0.284311379	-0.233936154	-0.288219301	-0.190710902	-0.463063264	0.450834880	-0.230765853	-0.236548701	-0.130100880	-0.232157477	-0.070769533	0.174222327	-0.086495715	0.017687645	-0.174109112	0.373667581	0.127369952	0.108665702	0.118160823	-0.083308710	0.051705527	0.073190938	-0.205127801	0.149011830	0.012403718	0.067561956	-0.394823801	-0.015391157	0.752024826	0.003154633	0.094082678	0.516325600	0.240898405	0.239861256	-0.205504078	0.149158951	0.012337530	-0.014419186	-0.374637746	0.140514137		A1*: R1*s(0)
-10.006455654	9.859657364	-0.218557803	0.252076010	-0.007960830	-0.191219943	-0.247906013	-0.068975551	0.045207884	0.273774273	-0.010317659	0.013877814	0.103739896	-0.005647345	0.208971039	-0.093917710	0.109155393	0.256315193	0.046842943	0.068801912	0.214525708	0.037094827	0.414304853	-0.030395613	-0.044597084	0.108893680	0.481582284	-0.182048430	-0.423498191	0.087573465	0.111648099	0.020504961	-0.069917852	-0.092942404	0.028510934	0.116058136	-0.096342947	0.482410194	-1.714639337	-0.147407080	-0.128029252	0.022656897	-0.108238371	0.197684646	-0.081904860	0.074126460	-0.010133619	0.039991114	-0.000370893	0.115328131	-0.014559576	0.483023608	-0.256682891	0.293278724	0.561583566	0.185998774	0.345785081	-0.387985130	0.143684558	0.092325248	0.057139108	0.244461924	0.048483707	-0.306966708	0.166482999	0.105682308	0.191121222	-0.408824465	0.019491921	-0.069555721	-0.092987835	-0.050169141	0.134090046	0.053830899	0.432025339	-0.161447981	0.020341776	-0.066814701	0.342621975	-0.053480535	-0.441271864	0.075975755	-0.071675755	-0.517852222	-0.568714643	-0.199681646	0.432001020	-0.161669882	0.020403924	-0.046527083	0.337433412	-0.091850993		A1*: R2*s(0)
-0.290029298	-0.218557803	0.761323661	-0.063019514	0.005665714	-0.034700070	0.045756039	-0.023992404	-0.024073350	-0.098291547	-0.000456559	-0.010833517	-0.034043882	-0.001424900	-0.007268189	-0.098104131	-0.041440757	-0.165308949	-0.047558963	-0.060713154	-0.011605407	-0.039273873	-0.130774598	-0.018825848	-0.034609626	0.028038708	0.086554338	0.020583792	-0.095425561	0.061859290	-0.005922469	0.058690081	0.114524582	0.021975664	0.036819478	0.021200013	-0.157624832	0.282635199	-0.146387584	-0.067538183	0.029141537	-0.034688891	0.014866671	-0.106522743	0.021133287	-0.071309796	-0.005806535	-0.036551122	0.010061393	-0.052772051	0.011832508	0.012474539	0.032351403	0.001791315	0.063607742	-0.012800666	-0.120223148	0.141521454	-0.062849633	-0.030190652	-0.043512793	-0.025485392	-0.025032844	0.017169271	-0.041041526	0.053889856	-0.058394669	0.109550906	0.058952624	0.114429691	0.022058347	-0.104600401	0.055231568	0.112494442	0.024500332	0.123818986	-0.010992819	-0.019521879	-0.074128087	-0.000655338	0.075993218	0.133170436	-0.022107521	-0.002179945	-0.009847354	-0.000039680	0.024580811	0.123821973	-0.011017990	-0.019365496	-0.073928865	-0.001106062		A1*: R3*s(0)
-0.254246115	0.252076010	-0.063019514	-0.646177735	-0.866234868	-0.015426834	-0.029800215	-0.004350249	0.003931180	0.057660420	-0.005100300	-0.015023009	0.051873750	-0.014319878	0.007486788	0.009796101	0.009277400	0.029687527	0.008511787	0.007389068	0.008661565	-0.006220960	0.019703066	-0.018254883	-0.011065864	0.009418525	0.052241967	-0.020541199	-0.046690663	0.002778009	0.015414054	-0.021273529	-0.086923870	-0.353512732	-0.007181798	-0.003895549	0.019971796	0.090548363	-0.127865250	0.029120390	-0.314943150	-0.268924066	-0.007586953	0.018769703	-0.006333862	-0.000721221	0.047803882	-0.006433679	-0.032593206	0.380201742	-0.064558342	-0.000210253	-0.012535185	-0.001775846	-0.018093695	-0.000482960	0.056718161	-0.031750897	0.028989614	0.060841555	0.012512389	0.010944317	0.003890572	-0.013467951	0.012658393	0.003650638	0.015711961	-0.021283002	-0.021343154	-0.086826199	-0.353549471	0.011688463	-0.008452989	-0.016026147	0.003327372	-0.016645182	-0.043582590	-0.004972029	0.006960279	0.002658993	-0.006215982	-0.023370649	-0.183368852	-0.007229131	0.007771766	-0.004748473	0.003322705	-0.016612343	-0.043472256	0.000020598	0.005722654	-0.006838205		A1: R4*s(0)
0.008134454	-0.007960830	0.005665714	-0.866234868	-10.464469064	0.002818234	0.007864758	0.000493609	-0.006425778	-0.012737086	-0.001776773	0.005980776	0.046012091	-0.002585949	-0.000031523	-0.005592346	-0.001538029	-0.008371997	-0.001591648	-0.001110892	0.000393422	0.001298886	-0.000481471	0.003065691	-0.002089590	0.000008175	0.001497551	0.000604700	-0.001589069	0.000073775	0.000791341	0.056019402	0.068111208	-0.351329070	0.004196997	0.005649446	-0.011863844	-0.000055654	0.022666990	-0.034679897	-0.268938492	0.052360177	-0.002670126	0.026353592	-0.004694675	0.012640107	-0.111098321	0.020495132	-0.059078015	0.471010441	-0.089764045	0.000633448	0.002328690	0.000747896	0.004503175	0.000370076	-0.009728498	0.006130113	-0.006670233	-0.010439873	-0.005259008	-0.004320946	-0.001256771	0.005311557	-0.004031590	-0.001428615	-0.004894443	0.008030037	0.056064044	0.068098903	-0.351358118	-0.006644039	0.008250117	0.008835009	0.003177619	0.000377327	-0.011681746	0.000562710	-0.004006693	0.000646169	0.023686883	0.045596886	-0.169140952	-0.003008471	-0.001883193	-0.001339559	0.003181485	0.000371834	-0.011616978	0.000437409	-0.003972462	0.000880299		A1: R5*s(0)
0.119822031	-0.191219943	-0.034700070	-0.015426834	0.002818234	1.125992015	-0.019504601	-0.129379171	-0.541247106	-0.026608633	-0.038025863	-0.008253010	-0.001687676	0.007528137	-0.011779526	0.015778265	-0.066959579	-0.024246200	0.002096079	-0.070064133	-0.012125819	0.187059035	-0.022215176	0.097861673	-0.083211252	0.039651097	-0.002738080	0.013200650	0.082632315	-0.404416545	0.041165758	0.079797404	0.145633773	0.000930792	-0.029355588	0.012389233	-0.127646397	0.041760867	-0.039976061	-0.018565538	-0.001302586	0.005528812	0.035602766	-0.100105762	0.014654961	0.028748676	0.007643934	-0.003264943	0.005532403	0.005915929	-0.002834507	0.014311320	0.019311086	0.003769476	0.047178652	-0.046524778	-0.040525645	0.024257612	-0.013901448	-0.037547237	0.092473672	-0.023358893	0.062739276	-0.021814156	0.014826664	0.061779250	0.161213376	0.037347619	-0.170363189	-0.156613277	-0.000153697	-0.002810662	-0.071860164	-0.149588836	-0.011890576	-0.009143252	0.000959249	0.010419916	0.029628201	-0.022702401	-0.038491271	-0.175214307	0.007431130	0.104794846	0.264953369	0.049308268	0.022669869	0.028276817	0.003527786	0.010603523	-0.046778327	0.009987151		A1*: R6*p(0)
0.065783189	-0.247906013	0.045756039	-0.029800215	0.007864758	-0.019504601	1.823051571	-0.065775741	-0.015742495	-0.573241987	0.005759801	-0.002923574	-0.046058020	0.001439485	0.011578810	-0.033379906	0.012041731	-0.022661132	-0.008439527	-0.355244076	0.261045669	-0.113086992	-0.260569034	0.098820016	-0.181967935	-0.010305506	-0.058534265	0.203957428	-0.202359751	0.126596222	-0.230684968	0.184896200	0.150155528	0.014073585	0.035805912	0.088890524	-0.169367264	0.388814574	-0.235944678	0.105682106	-0.021085627	-0.025589976	-0.079931977	0.584561555	-0.110796678	-0.024796871	0.166245610	-0.029702509	0.001825098	-0.032383276	0.006179855	-0.153637936	0.044896922	-0.167964567	-0.267804530	-0.172960483	-0.010855376	0.007396771	-0.005509625	-0.009906323	-0.023634831	-0.141713613	0.020219552	0.218802146	0.031270013	-0.204839712	0.040998853	0.071870330	0.245189763	0.222695377	0.014336487	-0.135495653	0.149207296	0.151409007	-0.264271535	-0.039571506	-0.013327961	0.001853574	-0.027627167	0.036667624	-0.094643978	-0.208376848	0.000891089	0.226916651	0.324261862	0.071728490	-0.272554844	-0.048721366	-0.013945142	0.023465090	-0.015086608	-0.012145408		A1*: R6*p(1)
0.054249620	-0.068975551	-0.023992404	-0.004350249	0.000493609	-0.129379171	-0.065775741	1.318286559	-0.039334509	0.000144675	-0.482990522	0.007700399	0.002082794	-0.018444265	-0.039544805	0.014030810	0.074242963	-0.019530474	-0.058020460	0.105132484	-0.028529303	-0.160508322	0.035431681	0.190299832	-0.113429910	-0.306540205	-0.192684288	-0.267854472	-0.057767205	0.040896964	0.096561968	-0.289410930	-0.314931660	-0.002603409	-0.144526196	-0.070887690	0.227562625	-0.027278006	0.009174701	-0.022944272	0.001967522	0.006095344	0.011955354	-0.121436624	0.053196223	0.000808243	-0.012709127	0.035244524	-0.002323803	0.008358053	0.007296197	0.037695310	0.004098891	-0.014227157	0.061572546	0.017678568	-0.049769143	0.008486975	0.078909027	-0.022893600	0.004021771	0.113493965	-0.069196624	0.048929576	0.138681290	0.047701143	0.001458575	0.013351878	0.188444056	0.262458201	-0.000542186	-0.127642797	0.074094077	0.141474676	0.069461374	0.046161306	0.005335039	0.003939825	-0.074690769	0.026489749	-0.008385902	-0.065680368	0.003806081	0.053851096	0.091546834	-0.036084647	0.003343782	-0.025272209	0.000414798	-0.021960894	0.077688883	0.013150089		A1*: R6*p(-1)
-0.037647600	0.045207884	-0.024073350	0.003931180	-0.006425778	-0.541247106	-0.015742495	-0.039334509	0.634256275	-0.004373799	-0.119499101	0.075188724	0.005314037	-0.001103529	-0.005064261	0.006523377	-0.008397421	0.012931987	-0.009084201	0.001919745	-0.002484749	-0.021171370	0.013259617	-0.092833561	-0.000502255	0.006914128	-0.005576098	-0.009595254	0.009408734	-0.008648327	0.008411253	-0.009249701	0.063784509	0.009616127	0.073007556	-0.012116569	-0.075323342	-0.041960158	0.065058072	-0.067411237	0.013767091	-0.022064481	0.036899523	-0.016960687	0.004010239	-0.127458453	0.002789575	0.120678722	-0.032390226	-0.031332140	0.008595767	-0.000939479	-0.004254374	-0.001260686	-0.010864414	0.013903236	-0.017201629	-0.017653746	-0.017393994	-0.067629709	-0.005839546	-0.008112142	0.039823105	0.009647392	-0.013028864	0.028160981	0.063330061	0.043062854	-0.007252898	-0.081626206	-0.009347528	0.084273474	-0.031987821	-0.097969166	0.013030291	0.033483702	0.015582066	-0.004930160	-0.032148568	0.010839931	-0.078855468	-0.076997498	-0.025301448	0.065784958	0.011124306	-0.000163441	-0.023509717	0.005019014	-0.011909489	-0.007772274	0.013443446	-0.000773387		A1*: R7*p(0)
-0.176423944	0.273774273	-0.098291547	0.057660420	-0.012737086	-0.026608633	-0.573241987	0.000144675	-0.004373799	0.625252224	0.027868758	0.003861866	0.110496399	-0.002264514	0.068187105	-0.019579489	0.039830531	0.096830391	0.019388701	0.089623531	-0.045802716	0.014339518	0.078846120	-0.023242903	-0.006124515	0.003964400	0.061818668	-0.041931197	-0.043842255	-0.015069228	0.033787770	0.019056268	0.063580352	0.033086108	0.031048900	0.102622149	-0.073236020	-0.195852222	0.045993280	-0.030332331	-0.044413238	0.108653302	-0.049354842	0.152815457	-0.040880331	0.039223840	-0.104763661	-0.011602720	-0.010165336	0.082850467	-0.020793056	0.075365584	-0.063163452	0.046976023	0.058029158	0.032149602	0.220926975	-0.129633177	0.136844831	0.243839099	0.090140757	0.079182529	0.022443106	-0.068138026	0.073924245	-0.000885213	0.093876763	-0.145800013	0.018659068	0.098572358	0.037590078	-0.056301425	0.127529139	0.093870988	-0.010458407	-0.090257352	0.015877889	0.000541253	0.052607658	-0.013925172	-0.046314466	0.001501950	0.003058401	-0.024644813	0.027557576	-0.008318120	-0.001695625	-0.083529531	0.022565190	-0.003039691	0.042409902	-0.002800556		A1*: R7*p(1)
0.002148080	-0.010317659	-0.000456559	-0.005100300	-0.001776773	-0.038025863	0.005759801	-0.482990522	-0.119499101	0.027868758	0.797542440	-0.000906271	-0.001495425	0.075704978	-0.001236788	0.015721070	-0.001086263	-0.012971925	-0.009552990	0.024724374	0.021547067	-0.056628272	-0.011588357	-0.018053997	0.008360850	-0.021170364	-0.003588512	0.006541322	0.008234609	-0.002518645	-0.001119498	-0.004585685	-0.153630061	-0.022502437	-0.097860254	-0.008581257	0.221009736	0.002452205	0.028348174	-0.031513547	0.012841818	-0.025127544	0.008087128	-0.023899075	0.040440002	0.116212246	-0.030632437	-0.293959719	0.005977767	-0.031995491	-0.034218952	-0.016803129	0.003351166	0.006326431	-0.012293037	-0.004254566	-0.044522084	0.001977962	-0.021578057	-0.062742790	-0.017976767	0.037581820	-0.054123544	0.055499029	0.043138756	0.007442481	-0.007118205	0.040431099	-0.008458616	0.124180523	0.013762620	-0.077772019	0.019345739	0.184625919	-0.036844548	-0.006175325	-0.027709870	-0.001169456	0.031650661	-0.016439838	-0.035450829	-0.040420712	-0.013599976	0.004207673	0.010260702	0.064348437	0.033015090	0.048213896	0.024771825	0.009177569	-0.056545953	-0.003669156		A1*: R7*p(-1)
-0.015699950	0.013877814	-0.010833517	-0.015023009	0.005980776	-0.008253010	-0.002923574	0.007700399	0.075188724	0.003861866	-0.000906271	-0.397910752	0.008346114	0.009642061	0.005584831	-0.000939132	-0.008167222	0.005148693	0.001168125	0.023165476	-0.008057821	-0.003736596	-0.002842114	-0.032276579	-0.002073436	-0.000304478	0.004465212	0.010225179	-0.001055377	0.047613633	-0.003739294	0.012330178	0.050446431	0.133808462	-0.020086204	0.006206664	-0.014474169	-0.041593263	0.034590609	-0.006773597	0.085319343	0.088471495	0.004448892	0.009221880	-0.003829528	-0.033898840	-0.026744289	0.007238006	-0.170678329	-0.082869986	0.010763322	0.005009743	0.001299401	0.010824781	0.013267160	-0.025314352	-0.001720409	-0.005207105	0.005630163	-0.013165645	0.027554207	0.001385601	0.000836040	-0.001435579	-0.003538062	-0.000425239	0.005426891	0.003708343	-0.020103978	-0.082610120	-0.189134689	-0.013122864	-0.013033692	-0.014442118	-0.002400406	-0.014331909	-0.002120544	-0.004765757	0.004052065	0.013391574	0.003002714	-0.043566752	-0.200776805	0.000984791	0.012131780	0.007863453	-0.003997940	0.006043238	0.031327838	-0.003135878	0.005069497	0.011186622		A1: R8*p(0)
-0.071973745	0.103739896	-0.034043882	0.051873750	0.046012091	-0.001687676	-0.046058020	0.002082794	0.005314037	0.110496399	-0.001495425	0.008346114	-0.395795348	0.001509979	0.013072698	-0.009931791	0.008893396	0.011236706	0.002562452	0.022489107	-0.007173111	-0.008948117	0.026406261	-0.029702078	0.004337022	0.001831169	0.024488460	-0.017502084	0.009627173	-0.005462257	0.040896979	0.000830136	0.058620167	0.168382337	0.008718221	-0.021864919	-0.016801752	0.093348331	-0.106236664	0.053617483	-0.366490505	-0.463330354	0.005122693	-0.030596644	0.007712649	-0.005471177	0.085360349	-0.018761309	-0.075249478	0.310127404	-0.099604374	-0.015755798	-0.003983949	-0.016992554	-0.038402356	-0.007081323	0.039687632	-0.024080835	0.036691747	0.050578900	0.034129184	0.014937290	0.002365639	-0.013622755	0.009117572	0.014071837	0.012965514	-0.012057174	0.008679914	0.090602027	0.245877814	-0.013208293	-0.012435092	0.021789234	0.016572360	-0.008025477	-0.059124653	-0.000884782	0.004137503	0.001692248	0.005953954	-0.029434229	-0.141723350	0.005229494	-0.005116084	0.001251353	0.016936648	-0.012873991	-0.067080555	0.004062426	0.002618927	-0.007985156		A1: R8*p(1)
0.000720796	-0.005647345	-0.001424900	-0.014319878	-0.002585949	0.007528137	0.001439485	-0.018444265	-0.001103529	-0.002264514	0.075704978	0.009642061	0.001509979	-0.413551362	-0.003879033	0.001372284	0.014027065	-0.000691733	-0.010204049	-0.004704370	-0.018443770	-0.018152037	0.007389016	-0.007053194	0.012581898	0.023506684	0.009275712	0.033083208	-0.000325916	0.002727900	-0.003192763	-0.033569613	-0.144950357	-0.348974683	-0.012242913	-0.015485584	0.012208485	-0.033379572	0.031336722	-0.010220708	0.090435397	0.104190867	-0.003307198	0.009844006	0.006600422	0.004576288	-0.029790082	-0.035219823	0.009804736	-0.103580809	-0.153337726	0.016655362	0.001355992	-0.031066935	0.014692184	0.008897473	-0.015362249	-0.004232865	0.010762373	-0.010968676	0.002403551	0.001962524	0.000473218	0.009419692	0.003550242	0.002508917	-0.004701971	0.000007126	0.028402841	0.109302603	0.268003319	-0.017041577	0.019221919	-0.004280134	-0.005284565	0.018610776	0.047525241	0.013107674	-0.000389738	-0.021633975	0.000827572	-0.019154382	-0.087377077	0.008755539	0.004877394	-0.012989579	-0.002229208	-0.020337561	-0.016393884	0.012243612	-0.002886818	-0.021751824		A1: R8*p(-1)
-0.255902970	0.208971039	-0.007268189	0.007486788	-0.000031523	-0.011779526	0.011578810	-0.039544805	-0.005064261	0.068187105	-0.001236788	0.005584831	0.013072698	-0.003879033	2.898847772	-0.182601236	-0.091079481	0.213393628	0.066454984	-0.620135784	-0.024428897	0.034198843	0.011634573	-0.027657316	-0.002355632	0.044575054	0.116631436	-0.061603711	-0.061429907	-0.008726966	0.015594895	0.016151266	0.034078522	0.040286117	0.054035966	0.050563475	-0.154687444	-0.398401257	0.497402480	-0.000059230	0.002299750	0.000132150	-0.048231493	0.167713560	-0.062321625	0.025155658	-0.076623479	0.025852775	0.004826114	0.014314714	-0.015323315	-0.032510043	-0.045939168	-0.081582914	-0.060156217	0.018423211	0.062091017	-0.026296772	0.090089668	0.151925871	0.070321612	0.189702042	0.014488977	-0.064690853	0.145157657	0.032153008	0.050363930	-0.100213285	0.014611077	-0.002011532	0.008665825	0.001819370	-0.047318124	0.079288530	0.020679710	0.005314661	-0.002334318	0.052181735	0.025679604	-0.014702868	0.061250682	0.030802514	-0.007718862	0.011196258	0.001162860	-0.030321510	0.045521741	-0.013661890	-0.004235642	-0.017777948	-0.054105371	-0.020032729		A1*: R9*d(0)
-0.253775384	-0.093917710	-0.098104131	0.009796101	-0.005592346	0.015778265	-0.033379906	0.014030810	0.006523377	-0.019579489	0.015721070	-0.000939132	-0.009931791	0.001372284	-0.182601236	2.847573482	-0.063218627	0.059674124	0.034566877	0.006162516	-0.652544170	0.007088540	-0.007688744	-0.002844238	0.026888941	-0.006674115	-0.071648955	0.011172501	0.128133861	-0.018212929	0.001911592	-0.018850813	-0.062599669	-0.037424941	-0.088224612	-0.035214710	0.140881895	0.209746522	-0.231981606	0.012164996	-0.008489749	0.001524579	-0.007625334	-0.004113835	-0.007538386	-0.012512460	0.047129460	-0.013429976	-0.007652072	-0.003515496	-0.007235466	-0.014288843	-0.005911876	-0.046406764	0.027393354	-0.051000115	0.000876834	-0.058505677	-0.005527163	-0.044167829	-0.009295956	0.019967559	0.037146500	0.049455398	0.028472329	-0.009798891	0.047578950	0.098838983	-0.026403459	-0.067084889	-0.039901458	0.093282333	-0.076929003	-0.135118742	-0.026218256	-0.032267330	0.002788069	0.004940154	0.056191671	0.012213415	-0.037876783	0.009095432	0.010118124	-0.041552608	-0.021334390	-0.051805379	-0.024339313	-0.037465326	0.001473939	-0.037658683	0.020249664	-0.040953104		A1*: R9*d(1)
-0.223286937	0.109155393	-0.041440757	0.009277400	-0.001538029	-0.066959579	0.012041731	0.074242963	-0.008397421	0.039830531	-0.001086263	-0.008167222	0.008893396	0.014027065	-0.091079481	-0.063218627	3.146328905	0.105889183	-0.138226772	0.044312905	-0.008660316	-0.726548091	0.007912441	0.010959685	-0.028016551	-0.028199459	0.021961442	-0.022528446	-0.007440327	-0.012750575	0.033335736	0.015656833	-0.051145108	-0.045896209	-0.033241811	-0.190477067	0.145823202	-0.119444803	0.255598505	0.032767012	-0.007987085	0.001980949	-0.012428614	0.106063442	0.015590154	0.006490039	-0.029029702	-0.007227560	-0.009644049	0.024874014	0.029198595	-0.104833172	-0.016038136	0.113292602	-0.091166363	-0.056129220	0.071599949	-0.006502660	-0.011249710	0.107132313	0.025838749	-0.143753688	0.127254584	-0.269057037	-0.160065423	-0.039951387	0.071586034	-0.156191904	-0.010359192	0.047392372	0.046865862	-0.079371794	0.188640790	0.089396582	0.053401941	-0.024534597	-0.001549712	-0.007589261	-0.056662339	0.082679330	-0.051669523	-0.006271390	0.008814000	-0.079942617	-0.065523618	-0.052993476	-0.019384372	0.016017790	-0.000805533	-0.051770839	0.078399636	0.059592022		A1*: R9*d(-1)
-0.857131457	0.256315193	-0.165308949	0.029687527	-0.008371997	-0.024246200	-0.022661132	-0.019530474	0.012931987	0.096830391	-0.012971925	0.005148693	0.011236706	-0.000691733	0.213393628	0.059674124	0.105889183	3.032856632	0.064958305	0.061484423	-0.063167556	0.003950904	-0.624304734	-0.035278261	0.048964172	-0.007501048	0.044043480	-0.083761303	0.009642260	-0.026244938	0.092627695	-0.008819629	-0.061087608	-0.010999602	0.001979224	-0.054300088	0.055915316	-0.399258435	0.596397393	0.034018791	-0.012167096	0.003324578	-0.095971093	0.312299913	-0.089361979	0.023138568	-0.070384133	0.022721735	-0.011743537	0.031808665	-0.010460951	-0.038522474	-0.005959354	-0.072678970	-0.168380906	-0.081805549	0.179004410	-0.086683300	0.135231016	0.207305829	0.113010246	0.183308788	0.032280251	-0.096261037	0.110234141	0.100362335	0.224727512	-0.201675273	-0.001478587	-0.065504521	-0.016649705	0.029952388	-0.092016878	-0.036372361	0.024278123	-0.055696087	-0.003304911	-0.030738097	0.028472842	-0.023340409	0.015803116	0.056381791	0.006403416	-0.136659913	-0.049328464	-0.040410830	0.028727563	-0.055315566	-0.002409552	0.015108224	0.040100373	-0.006042702		A1*: R9*d(2)
-0.141767793	0.046842943	-0.047558963	0.008511787	-0.001591648	0.002096079	-0.008439527	-0.058020460	-0.009084201	0.019388701	-0.009552990	0.001168125	0.002562452	-0.010204049	0.066454984	0.034566877	-0.138226772	0.064958305	2.954741653	-0.009347563	-0.000497749	0.019113248	-0.004662740	-0.708908762	-0.055874759	-0.009234482	-0.019477295	0.025448793	0.034392684	-0.044430420	0.036595687	-0.009093151	0.024304167	0.014828388	0.000118791	0.079615955	-0.043878177	0.061531594	0.103687317	0.055161048	-0.014113968	0.003077381	0.056373894	0.045545028	0.003572959	-0.019986142	0.003307698	-0.003295935	0.021378339	0.023341622	-0.012943194	-0.044671808	0.012331179	-0.076626830	-0.092610812	0.088083133	0.033988044	0.011347344	0.011812069	0.075880610	-0.065203059	0.003026854	-0.115200339	-0.066277029	0.132849942	-0.100318609	-0.252037528	-0.220075856	0.003483590	-0.030516081	-0.036411583	0.067042466	-0.137251677	-0.076805663	-0.010895870	0.014620821	0.000477007	0.029169974	0.040311669	-0.048270669	-0.131075690	-0.037031634	0.019484798	-0.141708640	-0.111195826	-0.056996618	0.029333291	-0.008696052	-0.000217724	0.028722668	-0.037904356	-0.018448059		A1*: R9*d(-2)
-0.109757969	0.068801912	-0.060713154	0.007389068	-0.001110892	-0.070064133	-0.355244076	0.105132484	0.001919745	0.089623531	0.024724374	0.023165476	0.022489107	-0.004704370	-0.620135784	0.006162516	0.044312905	0.061484423	-0.009347563	1.116499194	-0.251023826	-0.134355670	0.201120844	0.019478039	0.096529265	-0.091039631	0.019372552	-0.056596472	0.033157946	-0.015031575	0.062380546	-0.105295574	-0.262880538	-0.074834288	-0.139376860	-0.163972287	0.056009499	-0.507724959	0.377506070	-0.139474176	0.056286632	-0.010645144	-0.042797297	0.001523624	0.009878774	0.058235357	-0.221614158	0.055340052	0.017375817	-0.041951556	0.015165006	0.057962976	-0.017316602	0.100006106	0.160676614	0.093710790	-0.009755746	-0.037820288	-0.080784017	0.110425239	0.086346046	-0.049733347	0.035702234	0.017406787	-0.096210133	-0.028393940	0.042303712	-0.102994393	-0.027262843	-0.063103867	-0.028219246	0.127357445	-0.210899511	0.171989248	0.010493339	-0.004386293	-0.011482408	0.033153487	0.035542601	-0.014064663	0.028268551	0.118647952	0.019110984	-0.080738405	-0.111937488	-0.134121066	0.021611248	-0.049621450	0.005186348	0.003470984	-0.052620886	-0.005965566		A1*: R10*d(0)
-0.078159853	0.214525708	-0.011605407	0.008661565	0.000393422	-0.012125819	0.261045669	-0.028529303	-0.002484749	-0.045802716	0.021547067	-0.008057821	-0.007173111	-0.018443770	-0.024428897	-0.652544170	-0.008660316	-0.063167556	-0.000497749	-0.251023826	1.060407921	-0.072081365	0.033418144	0.070943181	-0.062589464	0.002232574	0.106523702	0.020034463	-0.078649810	0.049581606	0.064679115	0.069282209	0.198125186	0.054957927	-0.143315103	0.170466382	-0.157896617	0.380652175	-0.334869909	0.110714481	-0.032439811	0.004651737	0.055621383	0.032885990	0.030552831	-0.041569155	0.097496440	-0.038361871	0.004595782	0.014990232	-0.002547740	-0.008926458	-0.047689907	-0.023585471	-0.055018197	-0.031618076	0.008402524	-0.119914627	-0.108679639	-0.012096933	-0.155063497	-0.084094038	-0.046437426	-0.003859185	-0.047616844	0.057838576	-0.098595899	-0.000729590	0.075181455	0.221398581	0.059626567	0.008355623	0.219321987	0.059543575	0.004435761	-0.036035158	0.006934864	-0.012128662	0.061758150	-0.003922553	0.000152696	-0.059436449	-0.023618670	0.111981771	0.086864274	-0.041870213	0.006782435	-0.041891929	0.008204707	-0.032402715	0.033196815	-0.034252776		A1*: R10*d(1)
-0.023163522	0.037094827	-0.039273873	-0.006220960	0.001298886	0.187059035	-0.113086992	-0.160508322	-0.021171370	0.014339518	-0.056628272	-0.003736596	-0.008948117	-0.018152037	0.034198843	0.007088540	-0.726548091	0.003950904	0.019113248	-0.134355670	-0.072081365	1.375015233	0.075238045	-0.147394348	-0.134163736	0.200723083	-0.020812700	-0.087421150	0.014243566	-0.129813047	0.030482464	0.101518411	0.276019909	0.054679532	0.127090734	-0.218768386	-0.191320529	-0.122505155	0.063175408	-0.015554546	0.030069484	-0.004404280	-0.003524471	-0.028027866	-0.082777698	0.009237310	-0.117106610	0.010808949	0.000901886	-0.024349970	-0.012162275	0.071319270	-0.009019771	-0.010368036	0.109717365	0.029339632	-0.120878778	-0.062287638	0.272493365	-0.029434184	-0.038334077	0.129358664	-0.078045449	0.182115023	0.163473143	0.033164591	-0.014782882	0.039947621	-0.128538103	-0.279027249	-0.077830636	0.151388885	0.075693453	-0.167069490	0.026233550	-0.092204642	0.025733055	-0.007354647	-0.065126430	0.067058111	0.024697035	-0.031950911	-0.018422299	0.036530049	0.070172302	-0.019059097	0.000580536	0.031599671	-0.023973990	-0.050030529	0.118788580	0.019333603		A1*: R10*d(-1)
-0.287147151	0.414304853	-0.130774598	0.019703066	-0.000481471	-0.022215176	-0.260569034	0.035431681	0.013259617	0.078846120	-0.011588357	-0.002842114	0.026406261	0.007389016	0.011634573	-0.007688744	0.007912441	-0.624304734	-0.004662740	0.201120844	0.033418144	0.075238045	1.111604450	0.033155078	-0.019001955	-0.003801013	0.169685212	-0.112777794	-0.030875880	-0.031976272	0.189463702	-0.019937382	0.014628278	-0.012626873	0.089732422	-0.051752613	-0.020280553	-0.340724623	0.168664274	-0.075531178	0.059807315	-0.012604168	0.010219783	0.030408261	0.004256073	0.031594459	-0.273497131	0.054592639	0.027496855	-0.056511097	0.024883934	0.157048431	-0.060040441	0.132647359	0.207489941	0.117773670	0.148052230	-0.058704357	-0.022253825	-0.008295408	-0.107061599	-0.026436150	-0.000875949	-0.015629692	-0.048765953	-0.099751465	-0.099150832	0.005249622	-0.005778579	0.042648553	-0.005415301	-0.134544631	-0.083028113	0.040418221	0.039493092	-0.107575679	0.004261077	-0.030728233	0.063413993	-0.021426255	0.057239863	0.086300328	-0.012125491	-0.103503373	0.016980402	0.010236292	0.039763784	-0.113280120	0.007253319	-0.000722011	0.066033224	-0.019110219		A1*: R10*d(2)
0.060389170	-0.030395613	-0.018825848	-0.018254883	0.003065691	0.097861673	0.098820016	0.190299832	-0.092833561	-0.023242903	-0.018053997	-0.032276579	-0.029702078	-0.007053194	-0.027657316	-0.002844238	0.010959685	-0.035278261	-0.708908762	0.019478039	0.070943181	-0.147394348	0.033155078	1.220384339	-0.112755890	-0.182159398	0.007981619	-0.000087580	-0.101747490	-0.173597116	0.011724980	-0.048959804	-0.069849306	-0.027737739	-0.008757156	0.121547534	0.085450743	0.108265299	-0.119082425	0.060445332	0.014863512	-0.000284099	-0.073378459	-0.035470979	0.013405853	-0.027724766	-0.048955748	-0.004553793	-0.027294297	-0.009217807	-0.005260291	0.043052702	0.001651726	0.010290417	0.072829688	-0.072904774	0.001936234	-0.042368732	-0.063338031	-0.095823235	0.239891334	-0.038467257	0.083879369	0.027031899	-0.048132389	0.079365118	0.219419197	0.150092439	0.078175329	0.238794584	0.045709716	-0.018154721	-0.021233785	0.178031267	0.002796681	0.010323847	-0.011175638	-0.006528204	0.082578228	-0.043014098	0.021222032	-0.137503444	-0.042582250	0.126693907	0.188593168	0.038938242	0.017288682	-0.058613059	0.016223993	0.014646029	-0.024772862	-0.027986796		A1*: R10*d(-2)
-0.033777158	-0.044597084	-0.034609626	-0.011065864	-0.002089590	-0.083211252	-0.181967935	-0.113429910	-0.000502255	-0.006124515	0.008360850	-0.002073436	0.004337022	0.012581898	-0.002355632	0.026888941	-0.028016551	0.048964172	-0.055874759	0.096529265	-0.062589464	-0.134163736	-0.019001955	-0.112755890	3.090003798	-0.032016393	-0.086689919	0.188394720	0.133955359	0.043774861	-0.139692495	-0.105198452	-0.141270689	-0.021858227	-0.263647756	-0.221022043	-0.154122542	0.012872473	-0.134523243	0.001845415	-0.007004976	0.002521895	-0.019437086	-0.067415870	0.101895681	-0.011177407	0.040169310	0.043771477	-0.001473381	0.007336206	0.004463067	-0.140460377	-0.053516323	0.174270800	-0.118578606	0.013156098	0.123782744	0.006376654	-0.118124599	0.051549398	0.015963353	-0.055251780	0.011246090	-0.237625261	-0.049630495	0.036969575	-0.074790209	0.079554135	-0.100219574	-0.102093442	-0.019608093	-0.110664085	0.026513236	-0.185383590	0.009168909	0.001145503	-0.007022715	-0.001316303	0.083508093	-0.016960320	0.053574653	0.157077145	0.012916628	-0.142181414	-0.214900807	0.032885130	-0.021501533	0.021916317	0.010068591	0.010709250	-0.040499028	0.047411113		A1*: R11*f(0)
-0.011696051	0.108893680	0.028038708	0.009418525	0.000008175	0.039651097	-0.010305506	-0.306540205	0.006914128	0.003964400	-0.021170364	-0.000304478	0.001831169	0.023506684	0.044575054	-0.006674115	-0.028199459	-0.007501048	-0.009234482	-0.091039631	0.002232574	0.200723083	-0.003801013	-0.182159398	-0.032016393	3.008654573	0.031010601	-0.031141432	-0.037040820	0.079734495	-0.035277473	0.192267645	0.208629211	0.032320990	-0.138171837	0.114334337	-0.138955774	0.025383235	-0.023508014	0.022529916	-0.002112565	0.000688310	0.039416390	0.033237954	-0.086832649	0.034338475	0.013410456	-0.053197648	0.000295035	-0.000632802	0.003392399	0.030030420	-0.013810283	-0.104553548	-0.041326694	0.121489451	-0.006349436	0.037701599	0.087036661	-0.006608655	-0.084406243	0.040275768	-0.094816614	-0.037543503	0.044058039	-0.167021389	-0.018365807	0.056334318	-0.101326949	-0.159603509	-0.021343945	0.073308291	-0.162140461	0.030888656	-0.018042265	0.000387582	0.002859230	-0.030817376	-0.021812509	-0.003597747	0.019128439	0.073369948	0.007848640	0.024575285	-0.116673979	-0.238337397	0.033276537	-0.016741697	-0.003946268	0.033142520	0.003163510	0.013445399		A1*: R11*f(1)
-0.097044122	0.481582284	0.086554338	0.052241967	0.001497551	-0.002738080	-0.058534265	-0.192684288	-0.005576098	0.061818668	-0.003588512	0.004465212	0.024488460	0.009275712	0.116631436	-0.071648955	0.021961442	0.044043480	-0.019477295	0.019372552	0.106523702	-0.020812700	0.169685212	0.007981619	-0.086689919	0.031010601	3.318773345	0.050964388	-0.283678139	-0.025140591	0.141997765	0.268348787	0.192111049	0.041268206	0.143854055	-0.048462254	-0.066516946	-0.230600168	0.339072011	-0.018248292	0.016445843	-0.006174514	-0.058446215	0.238769146	0.034075507	0.025284188	-0.075156451	0.059612990	0.006401568	-0.018414651	0.008938178	0.085839313	-0.049995196	0.276564026	0.113556516	0.070849158	0.001013952	-0.027734345	-0.166355933	0.006080746	-0.009935780	-0.217016038	-0.019523257	0.148339154	-0.129509459	-0.120101819	0.063011721	-0.164690738	0.186012392	0.132014037	0.022839318	-0.186294166	0.045339198	-0.153053117	0.073000218	-0.081971925	-0.010216755	-0.029442417	0.100848766	0.050977520	0.042012372	0.030217750	0.008266322	-0.093943952	-0.039972703	-0.163108292	0.054490841	-0.066962138	0.004675010	0.024214661	-0.087277402	-0.012126518		A1*: R11*f(-1)
0.118033129	-0.182048430	0.020583792	-0.020541199	0.000604700	0.013200650	0.203957428	-0.267854472	-0.009595254	-0.041931197	0.006541322	0.010225179	-0.017502084	0.033083208	-0.061603711	0.011172501	-0.022528446	-0.083761303	0.025448793	-0.056596472	0.020034463	-0.087421150	-0.112777794	-0.000087580	0.188394720	-0.031141432	0.050964388	3.038489006	0.069596218	-0.059040283	-0.065958578	0.022863181	0.040322940	0.008728918	0.195755116	-0.112482527	-0.043511294	0.281867939	-0.254920330	0.071280142	-0.012370455	0.004847992	-0.008929445	-0.023770924	0.129896647	-0.035925265	0.102372732	0.030040045	-0.006316659	0.008104550	0.004706386	-0.190993926	0.000569396	0.142435651	-0.164744534	-0.135489972	0.037353371	0.108754671	-0.183249268	0.027784297	0.048933143	-0.025115710	0.055598073	-0.110780457	-0.148045498	-0.153666011	0.045349036	0.004931417	-0.063820339	-0.015401432	-0.006783875	0.274270189	0.159383104	0.000905741	-0.022238773	0.033217681	-0.011694752	-0.040543243	0.054786970	-0.024420484	-0.026788974	-0.012120018	-0.000738464	0.020568037	0.071700991	-0.001594775	-0.053360287	0.059099308	0.011980303	-0.008914210	-0.145631804	0.062360555		A1*: R11*f(2)
0.070276271	-0.423498191	-0.095425561	-0.046690663	-0.001589069	0.082632315	-0.202359751	-0.057767205	0.009408734	-0.043842255	0.008234609	-0.001055377	0.009627173	-0.000325916	-0.061429907	0.128133861	-0.007440327	0.009642260	0.034392684	0.033157946	-0.078649810	0.014243566	-0.030875880	-0.101747490	0.133955359	-0.037040820	-0.283678139	0.069596218	3.237261874	-0.050473392	-0.017336580	-0.186522769	-0.124009044	-0.024020388	0.148841461	0.067080835	0.107839544	0.040845299	-0.125359278	-0.037595049	-0.000614976	0.001065598	0.129766437	-0.186239734	0.088240042	0.034788413	0.009505710	0.004508792	-0.000576692	0.006915899	-0.002040222	-0.032905219	0.031695794	0.032733249	-0.112674814	0.093487547	0.021847587	-0.039198003	-0.046260651	0.094293224	-0.102423902	-0.012182706	-0.160528340	-0.137615802	-0.121343474	0.285943079	-0.181851372	-0.135501885	-0.281557417	-0.230491848	-0.044618113	-0.061775735	-0.066552947	-0.115957680	-0.042039927	0.054968664	0.003316180	0.012833751	0.051670366	-0.041381109	0.017334825	-0.086831770	-0.009751958	0.170086868	0.148871820	-0.093968390	-0.032265355	0.051865354	0.003418590	-0.033137203	0.009972486	0.037441851		A1*: R11*f(-2)
0.052639580	0.087573465	0.061859290	0.002778009	0.000073775	-0.404416545	0.126596222	0.040896964	-0.008648327	-0.015069228	-0.002518645	0.047613633	-0.005462257	0.002727900	-0.008726966	-0.018212929	-0.012750575	-0.026244938	-0.044430420	-0.015031575	0.049581606	-0.129813047	-0.031976272	-0.173597116	0.043774861	0.079734495	-0.025140591	-0.059040283	-0.050473392	3.161656721	-0.058618343	-0.015611278	-0.035151894	-0.005820373	-0.025903267	0.044334980	0.071549508	0.198071233	-0.185945053	0.078643294	-0.008934558	0.003609495	0.106751053	0.052749764	-0.027262046	0.044590837	0.092008080	-0.017585734	0.006655237	-0.000232015	-0.003342002	-0.066730279	-0.051743415	-0.069752733	-0.215089220	0.266812656	-0.043184285	0.083355486	0.009575355	0.086630045	-0.226303919	-0.041937173	-0.017291974	0.092237354	0.002216801	-0.141153897	-0.252424127	-0.157086436	0.121607785	0.095134242	0.019809364	-0.085354406	-0.066526053	0.104901921	-0.010856491	0.021073436	0.007518708	0.028395447	-0.120357034	0.003738968	0.049623815	0.141914371	0.016720262	-0.220658731	-0.101995309	-0.013160757	0.000436650	0.006157410	-0.008440911	-0.020354494	0.037322883	-0.031746735		A1*: R11*f(3)
-0.044789396	0.111648099	-0.005922469	0.015414054	0.000791341	0.041165758	-0.230684968	0.096561968	0.008411253	0.033787770	-0.001119498	-0.003739294	0.040896979	-0.003192763	0.015594895	0.001911592	0.033335736	0.092627695	0.036595687	0.062380546	0.064679115	0.030482464	0.189463702	0.011724980	-0.139692495	-0.035277473	0.141997765	-0.065958578	-0.017336580	-0.058618343	3.124811243	0.022106926	0.017832588	0.001806008	-0.097538223	0.012449303	-0.038132891	-0.306223335	0.385918604	-0.089696049	0.025153056	-0.008520020	0.093823001	0.085893016	0.034159104	0.069639499	-0.126518468	0.056966497	0.006488720	-0.017952490	0.007442130	0.082865001	-0.085035607	0.144694348	0.200620153	0.203222837	0.084794654	0.006878032	-0.044528819	-0.022849563	-0.142846675	0.029209967	0.017812416	-0.186821111	0.009589535	-0.145527756	-0.192902398	0.010294319	0.056325045	0.053362828	0.010899753	0.175219077	0.093089918	0.082497189	0.043134109	-0.041653977	-0.000230626	-0.020112473	0.029169804	0.007082287	0.039389239	-0.158966191	-0.010201477	-0.010347608	0.275419737	0.064432445	0.039834980	-0.039819697	0.000162543	0.017506142	0.059641807	-0.027793918		A1*: R11*f(-3)
0.126593099	0.020504961	0.058690081	-0.021273529	0.056019402	0.079797404	0.184896200	-0.289410930	-0.009249701	0.019056268	-0.004585685	0.012330178	0.000830136	-0.033569613	0.016151266	-0.018850813	0.015656833	-0.008819629	-0.009093151	-0.105295574	0.069282209	0.101518411	-0.019937382	-0.048959804	-0.105198452	0.192267645	0.268348787	0.022863181	-0.186522769	-0.015611278	0.022106926	1.182402274	0.832581872	0.085762155	-0.078501032	-0.078195476	0.175488794	-0.206407459	0.431797166	0.024580696	0.003340217	0.003178096	-0.093746277	0.254002821	-0.038266243	0.011647457	-0.001392532	-0.038803420	0.002956333	-0.017217782	0.001696051	0.049113892	-0.019961062	-0.022793015	0.031434115	0.020354047	0.018953964	0.003369814	0.003498509	0.037376173	0.024956244	0.070977709	-0.020461346	-0.035644199	0.019875947	0.031376865	0.015053416	-0.041150982	0.218145459	-0.010852559	0.013955215	0.018864534	-0.061224433	-0.016202554	0.095773667	0.033439128	-0.000718482	-0.003280301	0.025520815	-0.025189711	0.000227074	0.047200065	-0.008638230	0.007328722	0.052835220	-0.035040154	-0.002527218	-0.022917924	-0.005680454	0.011158701	-0.043169470	-0.009449707		A2*: R12*s(0)
0.109171694	-0.069917852	0.114524582	-0.086923870	0.068111208	0.145633773	0.150155528	-0.314931660	0.063784509	0.063580352	-0.153630061	0.050446431	0.058620167	-0.144950357	0.034078522	-0.062599669	-0.051145108	-0.061087608	0.024304167	-0.262880538	0.198125186	0.276019909	0.014628278	-0.069849306	-0.141270689	0.208629211	0.192111049	0.040322940	-0.124009044	-0.035151894	0.017832588	0.832581872	1.114402964	0.262706661	0.077083203	0.045852625	-0.185725043	0.149259862	-0.161087868	0.123893857	-0.016612002	0.000375108	-0.023429685	0.050174641	0.027697878	0.005663033	0.086339619	-0.043039951	-0.017176287	0.009958492	0.014860315	-0.001304104	-0.020216507	-0.004535191	-0.036727249	-0.056544727	-0.043585348	-0.031778659	0.015343803	-0.097628254	-0.093755926	-0.073591262	0.006288023	0.050266731	-0.013306990	-0.042243520	-0.005002923	0.055322817	-0.010740594	-0.075334470	0.001665656	-0.004283673	0.182223492	-0.083525118	0.033342840	-0.065030883	0.001624693	-0.015995505	0.009270466	0.014640475	-0.082951083	-0.093003746	0.008461988	0.058880054	0.034633410	-0.015910362	-0.022910704	-0.029373755	0.011097045	-0.008435122	0.069094231	-0.022454892		A2*: R13*s(0)
0.118133714	-0.092942404	0.021975664	-0.353512732	-0.351329070	0.000930792	0.014073585	-0.002603409	0.009616127	0.033086108	-0.022502437	0.133808462	0.168382337	-0.348974683	0.040286117	-0.037424941	-0.045896209	-0.010999602	0.014828388	-0.074834288	0.054957927	0.054679532	-0.012626873	-0.027737739	-0.021858227	0.032320990	0.041268206	0.008728918	-0.024020388	-0.005820373	0.001806008	0.085762155	0.262706661	-0.195916295	-0.015480238	-0.020875170	0.034480208	0.012303054	0.020440574	-0.011008709	-0.043454576	-0.011603951	-0.003361606	0.013988396	-0.000322457	0.021255407	-0.020136371	-0.020179440	-0.022374919	0.069389948	0.020775306	-0.002602102	0.003042066	-0.000752445	-0.002884455	-0.001294872	0.006293488	0.008957197	-0.022692632	0.005600957	0.017849302	-0.009186583	0.004849384	-0.006006531	-0.010943106	-0.004634303	0.008769960	0.001785599	0.013968052	0.001687230	-0.058373263	0.000592038	-0.015464982	0.006942680	-0.000706244	0.001647172	-0.023196510	-0.002126738	-0.002284527	0.003966270	0.008939766	0.013459296	-0.012833466	0.000640873	0.003813735	0.000788191	-0.005674242	0.011095925	-0.007298667	0.000280140	-0.007255782	0.004520311		A2: R14*s(0)
0.016761044	0.028510934	0.036819478	-0.007181798	0.004196997	-0.029355588	0.035805912	-0.144526196	0.073007556	0.031048900	-0.097860254	-0.020086204	0.008718221	-0.012242913	0.054035966	-0.088224612	-0.033241811	0.001979224	0.000118791	-0.139376860	-0.143315103	0.127090734	0.089732422	-0.008757156	-0.263647756	-0.138171837	0.143854055	0.195755116	0.148841461	-0.025903267	-0.097538223	-0.078501032	0.077083203	-0.015480238	1.968739922	0.043404852	-0.195862259	-0.050913401	0.040328072	-0.040412534	-0.002850595	-0.000686940	0.017890467	0.005973674	-0.023012097	-0.009708288	-0.015477141	0.015877047	-0.004748409	0.003842078	0.012969827	0.025435461	0.023521297	0.060856037	-0.011856845	-0.042301539	0.013877163	0.003233939	0.048589381	-0.012161417	-0.025051315	0.020196121	-0.008299647	0.010234955	0.001197612	-0.052427621	0.008494299	0.004232409	-0.008577150	-0.051687352	0.004391440	-0.039675413	-0.019186643	-0.007164688	0.005876988	-0.013466631	-0.002948128	-0.038195214	-0.040136534	0.020786447	-0.057759963	-0.023572186	0.004648999	-0.084241440	-0.060931425	0.076648751	-0.018334700	0.006145441	0.000662351	0.019560605	0.030448282	0.020655890		A2*: R15*p(0)
0.027151327	0.116058136	0.021200013	-0.003895549	0.005649446	0.012389233	0.088890524	-0.070887690	-0.012116569	0.102622149	-0.008581257	0.006206664	-0.021864919	-0.015485584	0.050563475	-0.035214710	-0.190477067	-0.054300088	0.079615955	-0.163972287	0.170466382	-0.218768386	-0.051752613	0.121547534	-0.221022043	0.114334337	-0.048462254	-0.112482527	0.067080835	0.044334980	0.012449303	-0.078195476	0.045852625	-0.020875170	0.043404852	2.197874776	-0.230328733	0.358260149	-0.338372281	0.058398754	-0.006458398	0.003905762	-0.023347304	-0.014089140	0.088072182	0.016360469	0.040048707	-0.053079361	-0.000408146	0.001252328	-0.005196758	0.050769786	-0.025123725	-0.091206881	-0.021787358	0.009397773	0.048252983	-0.048494872	-0.122442268	-0.063673356	0.022350290	-0.078152618	-0.021699309	-0.087889941	-0.121898307	0.024396528	0.046754673	0.051030631	-0.054786789	0.193760349	-0.016409530	-0.028404266	0.105884829	-0.019410073	-0.032734006	-0.006977389	0.002920062	-0.003317451	0.109390344	-0.045325199	-0.057650838	-0.020865684	0.003921429	-0.069324619	-0.031061070	0.107778386	0.041249061	-0.069727578	0.007497742	0.019539802	-0.008180763	-0.030087018		A2*: R15*p(1)
-0.118085841	-0.096342947	-0.157624832	0.019971796	-0.011863844	-0.127646397	-0.169367264	0.227562625	-0.075323342	-0.073236020	0.221009736	-0.014474169	-0.016801752	0.012208485	-0.154687444	0.140881895	0.145823202	0.055915316	-0.043878177	0.056009499	-0.157896617	-0.191320529	-0.020280553	0.085450743	-0.154122542	-0.138955774	-0.066516946	-0.043511294	0.107839544	0.071549508	-0.038132891	0.175488794	-0.185725043	0.034480208	-0.195862259	-0.230328733	2.390666542	-0.172939490	0.088687427	-0.028297374	0.005450426	-0.001002485	-0.002317850	-0.024882694	0.004811551	0.000277014	-0.008399585	0.000636650	0.015740157	-0.006701069	-0.018772611	0.027647805	0.033655743	-0.039252120	-0.010123298	0.039056168	0.019301068	0.024181925	-0.018271825	0.009737382	0.022636081	0.077842508	0.000200658	-0.017986518	0.048438575	0.016485637	-0.022068446	-0.037725862	0.036233294	0.006900488	-0.000317784	0.002573309	-0.039437838	-0.027122518	-0.012997482	0.018100449	0.002882855	0.009567873	-0.022694102	-0.055051396	-0.016435956	-0.008164664	-0.008023771	-0.004405867	-0.014473613	0.018346684	0.005923032	0.021329278	-0.004063565	0.030003913	-0.022316448	0.000766791		A2*: R15*p(-1)
1.462407053	0.482410194	0.282635199	0.090548363	-0.000055654	0.041760867	0.388814574	-0.027278006	-0.041960158	-0.195852222	0.002452205	-0.041593263	0.093348331	-0.033379572	-0.398401257	0.209746522	-0.119444803	-0.399258435	0.061531594	-0.507724959	0.380652175	-0.122505155	-0.340724623	0.108265299	0.012872473	0.025383235	-0.230600168	0.281867939	0.040845299	0.198071233	-0.306223335	-0.206407459	0.149259862	0.012303054	-0.050913401	0.358260149	-0.172939490	12.982085662	-10.000417622	-0.288398818	-0.254648765	0.008145294	0.130540196	-0.000573257	0.068761696	-0.088584714	0.144088134	-0.064220292	-0.036431968	0.058552950	-0.026352933	-0.195251190	-0.154923060	-0.375035344	-0.712764411	-0.474020234	-0.056978655	0.007197799	-0.154448039	-0.162116901	-0.227546614	-0.126659823	-0.018086270	0.063791647	0.036862995	-0.014551943	-0.010731061	0.112109900	-0.205879327	0.149196376	0.012379372	-0.132719965	0.378619385	-0.016626072	0.127195465	0.108834446	0.118302921	0.031161601	-0.064810408	-0.098489286	0.752805255	0.003168132	0.094252768	0.549620609	0.035694176	0.283490716	0.126394903	0.109277283	0.118299304	-0.069017088	-0.040644213	0.092339481		A3*: R16*s(0)
0.483232694	-1.714639337	-0.146387584	-0.127865250	0.022666990	-0.039976061	-0.235944678	0.009174701	0.065058072	0.045993280	0.028348174	0.034590609	-0.106236664	0.031336722	0.497402480	-0.231981606	0.255598505	0.596397393	0.103687317	0.377506070	-0.334869909	0.063175408	0.168664274	-0.119082425	-0.134523243	-0.023508014	0.339072011	-0.254920330	-0.125359278	-0.185945053	0.385918604	0.431797166	-0.161087868	0.020440574	0.040328072	-0.338372281	0.088687427	-10.000417622	9.822777331	-0.219715043	0.251598144	-0.007944463	-0.251156692	0.132516658	-0.148294138	0.124708793	-0.229234214	0.093763992	0.044245292	-0.088492238	0.034170191	0.202369177	-0.103994486	0.123920519	0.240608407	0.079655611	0.003335502	0.108591924	0.198989042	0.258577434	0.325043685	0.412787038	-0.016182324	-0.354001198	-0.081197074	0.394873524	-0.005279175	-0.139675239	0.431786216	-0.161066777	0.020378017	0.060326848	-0.343556596	0.050464376	0.019986082	-0.069422498	-0.092747561	0.067306322	-0.129920730	-0.045741030	-0.439475919	0.076087966	-0.071535766	-0.648392362	0.265177230	-0.372796618	0.020965776	-0.069860952	-0.092714840	-0.011200326	-0.111472649	0.104873713		A3*: R17*s(0)
0.283250451	-0.147407080	-0.067538183	0.029120390	-0.034679897	-0.018565538	0.105682106	-0.022944272	-0.067411237	-0.030332331	-0.031513547	-0.006773597	0.053617483	-0.010220708	-0.000059230	0.012164996	0.032767012	0.034018791	0.055161048	-0.139474176	0.110714481	-0.015554546	-0.075531178	0.060445332	0.001845415	0.022529916	-0.018248292	0.071280142	-0.037595049	0.078643294	-0.089696049	0.024580696	0.123893857	-0.011008709	-0.040412534	0.058398754	-0.028297374	-0.288398818	-0.219715043	0.761140520	-0.063017813	0.005665644	-0.018220781	-0.059460324	-0.001987938	-0.052111913	0.078485144	-0.036989173	-0.020312977	0.025941401	-0.013877048	0.001428832	-0.084057093	-0.063192354	-0.144710752	-0.095166812	-0.052328558	0.002059497	-0.060199391	-0.110771217	-0.064738893	0.048078801	-0.019472175	-0.071234066	-0.009729738	0.116652770	-0.019842753	0.032527432	0.024556103	0.123887805	-0.010974752	-0.040272819	0.058639549	-0.028674769	0.059014661	0.114414070	0.022048926	0.051073566	-0.069177063	-0.138813002	0.076136739	0.133200846	-0.022082911	-0.005212334	0.008163028	-0.003634339	0.058861779	0.114501552	0.021989795	-0.090450925	-0.035222975	0.131359315		A3*: R18*s(0)
0.090373260	-0.128029252	0.029141537	-0.314943150	-0.268938492	-0.001302586	-0.021085627	0.001967522	0.013767091	-0.044413238	0.012841818	0.085319343	-0.366490505	0.090435397	0.002299750	-0.008489749	-0.007987085	-0.012167096	-0.014113968	0.056286632	-0.032439811	0.030069484	0.059807315	0.014863512	-0.007004976	-0.002112565	0.016445843	-0.012370455	-0.000614976	-0.008934558	0.025153056	0.003340217	-0.016612002	-0.043454576	-0.002850595	-0.006458398	0.005450426	-0.254648765	0.251598144	-0.063017813	-0.646172559	-0.866249194	-0.023240371	0.019748574	-0.014646293	0.021141215	-0.051143668	0.017414574	0.001911517	-0.055247806	0.007873831	0.006403180	0.008040983	0.011970300	0.027108355	0.014405556	-0.000735898	-0.004501830	0.013950426	0.000436187	0.025978784	0.041571141	-0.002507073	-0.043257348	-0.004185212	0.041162233	-0.001549628	-0.021705928	0.003333973	-0.016648414	-0.043585604	0.002128054	-0.007697146	-0.004051091	-0.021360955	-0.086821133	-0.353518088	-0.009235330	0.009081650	0.017221056	-0.006196354	-0.023426095	-0.183489909	-0.004251510	-0.010780556	-0.000900899	-0.021349366	-0.086912935	-0.353533097	0.009668286	0.004549449	-0.018743692		A3: R19*s(0)
-0.000030819	0.022656897	-0.034688891	-0.268924066	0.052360177	0.005528812	-0.025589976	0.006095344	-0.022064481	0.108653302	-0.025127544	0.088471495	-0.463330354	0.104190867	0.000132150	0.001524579	0.001980949	0.003324578	0.003077381	-0.010645144	0.004651737	-0.004404280	-0.012604168	-0.000284099	0.002521895	0.000688310	-0.006174514	0.004847992	0.001065598	0.003609495	-0.008520020	0.003178096	0.000375108	-0.011603951	-0.000686940	0.003905762	-0.001002485	0.008145294	-0.007944463	0.005665644	-0.866249194	-10.464419649	0.004977985	-0.005838178	0.003331562	-0.009797760	0.008521173	-0.006185465	0.019524922	-0.039380484	0.015098863	0.000699992	-0.004406114	-0.003356362	-0.006634082	-0.005567813	-0.000152965	0.001942074	-0.001075662	0.001785123	-0.002139115	-0.000085811	-0.000512461	-0.002163339	0.001103989	0.001928899	-0.000256319	-0.000411081	0.003176850	0.000378030	-0.011677464	-0.000811474	0.003943455	-0.000766875	0.056080712	0.068074380	-0.351323134	0.006399424	-0.008311595	-0.008954943	0.023704146	0.045636157	-0.169292296	-0.003351950	0.000236461	-0.001780826	0.056085616	0.068066083	-0.351364340	-0.004445357	-0.005715076	0.011738913		A3: R20*s(0)
0.155945015	-0.108238371	0.014866671	-0.007586953	-0.002670126	0.035602766	-0.079931977	0.011955354	0.036899523	-0.049354842	0.008087128	0.004448892	0.005122693	-0.003307198	-0.048231493	-0.007625334	-0.012428614	-0.095971093	0.056373894	-0.042797297	0.055621383	-0.003524471	0.010219783	-0.073378459	-0.019437086	0.039416390	-0.058446215	-0.008929445	0.129766437	0.106751053	0.093823001	-0.093746277	-0.023429685	-0.003361606	0.017890467	-0.023347304	-0.002317850	0.130540196	-0.251156692	-0.018220781	-0.023240371	0.004977985	1.194468306	-0.226674235	-0.067603874	-0.551178681	0.014775238	-0.048379529	-0.013876290	0.014088444	0.002629215	-0.041186172	-0.005643469	0.031285543	-0.040570167	-0.026783307	-0.038980085	0.171355661	-0.208109794	0.045957528	-0.079256619	-0.115083091	0.090994253	-0.016257309	0.176025872	-0.060556509	-0.237247049	-0.196791496	-0.059139557	0.014120938	-0.000787206	0.001303960	0.054101439	-0.017292292	0.148719988	0.202564991	0.005205044	0.016094062	-0.111904259	-0.153487484	-0.064361656	-0.224832052	0.007130919	0.252924088	-0.223413789	0.188003672	-0.101675379	-0.099608639	0.004130689	-0.035459792	-0.026356554	-0.107328942		A3*: R21*p(0)
-0.336546582	0.197684646	-0.106522743	0.018769703	0.026353592	-0.100105762	0.584561555	-0.121436624	-0.016960687	0.152815457	-0.023899075	0.009221880	-0.030596644	0.009844006	0.167713560	-0.004113835	0.106063442	0.312299913	0.045545028	0.001523624	0.032885990	-0.028027866	0.030408261	-0.035470979	-0.067415870	0.033237954	0.238769146	-0.023770924	-0.186239734	0.052749764	0.085893016	0.254002821	0.050174641	0.013988396	0.005973674	-0.014089140	-0.024882694	-0.000573257	0.132516658	-0.059460324	0.019748574	-0.005838178	-0.226674235	1.710725589	-0.160161379	0.003934928	-0.556552192	0.013933907	0.015323834	-0.036862035	0.009829320	-0.026913605	0.031081278	-0.008074341	-0.007678527	0.028262947	0.302700046	-0.257780938	0.163479996	0.213549710	0.030056543	0.085797515	0.073017767	0.028984828	0.049509621	-0.266084071	0.226811610	-0.313564805	0.245829307	0.040879756	0.013385854	-0.017108208	-0.025608510	0.029913907	-0.250744668	-0.210638501	-0.013008227	-0.133980936	0.137886674	0.148722454	0.068069655	0.104598434	0.002907365	-0.185359331	0.079971455	-0.113537323	-0.190709107	-0.138098079	-0.012753661	0.036029717	0.079331420	-0.163159059		A3*: R21*p(1)
0.124147107	-0.081904860	0.021133287	-0.006333862	-0.004694675	0.014654961	-0.110796678	0.053196223	0.004010239	-0.040880331	0.040440002	-0.003829528	0.007712649	0.006600422	-0.062321625	-0.007538386	0.015590154	-0.089361979	0.003572959	0.009878774	0.030552831	-0.082777698	0.004256073	0.013405853	0.101895681	-0.086832649	0.034075507	0.129896647	0.088240042	-0.027262046	0.034159104	-0.038266243	0.027697878	-0.000322457	-0.023012097	0.088072182	0.004811551	0.068761696	-0.148294138	-0.001987938	-0.014646293	0.003331562	-0.067603874	-0.160161379	1.362543313	-0.047085518	0.019647885	-0.489426059	0.002477287	0.009198069	-0.022079192	0.029494874	0.005355851	-0.087490278	-0.020870909	0.042290860	-0.162243556	0.105634322	0.140664061	-0.012589604	-0.196732822	-0.156271859	-0.282935462	-0.224028821	-0.156643312	-0.138215237	0.113486727	-0.004230324	-0.104324137	-0.043772988	-0.005259360	0.008450656	-0.060334707	0.033541545	-0.199102530	-0.239772896	0.003038793	-0.130066439	0.051374631	0.133799440	-0.042123991	-0.130753495	0.003371087	0.183456165	-0.133396887	0.059865579	0.278978551	0.337204933	0.005080395	-0.135821240	-0.086896653	0.243174902		A3*: R21*p(-1)
-0.098015054	0.074126460	-0.071309796	-0.000721221	0.012640107	0.028748676	-0.024796871	0.000808243	-0.127458453	0.039223840	0.116212246	-0.033898840	-0.005471177	0.004576288	0.025155658	-0.012512460	0.006490039	0.023138568	-0.019986142	0.058235357	-0.041569155	0.009237310	0.031594459	-0.027724766	-0.011177407	0.034338475	0.025284188	-0.035925265	0.034788413	0.044590837	0.069639499	0.011647457	0.005663033	0.021255407	-0.009708288	0.016360469	0.000277014	-0.088584714	0.124708793	-0.052111913	0.021141215	-0.009797760	-0.551178681	0.003934928	-0.047085518	0.644614616	-0.036039249	-0.110147266	0.081067187	-0.013943860	0.004389904	0.008990452	-0.009017125	0.019947557	0.029296235	0.024124332	0.013682683	-0.060372473	0.016339652	-0.027942092	0.080678328	0.012543670	0.012864020	-0.012447142	-0.000644724	0.003170050	0.009523522	-0.026006375	-0.024925357	-0.022783306	-0.006258320	0.000154125	-0.028450407	0.010613910	-0.002738474	0.089168245	0.020306667	0.093129731	-0.033455620	-0.096088991	-0.086679124	-0.070503624	-0.022395457	0.058490552	-0.002176347	-0.002371024	-0.000815344	-0.056343559	0.001352218	0.071916514	-0.015049030	-0.072720889		A3*: R22*p(0)
0.159378440	-0.010133619	-0.005806535	0.047803882	-0.111098321	0.007643934	0.166245610	-0.012709127	0.002789575	-0.104763661	-0.030632437	-0.026744289	0.085360349	-0.029790082	-0.076623479	0.047129460	-0.029029702	-0.070384133	0.003307698	-0.221614158	0.097496440	-0.117106610	-0.273497131	-0.048955748	0.040169310	0.013410456	-0.075156451	0.102372732	0.009505710	0.092008080	-0.126518468	-0.001392532	0.086339619	-0.020136371	-0.015477141	0.040048707	-0.008399585	0.144088134	-0.229234214	0.078485144	-0.051143668	0.008521173	0.014775238	-0.556552192	0.019647885	-0.036039249	0.607941471	0.013391151	-0.012490448	0.100821086	-0.009631405	-0.061032463	0.025425679	-0.038835047	-0.085296037	-0.023804624	-0.072600124	0.045494130	-0.028595608	-0.072218690	-0.014073757	-0.049816839	-0.003806856	0.046556970	0.003225792	-0.034258618	-0.005834783	0.040601714	0.007393246	0.093071859	-0.013445104	-0.012555610	0.049823567	-0.021067309	-0.021296415	-0.096568784	-0.034735287	-0.077983478	0.120948597	0.082597687	0.003273332	-0.039820615	-0.015430739	0.033545336	0.039866484	0.020591755	-0.021710344	-0.061669431	-0.030239049	0.010598519	0.096601572	-0.082541419		A3*: R22*p(1)
-0.071135135	0.039991114	-0.036551122	-0.006433679	0.020495132	-0.003264943	-0.029702509	0.035244524	0.120678722	-0.011602720	-0.293959719	0.007238006	-0.018761309	-0.035219823	0.025852775	-0.013429976	-0.007227560	0.022721735	-0.003295935	0.055340052	-0.038361871	0.010808949	0.054592639	-0.004553793	0.043771477	-0.053197648	0.059612990	0.030040045	0.004508792	-0.017585734	0.056966497	-0.038803420	-0.043039951	-0.020179440	0.015877047	-0.053079361	0.000636650	-0.064220292	0.093763992	-0.036989173	0.017414574	-0.006185465	-0.048379529	0.013933907	-0.489426059	-0.110147266	0.013391151	0.804022382	0.004191113	-0.010372893	0.079473905	0.025252640	0.002223445	0.015617603	0.018683018	0.017643743	0.014400274	-0.025401994	0.068368864	-0.018538996	0.015855221	0.024036663	-0.013955621	-0.011210108	0.008407667	-0.002279536	0.004847062	-0.014018042	0.031004934	0.011402453	0.032297556	-0.003098150	0.032285139	-0.018727197	0.003480975	-0.120452126	-0.008374001	-0.079867943	0.016941726	0.182411994	-0.045810054	-0.031995049	-0.009807416	-0.006702599	0.001831974	0.059721808	-0.000162838	0.157360817	0.027886165	-0.086614235	-0.007027910	0.228138464		A3*: R22*p(-1)
-0.009946950	-0.000370893	0.010061393	-0.032593206	-0.059078015	0.005532403	0.001825098	-0.002323803	-0.032390226	-0.010165336	0.005977767	-0.170678329	-0.075249478	0.009804736	0.004826114	-0.007652072	-0.009644049	-0.011743537	0.021378339	0.017375817	0.004595782	0.000901886	0.027496855	-0.027294297	-0.001473381	0.000295035	0.006401568	-0.006316659	-0.000576692	0.006655237	0.006488720	0.002956333	-0.017176287	-0.022374919	-0.004748409	-0.000408146	0.015740157	-0.036431968	0.044245292	-0.020312977	0.001911517	0.019524922	-0.013876290	0.015323834	0.002477287	0.081067187	-0.012490448	0.004191113	-0.394317652	-0.002702655	0.012928864	0.002733044	-0.006387418	0.011870322	0.005058970	-0.000192917	0.020986916	-0.026355723	0.014059656	-0.021499143	0.026528895	0.007491727	-0.004453966	-0.006397267	-0.003441645	0.018434736	0.027949344	0.029391806	0.001347786	0.003197045	0.011045327	-0.001300187	-0.002025909	0.011267234	0.014122089	0.074288452	0.198752569	-0.013797463	-0.012636386	-0.016805231	0.004570105	-0.049128182	-0.228058667	0.004229117	-0.004549518	0.011644169	-0.018388897	-0.058792515	-0.124256246	-0.019264903	0.007765203	-0.012280822		A3: R23*p(0)
-0.106581427	0.115328131	-0.052772051	0.380201742	0.471010441	0.005915929	-0.032383276	0.008358053	-0.031332140	0.082850467	-0.031995491	-0.082869986	0.310127404	-0.103580809	0.014314714	-0.003515496	0.024874014	0.031808665	0.023341622	-0.041951556	0.014990232	-0.024349970	-0.056511097	-0.009217807	0.007336206	-0.000632802	-0.018414651	0.008104550	0.006915899	-0.000232015	-0.017952490	-0.017217782	0.009958492	0.069389948	0.003842078	0.001252328	-0.006701069	0.058552950	-0.088492238	0.025941401	-0.055247806	-0.039380484	0.014088444	-0.036862035	0.009198069	-0.013943860	0.100821086	-0.010372893	-0.002702655	-0.401805653	-0.003522841	-0.011077880	0.007194912	-0.005423933	-0.011171498	0.002575532	-0.009006999	0.006889574	-0.014092647	-0.006019681	-0.022119605	-0.018583682	-0.008656972	0.012858209	-0.012830902	0.012021326	-0.028848670	0.038612925	-0.016847193	0.005131611	0.061456218	-0.000408243	0.002450137	0.000934278	-0.010252941	-0.092741280	-0.243340548	-0.014003056	-0.012496095	0.020861728	-0.003990953	0.005368664	0.030306247	0.002316992	-0.010419951	0.000406030	-0.002449735	-0.060829409	-0.165962949	0.006757926	-0.022025014	-0.017319679		A3: R23*p(1)
0.008067540	-0.014559576	0.011832508	-0.064558342	-0.089764045	-0.002834507	0.006179855	0.007296197	0.008595767	-0.020793056	-0.034218952	0.010763322	-0.099604374	-0.153337726	-0.015323315	-0.007235466	0.029198595	-0.010460951	-0.012943194	0.015165006	-0.002547740	-0.012162275	0.024883934	-0.005260291	0.004463067	0.003392399	0.008938178	0.004706386	-0.002040222	-0.003342002	0.007442130	0.001696051	0.014860315	0.020775306	0.012969827	-0.005196758	-0.018772611	-0.026352933	0.034170191	-0.013877048	0.007873831	0.015098863	0.002629215	0.009829320	-0.022079192	0.004389904	-0.009631405	0.079473905	0.012928864	-0.003522841	-0.411205485	0.011526305	-0.001766593	-0.011166932	0.003700714	0.010031320	-0.009717097	-0.030861885	0.012877506	0.000771050	0.010985360	0.011572171	0.014389520	0.020156855	0.018069318	0.025230249	-0.001927353	-0.000857455	0.004775602	-0.024075520	-0.043141058	0.013314366	-0.003761761	-0.023413238	-0.031367333	-0.113364802	-0.263265183	-0.013496091	0.020417146	-0.003542825	0.002890188	-0.026365555	-0.123156952	0.010812664	-0.003215337	-0.010911420	0.030739389	0.140805101	0.353649570	-0.015374572	-0.015644794	0.011541030		A3: R23*p(-1)
-0.350927289	0.483023608	0.012474539	-0.000210253	0.000633448	0.014311320	-0.153637936	0.037695310	-0.000939479	0.075365584	-0.016803129	0.005009743	-0.015755798	0.016655362	-0.032510043	-0.014288843	-0.104833172	-0.038522474	-0.044671808	0.057962976	-0.008926458	0.071319270	0.157048431	0.043052702	-0.140460377	0.030030420	0.085839313	-0.190993926	-0.032905219	-0.066730279	0.082865001	0.049113892	-0.001304104	-0.002602102	0.025435461	0.050769786	0.027647805	-0.195251190	0.202369177	0.001428832	0.006403180	0.000699992	-0.041186172	-0.026913605	0.029494874	0.008990452	-0.061032463	0.025252640	0.002733044	-0.011077880	0.011526305	2.890784997	-0.186763721	-0.084001206	0.193133372	0.098256763	-0.631635198	-0.028233269	0.039996742	-0.005482913	0.000253332	0.082684151	0.014760982	-0.088501773	-0.002428126	0.055372315	-0.006570542	-0.041826312	0.020427114	0.010650616	-0.003574997	-0.044364166	-0.004207111	0.028274176	0.025523192	0.007289096	0.006855380	0.009409871	0.053223652	-0.073289303	0.022164961	0.013184519	-0.003095714	-0.018150794	0.002323112	-0.049385398	0.007468527	0.044012847	0.043254088	-0.037739560	-0.057536157	0.171229800		A3*: R24*d(0)
0.284311379	-0.256682891	0.032351403	-0.012535185	0.002328690	0.019311086	0.044896922	0.004098891	-0.004254374	-0.063163452	0.003351166	0.001299401	-0.003983949	0.001355992	-0.045939168	-0.005911876	-0.016038136	-0.005959354	0.012331179	-0.017316602	-0.047689907	-0.009019771	-0.060040441	0.001651726	-0.053516323	-0.013810283	-0.049995196	0.000569396	0.031695794	-0.051743415	-0.085035607	-0.019961062	-0.020216507	0.003042066	0.023521297	-0.025123725	0.033655743	-0.154923060	-0.103994486	-0.084057093	0.008040983	-0.004406114	-0.005643469	0.031081278	0.005355851	-0.009017125	0.025425679	0.002223445	-0.006387418	0.007194912	-0.001766593	-0.186763721	2.858406819	-0.079662661	0.057513074	0.017221867	-0.005326833	-0.646816367	0.002340375	-0.020040832	0.003810321	-0.088809995	0.031761698	0.064005707	0.054646794	-0.093003654	0.026809311	0.019720599	-0.025181400	-0.021107878	0.001852183	-0.026942045	-0.040111329	-0.011797783	-0.016013997	-0.051776844	-0.041045139	-0.109735320	0.071193088	0.125651307	-0.101157667	-0.019354024	0.017621637	-0.095269120	0.005892931	-0.083971224	-0.025677979	-0.046698361	-0.034384942	0.070337415	0.017666451	-0.139377486		A3*: R24*d(1)
-0.233936154	0.293278724	0.001791315	-0.001775846	0.000747896	0.003769476	-0.167964567	-0.014227157	-0.001260686	0.046976023	0.006326431	0.010824781	-0.016992554	-0.031066935	-0.081582914	-0.046406764	0.113292602	-0.072678970	-0.076626830	0.100006106	-0.023585471	-0.010368036	0.132647359	0.010290417	0.174270800	-0.104553548	0.276564026	0.142435651	0.032733249	-0.069752733	0.144694348	-0.022793015	-0.004535191	-0.000752445	0.060856037	-0.091206881	-0.039252120	-0.375035344	0.123920519	-0.063192354	0.011970300	-0.003356362	0.031285543	-0.008074341	-0.087490278	0.019947557	-0.038835047	0.015617603	0.011870322	-0.005423933	-0.011166932	-0.084001206	-0.079662661	3.157536298	0.116933457	-0.117730436	0.059156899	-0.026469946	-0.707196881	0.009797661	0.040403473	0.060451494	0.051591778	-0.000222599	-0.004846930	0.010325721	0.015610730	-0.035695241	0.048568094	-0.047607357	-0.002577422	0.004445269	0.044766305	-0.091009502	-0.009429509	0.023280916	0.044481925	0.083298396	-0.170615001	-0.080152248	0.045208678	0.037401760	-0.002667342	-0.015920579	-0.016390821	-0.015538304	0.009203388	-0.075008149	-0.046461802	0.030382044	0.197623101	-0.154656249		A3*: R24*d(-1)
-0.288219301	0.561583566	0.063607742	-0.018093695	0.004503175	0.047178652	-0.267804530	0.061572546	-0.010864414	0.058029158	-0.012293037	0.013267160	-0.038402356	0.014692184	-0.060156217	0.027393354	-0.091166363	-0.168380906	-0.092610812	0.160676614	-0.055018197	0.109717365	0.207489941	0.072829688	-0.118578606	-0.041326694	0.113556516	-0.164744534	-0.112674814	-0.215089220	0.200620153	0.031434115	-0.036727249	-0.002884455	-0.011856845	-0.021787358	-0.010123298	-0.712764411	0.240608407	-0.144710752	0.027108355	-0.006634082	-0.040570167	-0.007678527	-0.020870909	0.029296235	-0.085296037	0.018683018	0.005058970	-0.011171498	0.003700714	0.193133372	0.057513074	0.116933457	3.004049245	0.092818933	0.032288642	-0.071469687	0.028298672	-0.666849726	0.026524741	0.027190008	0.000921281	-0.024060079	0.038368529	-0.014318434	0.065948747	-0.089364965	0.029458319	-0.032587726	-0.001908991	0.028491350	-0.022311923	0.026934036	-0.005270651	-0.042426756	-0.013670476	-0.021999257	0.075272961	0.032380089	-0.076802954	0.014728519	0.017391969	-0.219339199	0.015749016	-0.092256304	0.000201859	-0.038407357	-0.011182461	-0.001055406	0.049098560	-0.049830132		A3*: R24*d(2)
-0.190710902	0.185998774	-0.012800666	-0.000482960	0.000370076	-0.046524778	-0.172960483	0.017678568	0.013903236	0.032149602	-0.004254566	-0.025314352	-0.007081323	0.008897473	0.018423211	-0.051000115	-0.056129220	-0.081805549	0.088083133	0.093710790	-0.031618076	0.029339632	0.117773670	-0.072904774	0.013156098	0.121489451	0.070849158	-0.135489972	0.093487547	0.266812656	0.203222837	0.020354047	-0.056544727	-0.001294872	-0.042301539	0.009397773	0.039056168	-0.474020234	0.079655611	-0.095166812	0.014405556	-0.005567813	-0.026783307	0.028262947	0.042290860	0.024124332	-0.023804624	0.017643743	-0.000192917	0.002575532	0.010031320	0.098256763	0.017221867	-0.117730436	0.092818933	2.969622578	0.022668599	-0.034653631	0.046426222	0.018127446	-0.680020258	0.063695162	0.013399081	0.033016647	-0.031640985	-0.033939571	0.054686827	-0.019767671	-0.019890157	-0.033119097	-0.000570558	-0.011916011	-0.071042750	0.036793065	-0.002627864	-0.083027844	-0.039591802	-0.085087838	0.162729160	0.081560758	0.081500072	0.058782634	-0.005700205	0.014489537	-0.033991595	0.009482412	-0.014940034	-0.028291452	0.011600279	0.003878164	-0.055392280	0.025520001		A3*: R24*d(-2)
-0.463063264	0.345785081	-0.120223148	0.056718161	-0.009728498	-0.040525645	-0.010855376	-0.049769143	-0.017201629	0.220926975	-0.044522084	-0.001720409	0.039687632	-0.015362249	0.062091017	0.000876834	0.071599949	0.179004410	0.033988044	-0.009755746	0.008402524	-0.120878778	0.148052230	0.001936234	0.123782744	-0.006349436	0.001013952	0.037353371	0.021847587	-0.043184285	0.084794654	0.018953964	-0.043585348	0.006293488	0.013877163	0.048252983	0.019301068	-0.056978655	0.003335502	-0.052328558	-0.000735898	-0.000152965	-0.038980085	0.302700046	-0.162243556	0.013682683	-0.072600124	0.014400274	0.020986916	-0.009006999	-0.009717097	-0.631635198	-0.005326833	0.059156899	0.032288642	0.022668599	1.090477470	-0.253467396	-0.103482154	0.169649444	0.104198643	-0.014052123	0.096922859	0.011946304	-0.019482948	-0.053423222	0.018131088	-0.099713786	0.010435796	0.002485224	-0.013212767	-0.018742930	-0.021559115	0.023481011	-0.019860893	-0.048595968	-0.026051201	-0.101717544	0.209646679	-0.162392322	0.028858168	0.071753038	0.008897624	-0.051487334	-0.003596627	-0.125296842	-0.110580039	-0.258313579	-0.076922446	0.161761587	0.174224963	-0.052189180		A3*: R25*d(0)
0.450834880	-0.387985130	0.141521454	-0.031750897	0.006130113	0.024257612	0.007396771	0.008486975	-0.017653746	-0.129633177	0.001977962	-0.005207105	-0.024080835	-0.004232865	-0.026296772	-0.058505677	-0.006502660	-0.086683300	0.011347344	-0.037820288	-0.119914627	-0.062287638	-0.058704357	-0.042368732	0.006376654	0.037701599	-0.027734345	0.108754671	-0.039198003	0.083355486	0.006878032	0.003369814	-0.031778659	0.008957197	0.003233939	-0.048494872	0.024181925	0.007197799	0.108591924	0.002059497	-0.004501830	0.001942074	0.171355661	-0.257780938	0.105634322	-0.060372473	0.045494130	-0.025401994	-0.026355723	0.006889574	-0.030861885	-0.028233269	-0.646816367	-0.026469946	-0.071469687	-0.034653631	-0.253467396	1.123104040	-0.125025992	0.083929646	-0.023919428	-0.028136227	-0.029363613	-0.132108124	0.055888408	0.083615226	-0.046543054	-0.057647546	0.003380965	-0.025157619	0.005201709	-0.019433700	-0.060958139	-0.009529423	0.082584502	0.241072910	0.061551099	-0.036837450	-0.233810774	-0.075116386	0.000899809	-0.135486366	-0.040153383	0.220792798	-0.100519494	0.038933311	0.065876798	0.208945171	0.053138939	0.114371939	-0.174764770	0.136263365		A3*: R25*d(1)
-0.230765853	0.143684558	-0.062849633	0.028989614	-0.006670233	-0.013901448	-0.005509625	0.078909027	-0.017393994	0.136844831	-0.021578057	0.005630163	0.036691747	0.010762373	0.090089668	-0.005527163	-0.011249710	0.135231016	0.011812069	-0.080784017	-0.108679639	0.272493365	-0.022253825	-0.063338031	-0.118124599	0.087036661	-0.166355933	-0.183249268	-0.046260651	0.009575355	-0.044528819	0.003498509	0.015343803	-0.022692632	0.048589381	-0.122442268	-0.018271825	-0.154448039	0.198989042	-0.060199391	0.013950426	-0.001075662	-0.208109794	0.163479996	0.140664061	0.016339652	-0.028595608	0.068368864	0.014059656	-0.014092647	0.012877506	0.039996742	0.002340375	-0.707196881	0.028298672	0.046426222	-0.103482154	-0.125025992	1.379033329	0.067030662	-0.151678630	0.171267214	-0.192785432	-0.001624781	0.067009094	-0.035440321	0.106779370	-0.004636609	0.030204846	-0.108052669	0.025958672	0.004709950	0.068356219	-0.067346130	-0.129116669	-0.300424982	-0.077058031	-0.151191958	-0.077699114	0.161837796	0.023406214	0.084353113	0.006912812	-0.067455199	0.004231772	-0.083769104	0.096572118	0.250751918	0.053838520	-0.123553954	0.223652464	0.194017184		A3*: R25*d(-1)
-0.236548701	0.092325248	-0.030190652	0.060841555	-0.010439873	-0.037547237	-0.009906323	-0.022893600	-0.067629709	0.243839099	-0.062742790	-0.013165645	0.050578900	-0.010968676	0.151925871	-0.044167829	0.107132313	0.207305829	0.075880610	0.110425239	-0.012096933	-0.029434184	-0.008295408	-0.095823235	0.051549398	-0.006608655	0.006080746	0.027784297	0.094293224	0.086630045	-0.022849563	0.037376173	-0.097628254	0.005600957	-0.012161417	-0.063673356	0.009737382	-0.162116901	0.258577434	-0.110771217	0.000436187	0.001785123	0.045957528	0.213549710	-0.012589604	-0.027942092	-0.072218690	-0.018538996	-0.021499143	-0.006019681	0.000771050	-0.005482913	-0.020040832	0.009797661	-0.666849726	0.018127446	0.169649444	0.083929646	0.067030662	1.125710909	0.027256087	0.039778387	0.015977361	-0.164628422	0.088771267	0.003501979	0.018008617	-0.226192487	0.035348551	-0.092564159	0.004471204	0.019733290	-0.073042518	0.014401109	-0.007126547	0.061558643	-0.006781652	0.124488136	0.084562903	-0.038914261	0.058567418	-0.024897611	-0.036326638	0.031460373	-0.102622611	0.096571918	-0.013088854	0.040372235	-0.011179625	-0.096141363	0.044723149	0.018089627		A3*: R25*d(2)
-0.130100880	0.057139108	-0.043512793	0.012512389	-0.005259008	0.092473672	-0.023634831	0.004021771	-0.005839546	0.090140757	-0.017976767	0.027554207	0.034129184	0.002403551	0.070321612	-0.009295956	0.025838749	0.113010246	-0.065203059	0.086346046	-0.155063497	-0.038334077	-0.107061599	0.239891334	0.015963353	-0.084406243	-0.009935780	0.048933143	-0.102423902	-0.226303919	-0.142846675	0.024956244	-0.093755926	0.017849302	-0.025051315	0.022350290	0.022636081	-0.227546614	0.325043685	-0.064738893	0.025978784	-0.002139115	-0.079256619	0.030056543	-0.196732822	0.080678328	-0.014073757	0.015855221	0.026528895	-0.022119605	0.010985360	0.000253332	0.003810321	0.040403473	0.026524741	-0.680020258	0.104198643	-0.023919428	-0.151678630	0.027256087	1.165525665	0.096585048	0.161735861	-0.007714341	-0.019556031	0.140018181	0.141542735	0.001664218	0.010274039	-0.024817739	-0.009505725	-0.003940047	-0.085269256	0.038032065	0.071819218	0.187501694	0.045571024	0.013992843	0.022034068	-0.187956198	0.018344996	0.117718709	0.012962374	-0.119071016	0.029333175	-0.059575415	-0.055275508	-0.121180625	-0.027859601	-0.005532681	-0.120565015	-0.085436569		A3*: R25*d(-2)
-0.232157477	0.244461924	-0.025485392	0.010944317	-0.004320946	-0.023358893	-0.141713613	0.113493965	-0.008112142	0.079182529	0.037581820	0.001385601	0.014937290	0.001962524	0.189702042	0.019967559	-0.143753688	0.183308788	0.003026854	-0.049733347	-0.084094038	0.129358664	-0.026436150	-0.038467257	-0.055251780	0.040275768	-0.217016038	-0.025115710	-0.012182706	-0.041937173	0.029209967	0.070977709	-0.073591262	-0.009186583	0.020196121	-0.078152618	0.077842508	-0.126659823	0.412787038	0.048078801	0.041571141	-0.000085811	-0.115083091	0.085797515	-0.156271859	0.012543670	-0.049816839	0.024036663	0.007491727	-0.018583682	0.011572171	0.082684151	-0.088809995	0.060451494	0.027190008	0.063695162	-0.014052123	-0.028136227	0.171267214	0.039778387	0.096585048	3.089773663	-0.071651079	-0.097680776	0.108269911	0.235907982	-0.073225251	0.000987624	0.040746701	-0.055164738	0.006140448	0.007571121	0.053282397	-0.025682267	0.132375512	0.041508098	0.015063663	-0.114958344	0.062592808	-0.159904078	0.065135705	0.123275861	0.014536037	-0.220721749	0.078300238	-0.126676638	0.139899341	0.086799093	0.014663170	-0.255493383	-0.194432947	-0.170962012		A3*: R26*f(0)
-0.070769533	0.048483707	-0.025032844	0.003890572	-0.001256771	0.062739276	0.020219552	-0.069196624	0.039823105	0.022443106	-0.054123544	0.000836040	0.002365639	0.000473218	0.014488977	0.037146500	0.127254584	0.032280251	-0.115200339	0.035702234	-0.046437426	-0.078045449	-0.000875949	0.083879369	0.011246090	-0.094816614	-0.019523257	0.055598073	-0.160528340	-0.017291974	0.017812416	-0.020461346	0.006288023	0.004849384	-0.008299647	-0.021699309	0.000200658	-0.018086270	-0.016182324	-0.019472175	-0.002507073	-0.000512461	0.090994253	0.073017767	-0.282935462	0.012864020	-0.003806856	-0.013955621	-0.004453966	-0.008656972	0.014389520	0.014760982	0.031761698	0.051591778	0.000921281	0.013399081	0.096922859	-0.029363613	-0.192785432	0.015977361	0.161735861	-0.071651079	2.990604274	0.013742321	-0.019998945	-0.010526912	0.037491826	0.006862512	0.031387028	-0.013007565	-0.003598673	0.020184631	-0.009952419	0.019523724	0.109506917	0.142918049	0.021304588	0.042273467	-0.159799644	0.026474366	0.022271866	-0.001772574	0.000063142	0.133042207	-0.045977266	-0.266609727	-0.181887754	-0.219225989	-0.034794664	-0.117436863	0.125670729	-0.128002127		A3*: R26*f(1)
0.174222327	-0.306966708	0.017169271	-0.013467951	0.005311557	-0.021814156	0.218802146	0.048929576	0.009647392	-0.068138026	0.055499029	-0.001435579	-0.013622755	0.009419692	-0.064690853	0.049455398	-0.269057037	-0.096261037	-0.066277029	0.017406787	-0.003859185	0.182115023	-0.015629692	0.027031899	-0.237625261	-0.037543503	0.148339154	-0.110780457	-0.137615802	0.092237354	-0.186821111	-0.035644199	0.050266731	-0.006006531	0.010234955	-0.087889941	-0.017986518	0.063791647	-0.354001198	-0.071234066	-0.043257348	-0.002163339	-0.016257309	0.028984828	-0.224028821	-0.012447142	0.046556970	-0.011210108	-0.006397267	0.012858209	0.020156855	-0.088501773	0.064005707	-0.000222599	-0.024060079	0.033016647	0.011946304	-0.132108124	-0.001624781	-0.164628422	-0.007714341	-0.097680776	0.013742321	3.309735942	0.028730397	-0.247348458	-0.055731240	0.204882308	-0.055155821	0.069364052	0.011894475	-0.022943430	0.077651112	0.049946135	-0.170307935	-0.144843333	-0.026646728	-0.204385487	0.046344805	-0.168427474	0.022654105	0.068909598	0.003364240	-0.027967295	0.068062441	-0.002743976	-0.257105295	-0.215859031	-0.040638902	0.135908202	-0.043274687	-0.090449347		A3*: R26*f(-1)
-0.086495715	0.166482999	-0.041041526	0.012658393	-0.004031590	0.014826664	0.031270013	0.138681290	-0.013028864	0.073924245	0.043138756	-0.003538062	0.009117572	0.003550242	0.145157657	0.028472329	-0.160065423	0.110234141	0.132849942	-0.096210133	-0.047616844	0.163473143	-0.048765953	-0.048132389	-0.049630495	0.044058039	-0.129509459	-0.148045498	-0.121343474	0.002216801	0.009589535	0.019875947	-0.013306990	-0.010943106	0.001197612	-0.121898307	0.048438575	0.036862995	-0.081197074	-0.009729738	-0.004185212	0.001103989	0.176025872	0.049509621	-0.156643312	-0.000644724	0.003225792	0.008407667	-0.003441645	-0.012830902	0.018069318	-0.002428126	0.054646794	-0.004846930	0.038368529	-0.031640985	-0.019482948	0.055888408	0.067009094	0.088771267	-0.019556031	0.108269911	-0.019998945	0.028730397	3.152903373	-0.007589295	-0.012429022	-0.155321390	-0.010702595	0.010567183	0.011296593	-0.038232760	0.096402053	-0.009284679	0.042621582	0.056304884	0.012856004	0.286674511	0.137222252	-0.005129824	-0.012698050	-0.183751005	-0.014735973	0.220175736	-0.224402827	0.072600435	-0.042070140	0.006054526	-0.004793787	0.193538956	-0.131741777	-0.014798776		A3*: R26*f(2)
0.017687645	0.105682308	0.053889856	0.003650638	-0.001428615	0.061779250	-0.204839712	0.047701143	0.028160981	-0.000885213	0.007442481	-0.000425239	0.014071837	0.002508917	0.032153008	-0.009798891	-0.039951387	0.100362335	-0.100318609	-0.028393940	0.057838576	0.033164591	-0.099751465	0.079365118	0.036969575	-0.167021389	-0.120101819	-0.153666011	0.285943079	-0.141153897	-0.145527756	0.031376865	-0.042243520	-0.004634303	-0.052427621	0.024396528	0.016485637	-0.014551943	0.394873524	0.116652770	0.041162233	0.001928899	-0.060556509	-0.266084071	-0.138215237	0.003170050	-0.034258618	-0.002279536	0.018434736	0.012021326	0.025230249	0.055372315	-0.093003654	0.010325721	-0.014318434	-0.033939571	-0.053423222	0.083615226	-0.035440321	0.003501979	0.140018181	0.235907982	-0.010526912	-0.247348458	-0.007589295	3.216792965	-0.018958351	-0.027796362	0.040120280	-0.041210165	-0.001410652	0.020085314	0.048376986	-0.034308759	0.285317272	0.243591120	0.043679720	-0.045758754	-0.073197971	-0.125644043	0.022391076	0.069658752	0.012086375	-0.157596166	-0.039333217	-0.097707457	0.186002324	0.125630130	0.027697030	0.173092823	0.069329419	0.113200040		A3*: R26*f(-2)
-0.174109112	0.191121222	-0.058394669	0.015711961	-0.004894443	0.161213376	0.040998853	0.001458575	0.063330061	0.093876763	-0.007118205	0.005426891	0.012965514	-0.004701971	0.050363930	0.047578950	0.071586034	0.224727512	-0.252037528	0.042303712	-0.098595899	-0.014782882	-0.099150832	0.219419197	-0.074790209	-0.018365807	0.063011721	0.045349036	-0.181851372	-0.252424127	-0.192902398	0.015053416	-0.005002923	0.008769960	0.008494299	0.046754673	-0.022068446	-0.010731061	-0.005279175	-0.019842753	-0.001549628	-0.000256319	-0.237247049	0.226811610	0.113486727	0.009523522	-0.005834783	0.004847062	0.027949344	-0.028848670	-0.001927353	-0.006570542	0.026809311	0.015610730	0.065948747	0.054686827	0.018131088	-0.046543054	0.106779370	0.018008617	0.141542735	-0.073225251	0.037491826	-0.055731240	-0.012429022	-0.018958351	3.100669942	-0.014690479	0.026214654	-0.019222090	-0.006635782	0.026236730	-0.122131768	0.005970437	-0.106509297	-0.101868423	-0.019914622	-0.076783250	-0.063192137	0.105425569	0.063098085	-0.071028892	-0.002755628	-0.020327010	-0.158525918	0.123980282	0.029969712	0.026496248	0.006504386	-0.031889686	0.045292530	0.067413981		A3*: R26*f(3)
0.373667581	-0.408824465	0.109550906	-0.021283002	0.008030037	0.037347619	0.071870330	0.013351878	0.043062854	-0.145800013	0.040431099	0.003708343	-0.012057174	0.000007126	-0.100213285	0.098838983	-0.156191904	-0.201675273	-0.220075856	-0.102994393	-0.000729590	0.039947621	0.005249622	0.150092439	0.079554135	0.056334318	-0.164690738	0.004931417	-0.135501885	-0.157086436	0.010294319	-0.041150982	0.055322817	0.001785599	0.004232409	0.051030631	-0.037725862	0.112109900	-0.139675239	0.032527432	-0.021705928	-0.000411081	-0.196791496	-0.313564805	-0.004230324	-0.026006375	0.040601714	-0.014018042	0.029391806	0.038612925	-0.000857455	-0.041826312	0.019720599	-0.035695241	-0.089364965	-0.019767671	-0.099713786	-0.057647546	-0.004636609	-0.226192487	0.001664218	0.000987624	0.006862512	0.204882308	-0.155321390	-0.027796362	-0.014690479	3.119464740	-0.043385856	0.053050164	-0.000862485	-0.053111621	0.044876002	-0.002104793	-0.056026297	-0.051024827	-0.007097721	0.167095878	0.088956159	0.084734611	0.012700321	0.143393435	0.013681483	-0.128715653	0.058053379	-0.111300846	-0.017483200	-0.004234886	-0.002484486	-0.115390168	0.004369684	-0.026980401		A3*: R26*f(-3)
0.127369952	0.019491921	0.058952624	-0.021343154	0.056064044	-0.170363189	0.245189763	0.188444056	-0.007252898	0.018659068	-0.008458616	-0.020103978	0.008679914	0.028402841	0.014611077	-0.026403459	-0.010359192	-0.001478587	0.003483590	-0.027262843	0.075181455	-0.128538103	-0.005778579	0.078175329	-0.100219574	-0.101326949	0.186012392	-0.063820339	-0.281557417	0.121607785	0.056325045	0.218145459	-0.010740594	0.013968052	-0.008577150	-0.054786789	0.036233294	-0.205879327	0.431786216	0.024556103	0.003333973	0.003176850	-0.059139557	0.245829307	-0.104324137	-0.024925357	0.007393246	0.031004934	0.001347786	-0.016847193	0.004775602	0.020427114	-0.025181400	0.048568094	0.029458319	-0.019890157	0.010435796	0.003380965	0.030204846	0.035348551	0.010274039	0.040746701	0.031387028	-0.055155821	-0.010702595	0.040120280	0.026214654	-0.043385856	1.183497893	0.832224579	0.085957844	0.089331956	-0.118585688	-0.145108506	-0.002821035	-0.022877640	-0.005692534	-0.005632793	-0.039232014	0.022514997	0.000501593	0.047183541	-0.008621480	-0.018679527	0.059174937	0.015031228	0.095832751	0.033267532	-0.000705516	-0.019655142	0.029155347	0.006260169		A4*: R27*s(0)
0.108665702	-0.069555721	0.114429691	-0.086826199	0.068098903	-0.156613277	0.222695377	0.262458201	-0.081626206	0.098572358	0.124180523	-0.082610120	0.090602027	0.109302603	-0.002011532	-0.067084889	0.047392372	-0.065504521	-0.030516081	-0.063103867	0.221398581	-0.279027249	0.042648553	0.238794584	-0.102093442	-0.159603509	0.132014037	-0.015401432	-0.230491848	0.095134242	0.053362828	-0.010852559	-0.075334470	0.001687230	-0.051687352	0.193760349	0.006900488	0.149196376	-0.161066777	0.123887805	-0.016648414	0.000378030	0.014120938	0.040879756	-0.043772988	-0.022783306	0.093071859	0.011402453	0.003197045	0.005131611	-0.024075520	0.010650616	-0.021107878	-0.047607357	-0.032587726	-0.033119097	0.002485224	-0.025157619	-0.108052669	-0.092564159	-0.024817739	-0.055164738	-0.013007565	0.069364052	0.010567183	-0.041210165	-0.019222090	0.053050164	0.832224579	1.113074517	0.262594922	-0.101879979	0.089156043	0.156282968	-0.022830614	-0.029324101	0.011096528	-0.016032944	0.071182053	-0.007978262	-0.082770064	-0.093056387	0.008467123	0.024234937	0.042793385	0.049929220	0.033455341	-0.065067062	0.001645077	0.003700349	0.004444170	-0.022900399		A4*: R28*s(0)
0.118160823	-0.092987835	0.022058347	-0.353549471	-0.351358118	-0.000153697	0.014336487	-0.000542186	-0.009347528	0.037590078	0.013762620	-0.189134689	0.245877814	0.268003319	0.008665825	-0.039901458	0.046865862	-0.016649705	-0.036411583	-0.028219246	0.059626567	-0.077830636	-0.005415301	0.045709716	-0.019608093	-0.021343945	0.022839318	-0.006783875	-0.044618113	0.019809364	0.010899753	0.013955215	0.001665656	-0.058373263	0.004391440	-0.016409530	-0.000317784	0.012379372	0.020378017	-0.010974752	-0.043585604	-0.011677464	-0.000787206	0.013385854	-0.005259360	-0.006258320	-0.013445104	0.032297556	0.011045327	0.061456218	-0.043141058	-0.003574997	0.001852183	-0.002577422	-0.001908991	-0.000570558	-0.013212767	0.005201709	0.025958672	0.004471204	-0.009505725	0.006140448	-0.003598673	0.011894475	0.011296593	-0.001410652	-0.006635782	-0.000862485	0.085957844	0.262594922	-0.195898778	0.016975632	-0.028597124	-0.027439662	-0.005690705	0.011093138	-0.007242129	0.003098936	-0.007944407	-0.000854585	0.008947455	0.013403593	-0.012870833	0.001421536	0.003631547	-0.000661036	-0.000716690	0.001620275	-0.023200174	0.001764607	-0.003226782	-0.003464881		A4: R29*s(0)
-0.083308710	-0.050169141	-0.104600401	0.011688463	-0.006644039	-0.002810662	-0.135495653	-0.127642797	0.084273474	-0.056301425	-0.077772019	-0.013122864	-0.013208293	-0.017041577	0.001819370	0.093282333	-0.079371794	0.029952388	0.067042466	0.127357445	0.008355623	0.151388885	-0.134544631	-0.018154721	-0.110664085	0.073308291	-0.186294166	0.274270189	-0.061775735	-0.085354406	0.175219077	0.018864534	-0.004283673	0.000592038	-0.039675413	-0.028404266	0.002573309	-0.132719965	0.060326848	-0.040272819	0.002128054	-0.000811474	0.001303960	-0.017108208	0.008450656	0.000154125	-0.012555610	-0.003098150	-0.001300187	-0.000408243	0.013314366	-0.044364166	-0.026942045	0.004445269	0.028491350	-0.011916011	-0.018742930	-0.019433700	0.004709950	0.019733290	-0.003940047	0.007571121	0.020184631	-0.022943430	-0.038232760	0.020085314	0.026236730	-0.053111621	0.089331956	-0.101879979	0.016975632	2.033299115	-0.191230860	-0.212084536	-0.001654734	0.013810139	-0.002159483	0.029176523	0.000502996	0.025644552	-0.052478358	-0.022479630	-0.003415608	0.017892578	-0.068114488	-0.076808034	-0.010489190	0.006220700	0.000946720	-0.041766342	-0.023859655	0.014667130		A4*: R30*p(0)
0.051705527	0.134090046	0.055231568	-0.008452989	0.008250117	-0.071860164	0.149207296	0.074094077	-0.031987821	0.127529139	0.019345739	-0.013033692	-0.012435092	0.019221919	-0.047318124	-0.076929003	0.188640790	-0.092016878	-0.137251677	-0.210899511	0.219321987	0.075693453	-0.083028113	-0.021233785	0.026513236	-0.162140461	0.045339198	0.159383104	-0.066552947	-0.066526053	0.093089918	-0.061224433	0.182223492	-0.015464982	-0.019186643	0.105884829	-0.039437838	0.378619385	-0.343556596	0.058639549	-0.007697146	0.003943455	0.054101439	-0.025608510	-0.060334707	-0.028450407	0.049823567	0.032285139	-0.002025909	0.002450137	-0.003761761	-0.004207111	-0.040111329	0.044766305	-0.022311923	-0.071042750	-0.021559115	-0.060958139	0.068356219	-0.073042518	-0.085269256	0.053282397	-0.009952419	0.077651112	0.096402053	0.048376986	-0.122131768	0.044876002	-0.118585688	0.089156043	-0.028597124	-0.191230860	2.306771650	0.192303700	0.037279906	-0.071751632	0.008184608	-0.013630305	0.006690868	0.027577073	-0.059054403	-0.021244601	0.005864713	0.042167655	-0.061352625	-0.114268681	-0.029092670	-0.011753011	0.001981876	-0.019786450	0.109592570	-0.010882162		A4*: R30*p(1)
0.073190938	0.053830899	0.112494442	-0.016026147	0.008835009	-0.149588836	0.151409007	0.141474676	-0.097969166	0.093870988	0.184625919	-0.014442118	0.021789234	-0.004280134	0.079288530	-0.135118742	0.089396582	-0.036372361	-0.076805663	0.171989248	0.059543575	-0.167069490	0.040418221	0.178031267	-0.185383590	0.030888656	-0.153053117	0.000905741	-0.115957680	0.104901921	0.082497189	-0.016202554	-0.083525118	0.006942680	-0.007164688	-0.019410073	-0.027122518	-0.016626072	0.050464376	-0.028674769	-0.004051091	-0.000766875	-0.017292292	0.029913907	0.033541545	0.010613910	-0.021067309	-0.018727197	0.011267234	0.000934278	-0.023413238	0.028274176	-0.011797783	-0.091009502	0.026934036	0.036793065	0.023481011	-0.009529423	-0.067346130	0.014401109	0.038032065	-0.025682267	0.019523724	0.049946135	-0.009284679	-0.034308759	0.005970437	-0.002104793	-0.145108506	0.156282968	-0.027439662	-0.212084536	0.192303700	2.217531165	-0.026101848	0.006898758	0.001315043	0.019458314	0.032891383	-0.023402572	-0.026459008	-0.010656908	0.007439098	-0.008560302	-0.045818251	-0.052894154	0.018391273	-0.019463828	-0.004552012	0.020795204	-0.054951820	-0.051684825		A4*: R30*p(-1)
-0.205127801	0.432025339	0.024500332	0.003327372	0.003177619	-0.011890576	-0.264271535	0.069461374	0.013030291	-0.010458407	-0.036844548	-0.002400406	0.016572360	-0.005284565	0.020679710	-0.026218256	0.053401941	0.024278123	-0.010895870	0.010493339	0.004435761	0.026233550	0.039493092	0.002796681	0.009168909	-0.018042265	0.073000218	-0.022238773	-0.042039927	-0.010856491	0.043134109	0.095773667	0.033342840	-0.000706244	0.005876988	-0.032734006	-0.012997482	0.127195465	0.019986082	0.059014661	-0.021360955	0.056080712	0.148719988	-0.250744668	-0.199102530	-0.002738474	-0.021296415	0.003480975	0.014122089	-0.010252941	-0.031367333	0.025523192	-0.016013997	-0.009429509	-0.005270651	-0.002627864	-0.019860893	0.082584502	-0.129116669	-0.007126547	0.071819218	0.132375512	0.109506917	-0.170307935	0.042621582	0.285317272	-0.106509297	-0.056026297	-0.002821035	-0.022830614	-0.005690705	-0.001654734	0.037279906	-0.026101848	1.183952842	0.832264743	0.086003921	-0.108771024	0.113506946	0.135522222	0.000428482	0.047147200	-0.008617988	0.024916550	-0.057559138	-0.011955099	0.218108435	-0.010951755	0.013970569	0.000909079	0.052708383	-0.039995756		A5*: R31*s(0)
0.149011830	-0.161447981	0.123818986	-0.016645182	0.000377327	-0.009143252	-0.039571506	0.046161306	0.033483702	-0.090257352	-0.006175325	-0.014331909	-0.008025477	0.018610776	0.005314661	-0.032267330	-0.024534597	-0.055696087	0.014620821	-0.004386293	-0.036035158	-0.092204642	-0.107575679	0.010323847	0.001145503	0.000387582	-0.081971925	0.033217681	0.054968664	0.021073436	-0.041653977	0.033439128	-0.065030883	0.001647172	-0.013466631	-0.006977389	0.018100449	0.108834446	-0.069422498	0.114414070	-0.086821133	0.068074380	0.202564991	-0.210638501	-0.239772896	0.089168245	-0.096568784	-0.120452126	0.074288452	-0.092741280	-0.113364802	0.007289096	-0.051776844	0.023280916	-0.042426756	-0.083027844	-0.048595968	0.241072910	-0.300424982	0.061558643	0.187501694	0.041508098	0.142918049	-0.144843333	0.056304884	0.243591120	-0.101868423	-0.051024827	-0.022877640	-0.029324101	0.011093138	0.013810139	-0.071751632	0.006898758	0.832264743	1.112743749	0.262566457	0.098797950	-0.089986129	-0.157876020	-0.082807528	-0.093076591	0.008482245	0.067237377	-0.018965340	-0.005013521	-0.010975602	-0.075316583	0.001685663	0.054814887	-0.192931254	-0.005414374		A5*: R32*s(0)
0.012403718	0.020341776	-0.010992819	-0.043582590	-0.011681746	0.000959249	-0.013327961	0.005335039	0.015582066	0.015877889	-0.027709870	-0.002120544	-0.059124653	0.047525241	-0.002334318	0.002788069	-0.001549712	-0.003304911	0.000477007	-0.011482408	0.006934864	0.025733055	0.004261077	-0.011175638	-0.007022715	0.002859230	-0.010216755	-0.011694752	0.003316180	0.007518708	-0.000230626	-0.000718482	0.001624693	-0.023196510	-0.002948128	0.002920062	0.002882855	0.118302921	-0.092747561	0.022048926	-0.353518088	-0.351323134	0.005205044	-0.013008227	0.003038793	0.020306667	-0.034735287	-0.008374001	0.198752569	-0.243340548	-0.263265183	0.006855380	-0.041045139	0.044481925	-0.013670476	-0.039591802	-0.026051201	0.061551099	-0.077058031	-0.006781652	0.045571024	0.015063663	0.021304588	-0.026646728	0.012856004	0.043679720	-0.019914622	-0.007097721	-0.005692534	0.011096528	-0.007242129	-0.002159483	0.008184608	0.001315043	0.086003921	0.262566457	-0.195889689	-0.023019985	0.027025118	0.024469747	0.008944678	0.013424410	-0.012880045	0.001695305	-0.002820603	0.002196743	0.013948511	0.001668697	-0.058370326	-0.004433359	0.016391357	0.000309015		A5: R33*s(0)
0.067561956	-0.066814701	-0.019521879	-0.004972029	0.000562710	0.010419916	0.001853574	0.003939825	-0.004930160	0.000541253	-0.001169456	-0.004765757	-0.000884782	0.013107674	0.052181735	0.004940154	-0.007589261	-0.030738097	0.029169974	0.033153487	-0.012128662	-0.007354647	-0.030728233	-0.006528204	-0.001316303	-0.030817376	-0.029442417	-0.040543243	0.012833751	0.028395447	-0.020112473	-0.003280301	-0.015995505	-0.002126738	-0.038195214	-0.003317451	0.009567873	0.031161601	0.067306322	0.051073566	-0.009235330	0.006399424	0.016094062	-0.133980936	-0.130066439	0.093129731	-0.077983478	-0.079867943	-0.013797463	-0.014003056	-0.013496091	0.009409871	-0.109735320	0.083298396	-0.021999257	-0.085087838	-0.101717544	-0.036837450	-0.151191958	0.124488136	0.013992843	-0.114958344	0.042273467	-0.204385487	0.286674511	-0.045758754	-0.076783250	0.167095878	-0.005632793	-0.016032944	0.003098936	0.029176523	-0.013630305	0.019458314	-0.108771024	0.098797950	-0.023019985	2.046231647	-0.209489141	-0.211525134	-0.071083262	-0.028273392	0.006102996	-0.121591008	0.068435398	0.075760824	-0.026508704	0.007430960	-0.000623432	-0.039000610	-0.031373305	-0.001155486		A5*: R34*p(0)
-0.394823801	0.342621975	-0.074128087	0.006960279	-0.004006693	0.029628201	-0.027627167	-0.074690769	-0.032148568	0.052607658	0.031650661	0.004052065	0.004137503	-0.000389738	0.025679604	0.056191671	-0.056662339	0.028472842	0.040311669	0.035542601	0.061758150	-0.065126430	0.063413993	0.082578228	0.083508093	-0.021812509	0.100848766	0.054786970	0.051670366	-0.120357034	0.029169804	0.025520815	0.009270466	-0.002284527	-0.040136534	0.109390344	-0.022694102	-0.064810408	-0.129920730	-0.069177063	0.009081650	-0.008311595	-0.111904259	0.137886674	0.051374631	-0.033455620	0.120948597	0.016941726	-0.012636386	-0.012496095	0.020417146	0.053223652	0.071193088	-0.170615001	0.075272961	0.162729160	0.209646679	-0.233810774	-0.077699114	0.084562903	0.022034068	0.062592808	-0.159799644	0.046344805	0.137222252	-0.073197971	-0.063192137	0.088956159	-0.039232014	0.071182053	-0.007944407	0.000502996	0.006690868	0.032891383	0.113506946	-0.089986129	0.027025118	-0.209489141	2.296392278	0.181871637	0.026974496	0.008031356	-0.005168693	0.036812515	-0.017940525	-0.059550013	0.059093472	-0.181457654	0.015457447	-0.020326028	0.104799633	-0.040995301		A5*: R34*p(1)
-0.015391157	-0.053480535	-0.000655338	0.002658993	0.000646169	-0.022702401	0.036667624	0.026489749	0.010839931	-0.013925172	-0.016439838	0.013391574	0.001692248	-0.021633975	-0.014702868	0.012213415	0.082679330	-0.023340409	-0.048270669	-0.014064663	-0.003922553	0.067058111	-0.021426255	-0.043014098	-0.016960320	-0.003597747	0.050977520	-0.024420484	-0.041381109	0.003738968	0.007082287	-0.025189711	0.014640475	0.003966270	0.020786447	-0.045325199	-0.055051396	-0.098489286	-0.045741030	-0.138813002	0.017221056	-0.008954943	-0.153487484	0.148722454	0.133799440	-0.096088991	0.082597687	0.182411994	-0.016805231	0.020861728	-0.003542825	-0.073289303	0.125651307	-0.080152248	0.032380089	0.081560758	-0.162392322	-0.075116386	0.161837796	-0.038914261	-0.187956198	-0.159904078	0.026474366	-0.168427474	-0.005129824	-0.125644043	0.105425569	0.084734611	0.022514997	-0.007978262	-0.000854585	0.025644552	0.027577073	-0.023402572	0.135522222	-0.157876020	0.024469747	-0.211525134	0.181871637	2.214999707	-0.034179207	-0.014248983	-0.006127592	-0.034172096	0.032305335	0.043036699	0.012530139	0.085051428	-0.006950108	-0.002152726	-0.019716600	-0.026710667		A5*: R34*p(-1)
0.752024826	-0.441271864	0.075993218	-0.006215982	0.023686883	-0.038491271	-0.094643978	-0.008385902	-0.078855468	-0.046314466	-0.035450829	0.003002714	0.005953954	0.000827572	0.061250682	-0.037876783	-0.051669523	0.015803116	-0.131075690	0.028268551	0.000152696	0.024697035	0.057239863	0.021222032	0.053574653	0.019128439	0.042012372	-0.026788974	0.017334825	0.049623815	0.039389239	0.000227074	-0.082951083	0.008939766	-0.057759963	-0.057650838	-0.016435956	0.752805255	-0.439475919	0.076136739	-0.006196354	0.023704146	-0.064361656	0.068069655	-0.042123991	-0.086679124	0.003273332	-0.045810054	0.004570105	-0.003990953	0.002890188	0.022164961	-0.101157667	0.045208678	-0.076802954	0.081500072	0.028858168	0.000899809	0.023406214	0.058567418	0.018344996	0.065135705	0.022271866	0.022654105	-0.012698050	0.022391076	0.063098085	0.012700321	0.000501593	-0.082770064	0.008947455	-0.052478358	-0.059054403	-0.026459008	0.000428482	-0.082807528	0.008944678	-0.071083262	0.026974496	-0.034179207	1.194283135	0.852924567	0.014092206	0.401981960	0.104482407	0.197340990	0.000133558	-0.082968209	0.008938844	-0.065803070	0.025583885	-0.044215986		A6*: R35*s(0)
0.003154633	0.075975755	0.133170436	-0.023370649	0.045596886	-0.175214307	-0.208376848	-0.065680368	-0.076997498	0.001501950	-0.040420712	-0.043566752	-0.029434229	-0.019154382	0.030802514	0.009095432	-0.006271390	0.056381791	-0.037031634	0.118647952	-0.059436449	-0.031950911	0.086300328	-0.137503444	0.157077145	0.073369948	0.030217750	-0.012120018	-0.086831770	0.141914371	-0.158966191	0.047200065	-0.093003746	0.013459296	-0.023572186	-0.020865684	-0.008164664	0.003168132	0.076087966	0.133200846	-0.023426095	0.045636157	-0.224832052	0.104598434	-0.130753495	-0.070503624	-0.039820615	-0.031995049	-0.049128182	0.005368664	-0.026365555	0.013184519	-0.019354024	0.037401760	0.014728519	0.058782634	0.071753038	-0.135486366	0.084353113	-0.024897611	0.117718709	0.123275861	-0.001772574	0.068909598	-0.183751005	0.069658752	-0.071028892	0.143393435	0.047183541	-0.093056387	0.013403593	-0.022479630	-0.021244601	-0.010656908	0.047147200	-0.093076591	0.013424410	-0.028273392	0.008031356	-0.014248983	0.852924567	1.058836859	0.153147539	-0.064410950	-0.016647070	-0.031659163	0.047112407	-0.093057033	0.013469373	-0.026837900	0.007734091	-0.016567392		A6*: R36*s(0)
0.094082678	-0.071675755	-0.022107521	-0.183368852	-0.169140952	0.007431130	0.000891089	0.003806081	-0.025301448	0.003058401	-0.013599976	-0.200776805	-0.141723350	-0.087377077	-0.007718862	0.010118124	0.008814000	0.006403416	0.019484798	0.019110984	-0.023618670	-0.018422299	-0.012125491	-0.042582250	0.012916628	0.007848640	0.008266322	-0.000738464	-0.009751958	0.016720262	-0.010201477	-0.008638230	0.008461988	-0.012833466	0.004648999	0.003921429	-0.008023771	0.094252768	-0.071535766	-0.022082911	-0.183489909	-0.169292296	0.007130919	0.002907365	0.003371087	-0.022395457	-0.015430739	-0.009807416	-0.228058667	0.030306247	-0.123156952	-0.003095714	0.017621637	-0.002667342	0.017391969	-0.005700205	0.008897624	-0.040153383	0.006912812	-0.036326638	0.012962374	0.014536037	0.000063142	0.003364240	-0.014735973	0.012086375	-0.002755628	0.013681483	-0.008621480	0.008467123	-0.012870833	-0.003415608	0.005864713	0.007439098	-0.008617988	0.008482245	-0.012880045	0.006102996	-0.005168693	-0.006127592	0.014092206	0.153147539	-0.301800304	0.062303280	0.016196955	0.030566096	-0.008637469	0.008483012	-0.012863440	-0.002010218	-0.003234771	0.009326113		A6: R37*s(0)
0.516325600	-0.517852222	-0.002179945	-0.007229131	-0.003008471	0.104794846	0.226916651	0.053851096	0.065784958	-0.024644813	0.004207673	0.000984791	0.005229494	0.008755539	0.011196258	-0.041552608	-0.079942617	-0.136659913	-0.141708640	-0.080738405	0.111981771	0.036530049	-0.103503373	0.126693907	-0.142181414	0.024575285	-0.093943952	0.020568037	0.170086868	-0.220658731	-0.010347608	0.007328722	0.058880054	0.000640873	-0.084241440	-0.069324619	-0.004405867	0.549620609	-0.648392362	-0.005212334	-0.004251510	-0.003351950	0.252924088	-0.185359331	0.183456165	0.058490552	0.033545336	-0.006702599	0.004229117	0.002316992	0.010812664	-0.018150794	-0.095269120	-0.015920579	-0.219339199	0.014489537	-0.051487334	0.220792798	-0.067455199	0.031460373	-0.119071016	-0.220721749	0.133042207	-0.027967295	0.220175736	-0.157596166	-0.020327010	-0.128715653	-0.018679527	0.024234937	0.001421536	0.017892578	0.042167655	-0.008560302	0.024916550	0.067237377	0.001695305	-0.121591008	0.036812515	-0.034172096	0.401981960	-0.064410950	0.062303280	2.504628685	0.116088185	0.377566433	-0.001408103	0.032880423	0.002437953	0.011049868	-0.031927187	-0.005845995		A6*: R38*p(0)
0.240898405	-0.568714643	-0.009847354	0.007771766	-0.001883193	0.264953369	0.324261862	0.091546834	0.011124306	0.027557576	0.010260702	0.012131780	-0.005116084	0.004877394	0.001162860	-0.021334390	-0.065523618	-0.049328464	-0.111195826	-0.111937488	0.086864274	0.070172302	0.016980402	0.188593168	-0.214900807	-0.116673979	-0.039972703	0.071700991	0.148871820	-0.101995309	0.275419737	0.052835220	0.034633410	0.003813735	-0.060931425	-0.031061070	-0.014473613	0.035694176	0.265177230	0.008163028	-0.010780556	0.000236461	-0.223413789	0.079971455	-0.133396887	-0.002176347	0.039866484	0.001831974	-0.004549518	-0.010419951	-0.003215337	0.002323112	0.005892931	-0.016390821	0.015749016	-0.033991595	-0.003596627	-0.100519494	0.004231772	-0.102622611	0.029333175	0.078300238	-0.045977266	0.068062441	-0.224402827	-0.039333217	-0.158525918	0.058053379	0.059174937	0.042793385	0.003631547	-0.068114488	-0.061352625	-0.045818251	-0.057559138	-0.018965340	-0.002820603	0.068435398	-0.017940525	0.032305335	0.104482407	-0.016647070	0.016196955	0.116088185	2.283623292	-0.005291548	-0.051335322	-0.010692671	-0.003000764	0.038733953	-0.001930968	0.021982294		A6*: R38*p(1)
0.239861256	-0.199681646	-0.000039680	-0.004748473	-0.001339559	0.049308268	0.071728490	-0.036084647	-0.000163441	-0.008318120	0.064348437	0.007863453	0.001251353	-0.012989579	-0.030321510	-0.051805379	-0.052993476	-0.040410830	-0.056996618	-0.134121066	-0.041870213	-0.019059097	0.010236292	0.038938242	0.032885130	-0.238337397	-0.163108292	-0.001594775	-0.093968390	-0.013160757	0.064432445	-0.035040154	-0.015910362	0.000788191	0.076648751	0.107778386	0.018346684	0.283490716	-0.372796618	-0.003634339	-0.000900899	-0.001780826	0.188003672	-0.113537323	0.059865579	-0.002371024	0.020591755	0.059721808	0.011644169	0.000406030	-0.010911420	-0.049385398	-0.083971224	-0.015538304	-0.092256304	0.009482412	-0.125296842	0.038933311	-0.083769104	0.096571918	-0.059575415	-0.126676638	-0.266609727	-0.002743976	0.072600435	-0.097707457	0.123980282	-0.111300846	0.015031228	0.049929220	-0.000661036	-0.076808034	-0.114268681	-0.052894154	-0.011955099	-0.005013521	0.002196743	0.075760824	-0.059550013	0.043036699	0.197340990	-0.031659163	0.030566096	0.377566433	-0.005291548	1.953980675	0.037958955	0.060910427	0.000714826	-0.128729888	0.060681677	-0.106185857		A6*: R38*p(-1)
-0.205504078	0.432001020	0.024580811	0.003322705	0.003181485	0.022669869	-0.272554844	0.003343782	-0.023509717	-0.001695625	0.033015090	-0.003997940	0.016936648	-0.002229208	0.045521741	-0.024339313	-0.019384372	0.028727563	0.029333291	0.021611248	0.006782435	0.000580536	0.039763784	0.017288682	-0.021501533	0.033276537	0.054490841	-0.053360287	-0.032265355	0.000436650	0.039834980	-0.002527218	-0.022910704	-0.005674242	-0.018334700	0.041249061	0.005923032	0.126394903	0.020965776	0.058861779	-0.021349366	0.056085616	-0.101675379	-0.190709107	0.278978551	-0.000815344	-0.021710344	-0.000162838	-0.018388897	-0.002449735	0.030739389	0.007468527	-0.025677979	0.009203388	0.000201859	-0.014940034	-0.110580039	0.065876798	0.096572118	-0.013088854	-0.055275508	0.139899341	-0.181887754	-0.257105295	-0.042070140	0.186002324	0.029969712	-0.017483200	0.095832751	0.033455341	-0.000716690	-0.010489190	-0.029092670	0.018391273	0.218108435	-0.010975602	0.013948511	-0.026508704	0.059093472	0.012530139	0.000133558	0.047112407	-0.008637469	-0.001408103	-0.051335322	0.037958955	1.183866760	0.832506041	0.085996537	0.059093950	0.073162724	-0.184835685		A7*: R39*s(0)
0.149158951	-0.161669882	0.123821973	-0.016612343	0.000371834	0.028276817	-0.048721366	-0.025272209	0.005019014	-0.083529531	0.048213896	0.006043238	-0.012873991	-0.020337561	-0.013661890	-0.037465326	0.016017790	-0.055315566	-0.008696052	-0.049621450	-0.041891929	0.031599671	-0.113280120	-0.058613059	0.021916317	-0.016741697	-0.066962138	0.059099308	0.051865354	0.006157410	-0.039819697	-0.022917924	-0.029373755	0.011095925	0.006145441	-0.069727578	0.021329278	0.109277283	-0.069860952	0.114501552	-0.086912935	0.068066083	-0.099608639	-0.138098079	0.337204933	-0.056343559	-0.061669431	0.157360817	-0.058792515	-0.060829409	0.140805101	0.044012847	-0.046698361	-0.075008149	-0.038407357	-0.028291452	-0.258313579	0.208945171	0.250751918	0.040372235	-0.121180625	0.086799093	-0.219225989	-0.215859031	0.006054526	0.125630130	0.026496248	-0.004234886	0.033267532	-0.065067062	0.001620275	0.006220700	-0.011753011	-0.019463828	-0.010951755	-0.075316583	0.001668697	0.007430960	-0.181457654	0.085051428	-0.082968209	-0.093057033	0.008483012	0.032880423	-0.010692671	0.060910427	0.832506041	1.113002537	0.262651436	-0.080485924	-0.046827652	0.184314729		A7*: R40*s(0)
0.012337530	0.020403924	-0.011017990	-0.043472256	-0.011616978	0.003527786	-0.013945142	0.000414798	-0.011909489	0.022565190	0.024771825	0.031327838	-0.067080555	-0.016393884	-0.004235642	0.001473939	-0.000805533	-0.002409552	-0.000217724	0.005186348	0.008204707	-0.023973990	0.007253319	0.016223993	0.010068591	-0.003946268	0.004675010	0.011980303	0.003418590	-0.008440911	0.000162543	-0.005680454	0.011097045	-0.007298667	0.000662351	0.007497742	-0.004063565	0.118299304	-0.092714840	0.021989795	-0.353533097	-0.351364340	0.004130689	-0.012753661	0.005080395	0.001352218	-0.030239049	0.027886165	-0.124256246	-0.165962949	0.353649570	0.043254088	-0.034384942	-0.046461802	-0.011182461	0.011600279	-0.076922446	0.053138939	0.053838520	-0.011179625	-0.027859601	0.014663170	-0.034794664	-0.040638902	-0.004793787	0.027697030	0.006504386	-0.002484486	-0.000705516	0.001645077	-0.023200174	0.000946720	0.001981876	-0.004552012	0.013970569	0.001685663	-0.058370326	-0.000623432	0.015457447	-0.006950108	0.008938844	0.013469373	-0.012863440	0.002437953	-0.003000764	0.000714826	0.085996537	0.262651436	-0.195879820	0.009425574	0.019303785	-0.037439106		A7: R41*s(0)
-0.014419186	-0.046527083	-0.019365496	0.000020598	0.000437409	0.010603523	0.023465090	-0.021960894	-0.007772274	-0.003039691	0.009177569	-0.003135878	0.004062426	0.012243612	-0.017777948	-0.037658683	-0.051770839	0.015108224	0.028722668	0.003470984	-0.032402715	-0.050030529	-0.000722011	0.014646029	0.010709250	0.033142520	0.024214661	-0.008914210	-0.033137203	-0.020354494	0.017506142	0.011158701	-0.008435122	0.000280140	0.019560605	0.019539802	0.030003913	-0.069017088	-0.011200326	-0.090450925	0.009668286	-0.004445357	-0.035459792	0.036029717	-0.135821240	0.071916514	0.010598519	-0.086614235	-0.019264903	0.006757926	-0.015374572	-0.037739560	0.070337415	0.030382044	-0.001055406	0.003878164	0.161761587	0.114371939	-0.123553954	-0.096141363	-0.005532681	-0.255493383	-0.117436863	0.135908202	0.193538956	0.173092823	-0.031889686	-0.115390168	-0.019655142	0.003700349	0.001764607	-0.041766342	-0.019786450	0.020795204	0.000909079	0.054814887	-0.004433359	-0.039000610	-0.020326028	-0.002152726	-0.065803070	-0.026837900	-0.002010218	0.011049868	0.038733953	-0.128729888	0.059093950	-0.080485924	0.009425574	1.968109760	0.025023426	-0.185605910		A7*: R42*p(0)
-0.374637746	0.337433412	-0.073928865	0.005722654	-0.003972462	-0.046778327	-0.015086608	0.077688883	0.013443446	0.042409902	-0.056545953	0.005069497	0.002618927	-0.002886818	-0.054105371	0.020249664	0.078399636	0.040100373	-0.037904356	-0.052620886	0.033196815	0.118788580	0.066033224	-0.024772862	-0.040499028	0.003163510	-0.087277402	-0.145631804	0.009972486	0.037322883	0.059641807	-0.043169470	0.069094231	-0.007255782	0.030448282	-0.008180763	-0.022316448	-0.040644213	-0.111472649	-0.035222975	0.004549449	-0.005715076	-0.026356554	0.079331420	-0.086896653	-0.015049030	0.096601572	-0.007027910	0.007765203	-0.022025014	-0.015644794	-0.057536157	0.017666451	0.197623101	0.049098560	-0.055392280	0.174224963	-0.174764770	0.223652464	0.044723149	-0.120565015	-0.194432947	0.125670729	-0.043274687	-0.131741777	0.069329419	0.045292530	0.004369684	0.029155347	0.004444170	-0.003226782	-0.023859655	0.109592570	-0.054951820	0.052708383	-0.192931254	0.016391357	-0.031373305	0.104799633	-0.019716600	0.025583885	0.007734091	-0.003234771	-0.031927187	-0.001930968	0.060681677	0.073162724	-0.046827652	0.019303785	0.025023426	2.188423463	-0.236658121		A7*: R42*p(1)
0.140514137	-0.091850993	-0.001106062	-0.006838205	0.000880299	0.009987151	-0.012145408	0.013150089	-0.000773387	-0.002800556	-0.003669156	0.011186622	-0.007985156	-0.021751824	-0.020032729	-0.040953104	0.059592022	-0.006042702	-0.018448059	-0.005965566	-0.034252776	0.019333603	-0.019110219	-0.027986796	0.047411113	0.013445399	-0.012126518	0.062360555	0.037441851	-0.031746735	-0.027793918	-0.009449707	-0.022454892	0.004520311	0.020655890	-0.030087018	0.000766791	0.092339481	0.104873713	0.131359315	-0.018743692	0.011738913	-0.107328942	-0.163159059	0.243174902	-0.072720889	-0.082541419	0.228138464	-0.012280822	-0.017319679	0.011541030	0.171229800	-0.139377486	-0.154656249	-0.049830132	0.025520001	-0.052189180	0.136263365	0.194017184	0.018089627	-0.085436569	-0.170962012	-0.128002127	-0.090449347	-0.014798776	0.113200040	0.067413981	-0.026980401	0.006260169	-0.022900399	-0.003464881	0.014667130	-0.010882162	-0.051684825	-0.039995756	-0.005414374	0.000309015	-0.001155486	-0.040995301	-0.026710667	-0.044215986	-0.016567392	0.009326113	-0.005845995	0.021982294	-0.106185857	-0.184835685	0.184314729	-0.037439106	-0.185605910	-0.236658121	2.400898092		A7*: R42*p(-1)